k1,k2,sk,lb,ub,pval
0,0,0.038005,0.028669,0.038479,0.96125
1,0,0.771478,0.621993,0.709622,1.0
2,0,0.738832,0.658076,0.742268,0.9605
2,1,0.685567,0.61512,0.702749,0.87825
3,0,0.659794,0.594502,0.687285,0.76375
3,1,0.565292,0.5,0.59622,0.73375
3,2,0.728522,0.668385,0.749141,0.80075
4,0,0.585911,0.541237,0.630584,0.51575
4,1,0.460481,0.405498,0.496564,0.6165
4,2,0.668385,0.62543,0.707904,0.549
4,3,0.819588,0.769759,0.845361,0.74325
5,0,0.713058,0.640893,0.726804,0.92125
5,1,0.635739,0.594502,0.683849,0.41875
5,2,0.802405,0.680412,0.762887,1.0
5,3,0.726804,0.654639,0.738832,0.893
5,4,0.670103,0.620275,0.707904,0.59275
6,0,0.701031,0.628866,0.714777,0.92325
6,1,0.579038,0.536082,0.628866,0.40325
6,2,0.75945,0.69244,0.773196,0.877
6,3,0.790378,0.735395,0.809278,0.852
6,4,0.785223,0.735395,0.812715,0.64725
6,5,0.78866,0.676976,0.75945,0.99975
7,0,0.591065,0.537801,0.630584,0.63075
7,1,0.445017,0.400344,0.489691,0.49975
7,2,0.676976,0.623711,0.706186,0.68575
7,3,0.828179,0.778351,0.853952,0.715
7,4,0.936426,0.914089,0.960481,0.49275
7,5,0.678694,0.621993,0.709622,0.70575
7,6,0.800687,0.745704,0.821306,0.78025
8,0,0.579038,0.506873,0.601375,0.80325
8,1,0.611684,0.565292,0.654639,0.4635
8,2,0.565292,0.482818,0.579038,0.90875
8,3,0.45189,0.393471,0.493127,0.63375
8,4,0.371134,0.314433,0.412371,0.61925
8,5,0.57732,0.474227,0.570447,0.98525
8,6,0.527491,0.414089,0.515464,0.9875
8,7,0.359107,0.305842,0.405498,0.55575
9,0,0.589347,0.560137,0.651203,0.26175
9,1,0.501718,0.477663,0.572165,0.161
9,2,0.651203,0.613402,0.699313,0.39875
9,3,0.723368,0.676976,0.75945,0.5375
9,4,0.769759,0.723368,0.809278,0.564
9,5,0.680412,0.609966,0.695876,0.91075
9,6,0.757732,0.675258,0.75945,0.982
9,7,0.785223,0.730241,0.816151,0.66475
9,8,0.549828,0.386598,0.484536,1.0
10,0,0.649485,0.575601,0.66323,0.9015
10,1,0.592784,0.532646,0.62543,0.70075
10,2,0.683849,0.611684,0.697595,0.9085
10,3,0.656357,0.620275,0.706186,0.42725
10,4,0.658076,0.609966,0.704467,0.512
10,5,0.695876,0.59622,0.685567,0.99225
10,6,0.745704,0.623711,0.709622,0.99975
10,7,0.670103,0.609966,0.706186,0.64825
10,8,0.647766,0.45189,0.544674,1.0
10,9,0.74055,0.580756,0.670103,1.0
11,0,0.580756,0.556701,0.647766,0.1475
11,1,0.479381,0.438144,0.530928,0.4455
11,2,0.687285,0.642612,0.726804,0.5455
11,3,0.80756,0.766323,0.840206,0.5705
11,4,0.902062,0.860825,0.920962,0.7095
11,5,0.671821,0.640893,0.726804,0.3425
11,6,0.769759,0.743986,0.819588,0.24425
11,7,0.910653,0.881443,0.936426,0.564
11,8,0.379725,0.33677,0.436426,0.40475
11,9,0.761168,0.718213,0.802405,0.55575
11,10,0.652921,0.613402,0.706186,0.347
12,0,0.579038,0.54811,0.637457,0.2875
12,1,0.457045,0.414089,0.506873,0.406
12,2,0.675258,0.630584,0.713058,0.53075
12,3,0.802405,0.771478,0.845361,0.39175
12,4,0.907216,0.88488,0.939863,0.342
12,5,0.666667,0.627148,0.713058,0.42025
12,6,0.785223,0.743986,0.817869,0.582
12,7,0.929553,0.902062,0.953608,0.502
12,8,0.367698,0.321306,0.42268,0.45975
12,9,0.786942,0.718213,0.804124,0.84025
12,10,0.654639,0.609966,0.704467,0.409
12,11,0.926117,0.860825,0.920962,0.997
13,0,0.563574,0.532646,0.623711,0.26575
13,1,0.431271,0.398625,0.487973,0.30325
13,2,0.656357,0.618557,0.699313,0.4105
13,3,0.80756,0.769759,0.845361,0.436
13,4,0.93299,0.905498,0.957045,0.51825
13,5,0.658076,0.620275,0.706186,0.443
13,6,0.783505,0.74055,0.814433,0.5995
13,7,0.95189,0.927835,0.97079,0.5745
13,8,0.352234,0.305842,0.407216,0.4605
13,9,0.785223,0.725086,0.812715,0.74025
13,10,0.652921,0.606529,0.701031,0.436
13,11,0.917526,0.871134,0.929553,0.8465
13,12,0.97079,0.895189,0.948454,1.0
14,0,0.670968,0.625806,0.774194,0.244
14,1,0.645161,0.522581,0.677419,0.86625
14,2,0.767742,0.696774,0.832258,0.465
14,3,0.832258,0.754839,0.877419,0.59725
14,4,0.845161,0.793548,0.909677,0.418
14,5,0.748387,0.683871,0.819355,0.4165
14,6,0.909677,0.774194,0.896774,0.998
14,7,0.864516,0.8,0.916129,0.53875
14,8,0.470968,0.374194,0.548387,0.63925
14,9,0.8,0.690323,0.825806,0.857
14,10,0.729032,0.619355,0.767742,0.76025
14,11,0.858065,0.780645,0.903226,0.583
14,12,0.858065,0.787097,0.909677,0.5615
14,13,0.864516,0.787097,0.909677,0.62775
15,0,0.645161,0.580645,0.722581,0.46
15,1,0.606452,0.451613,0.593548,0.992
15,2,0.729032,0.670968,0.793548,0.4525
15,3,0.896774,0.787097,0.896774,0.963
15,4,0.948387,0.903226,0.980645,0.60225
15,5,0.696774,0.658065,0.787097,0.19775
15,6,0.832258,0.774194,0.883871,0.54675
15,7,0.980645,0.922581,0.987097,0.939
15,8,0.367742,0.303226,0.470968,0.30675
15,9,0.8,0.729032,0.858065,0.51025
15,10,0.690323,0.625806,0.774194,0.41575
15,11,0.948387,0.877419,0.96129,0.90425
15,12,0.935484,0.896774,0.974194,0.48075
15,13,0.941935,0.916129,0.987097,0.28275
15,14,0.883871,0.793548,0.916129,0.822
16,0,0.651613,0.587097,0.729032,0.41975
16,1,0.6,0.458065,0.606452,0.947
16,2,0.735484,0.677419,0.806452,0.4105
16,3,0.864516,0.793548,0.903226,0.70825
16,4,0.929032,0.883871,0.967742,0.4995
16,5,0.716129,0.670968,0.806452,0.2975
16,6,0.83871,0.780645,0.890323,0.57225
16,7,0.96129,0.903226,0.980645,0.84
16,8,0.4,0.322581,0.490323,0.4765
16,9,0.793548,0.722581,0.851613,0.49
16,10,0.670968,0.619355,0.767742,0.209
16,11,0.954839,0.864516,0.954839,0.97425
16,12,0.954839,0.883871,0.967742,0.92175
16,13,0.948387,0.890323,0.974194,0.699
16,14,0.864516,0.787097,0.909677,0.59825
16,15,0.954839,0.890323,0.974194,0.81125
17,0,0.645161,0.580645,0.722581,0.43375
17,1,0.593548,0.445161,0.593548,0.96825
17,2,0.729032,0.677419,0.8,0.41075
17,3,0.870968,0.793548,0.903226,0.74725
17,4,0.948387,0.909677,0.980645,0.5895
17,5,0.709677,0.670968,0.806452,0.2805
17,6,0.845161,0.774194,0.883871,0.66325
17,7,0.980645,0.922581,0.987097,0.933
17,8,0.380645,0.303226,0.470968,0.40625
17,9,0.8,0.735484,0.864516,0.4935
17,10,0.677419,0.619355,0.767742,0.26975
17,11,0.96129,0.877419,0.96129,0.97075
17,12,0.948387,0.903226,0.980645,0.70675
17,13,0.954839,0.916129,0.987097,0.5305
17,14,0.883871,0.793548,0.916129,0.792
17,15,0.974194,0.909677,0.987097,0.896
17,16,0.980645,0.896774,0.980645,0.98975
18,0,0.573883,0.54811,0.639175,0.23025
18,1,0.458763,0.420962,0.513746,0.33025
18,2,0.666667,0.620275,0.706186,0.482
18,3,0.780069,0.754296,0.829897,0.25775
18,4,0.891753,0.860825,0.92268,0.48475
18,5,0.651203,0.623711,0.707904,0.26
18,6,0.762887,0.730241,0.805842,0.38525
18,7,0.90378,0.876289,0.934708,0.402
18,8,0.376289,0.32646,0.426117,0.45825
18,9,0.761168,0.707904,0.793814,0.655
18,10,0.635739,0.609966,0.702749,0.23125
18,11,0.879725,0.835052,0.900344,0.73725
18,12,0.912371,0.853952,0.915808,0.95325
18,13,0.934708,0.871134,0.931271,0.98625
18,14,0.864516,0.774194,0.896774,0.80575
18,15,0.929032,0.870968,0.96129,0.7005
18,16,0.935484,0.851613,0.948387,0.89775
18,17,0.941935,0.870968,0.96129,0.85725
19,0,0.585911,0.536082,0.628866,0.4715
19,1,0.439863,0.414089,0.505155,0.2595
19,2,0.668385,0.62543,0.707904,0.491
19,3,0.816151,0.769759,0.845361,0.64325
19,4,0.920962,0.893471,0.946735,0.50025
19,5,0.656357,0.623711,0.709622,0.30675
19,6,0.781787,0.742268,0.817869,0.51875
19,7,0.939863,0.914089,0.960481,0.566
19,8,0.364261,0.314433,0.415808,0.4965
19,9,0.773196,0.723368,0.80756,0.599
19,10,0.651203,0.61512,0.707904,0.3725
19,11,0.912371,0.864261,0.92268,0.89025
19,12,0.938144,0.886598,0.939863,0.966
19,13,0.957045,0.907216,0.957045,0.977
19,14,0.883871,0.787097,0.909677,0.8355
19,15,0.96129,0.909677,0.980645,0.8295
19,16,0.954839,0.883871,0.967742,0.88125
19,17,0.974194,0.903226,0.980645,0.95875
19,18,0.953608,0.860825,0.92268,1.0
20,0,0.666667,0.59622,0.685567,0.852
20,1,0.541237,0.501718,0.59622,0.3395
20,2,0.749141,0.664948,0.745704,0.978
20,3,0.786942,0.725086,0.802405,0.86675
20,4,0.795533,0.757732,0.833333,0.44425
20,5,0.709622,0.652921,0.737113,0.72825
20,6,0.790378,0.721649,0.797251,0.932
20,7,0.80756,0.766323,0.841924,0.4945
20,8,0.445017,0.398625,0.498282,0.484
20,9,0.702749,0.67354,0.754296,0.287
20,10,0.666667,0.61512,0.701031,0.66925
20,11,0.780069,0.756014,0.831615,0.219
20,12,0.795533,0.761168,0.83677,0.43625
20,13,0.800687,0.762887,0.838488,0.487
20,14,0.819355,0.754839,0.877419,0.52275
20,15,0.819355,0.787097,0.896774,0.25
20,16,0.825806,0.787097,0.896774,0.3155
20,17,0.832258,0.787097,0.896774,0.3535
20,18,0.786942,0.742268,0.819588,0.543
20,19,0.805842,0.75945,0.835052,0.61575
21,0,0.620275,0.568729,0.659794,0.61925
21,1,0.487973,0.439863,0.534364,0.5125
21,2,0.699313,0.651203,0.735395,0.582
21,3,0.82646,0.774914,0.847079,0.76675
21,4,0.900344,0.864261,0.92268,0.59275
21,5,0.697595,0.64433,0.731959,0.64225
21,6,0.816151,0.754296,0.828179,0.876
21,7,0.919244,0.88488,0.938144,0.67625
21,8,0.398625,0.340206,0.441581,0.6505
21,9,0.769759,0.716495,0.800687,0.6145
21,10,0.685567,0.620275,0.71134,0.77425
21,11,0.871134,0.848797,0.907216,0.26975
21,12,0.900344,0.865979,0.924399,0.6615
21,13,0.912371,0.876289,0.93299,0.686
21,14,0.870968,0.8,0.916129,0.6245
21,15,0.922581,0.877419,0.96129,0.4335
21,16,0.929032,0.877419,0.96129,0.67225
21,17,0.922581,0.883871,0.96129,0.39575
21,18,0.881443,0.840206,0.90378,0.693
21,19,0.90378,0.867698,0.924399,0.633
21,20,0.878007,0.766323,0.840206,1.0
22,0,0.589347,0.537801,0.628866,0.60125
22,1,0.446735,0.40378,0.493127,0.477
22,2,0.675258,0.621993,0.706186,0.676
22,3,0.812715,0.771478,0.847079,0.51125
22,4,0.931271,0.902062,0.953608,0.567
22,5,0.67354,0.621993,0.709622,0.64625
22,6,0.795533,0.742268,0.817869,0.76075
22,7,0.950172,0.924399,0.967354,0.63475
22,8,0.364261,0.305842,0.405498,0.582
22,9,0.773196,0.726804,0.812715,0.53125
22,10,0.664948,0.608247,0.702749,0.59875
22,11,0.902062,0.871134,0.929553,0.5365
22,12,0.924399,0.893471,0.945017,0.59125
22,13,0.943299,0.919244,0.965636,0.5505
22,14,0.858065,0.793548,0.916129,0.524
22,15,0.96129,0.916129,0.987097,0.73025
22,16,0.954839,0.890323,0.974194,0.8215
22,17,0.96129,0.909677,0.980645,0.7095
22,18,0.902062,0.869416,0.929553,0.54175
22,19,0.934708,0.900344,0.95189,0.6565
22,20,0.833333,0.766323,0.841924,0.94675
22,21,0.948454,0.876289,0.931271,0.9995
23,0,0.606529,0.568729,0.658076,0.4225
23,1,0.501718,0.446735,0.541237,0.5995
23,2,0.699313,0.646048,0.728522,0.72925
23,3,0.792096,0.756014,0.828179,0.4775
23,4,0.869416,0.835052,0.900344,0.47225
23,5,0.690722,0.640893,0.726804,0.67
23,6,0.785223,0.737113,0.810997,0.6895
23,7,0.878007,0.850515,0.914089,0.3445
23,8,0.419244,0.352234,0.45189,0.789
23,9,0.735395,0.704467,0.786942,0.2955
23,10,0.668385,0.611684,0.704467,0.64625
23,11,0.850515,0.817869,0.886598,0.412
23,12,0.865979,0.833333,0.898625,0.47175
23,13,0.881443,0.847079,0.908935,0.5695
23,14,0.877419,0.774194,0.896774,0.8925
23,15,0.903226,0.845161,0.941935,0.535
23,16,0.896774,0.845161,0.941935,0.55725
23,17,0.916129,0.858065,0.948387,0.7195
23,18,0.860825,0.816151,0.883162,0.7475
23,19,0.876289,0.840206,0.90378,0.60425
23,20,0.829897,0.743986,0.819588,0.9925
23,21,0.869416,0.829897,0.891753,0.696
23,22,0.876289,0.841924,0.907216,0.464
24,0,0.584192,0.537801,0.628866,0.532
24,1,0.445017,0.398625,0.489691,0.51125
24,2,0.670103,0.623711,0.706186,0.56975
24,3,0.810997,0.778351,0.853952,0.3795
24,4,0.93299,0.910653,0.958763,0.38025
24,5,0.664948,0.620275,0.707904,0.47975
24,6,0.786942,0.747423,0.821306,0.535
24,7,0.955326,0.934708,0.974227,0.52925
24,8,0.359107,0.304124,0.402062,0.55925
24,9,0.778351,0.735395,0.821306,0.549
24,10,0.666667,0.609966,0.706186,0.6055
24,11,0.907216,0.881443,0.936426,0.4755
24,12,0.936426,0.902062,0.95189,0.70025
24,13,0.955326,0.924399,0.969072,0.68975
24,14,0.877419,0.793548,0.916129,0.69825
24,15,0.954839,0.922581,0.987097,0.43475
24,16,0.948387,0.903226,0.980645,0.6095
24,17,0.967742,0.922581,0.987097,0.7215
24,18,0.920962,0.878007,0.936426,0.821
24,19,0.939863,0.910653,0.958763,0.57675
24,20,0.821306,0.766323,0.843643,0.761
24,21,0.926117,0.886598,0.939863,0.8465
24,22,0.953608,0.924399,0.967354,0.74275
24,23,0.912371,0.853952,0.915808,0.966
25,0,0.613402,0.560137,0.649485,0.6025
25,1,0.656357,0.611684,0.699313,0.5075
25,2,0.551546,0.541237,0.635739,0.0615
25,3,0.486254,0.446735,0.546392,0.40475
25,4,0.408935,0.357388,0.455326,0.53575
25,5,0.542955,0.530928,0.623711,0.077
25,6,0.503436,0.475945,0.573883,0.22775
25,7,0.396907,0.347079,0.445017,0.4675
25,8,0.591065,0.556701,0.64433,0.30175
25,9,0.4811,0.434708,0.52921,0.4995
25,10,0.513746,0.493127,0.587629,0.17225
25,11,0.434708,0.383162,0.482818,0.53125
25,12,0.412371,0.367698,0.467354,0.456
25,13,0.393471,0.347079,0.445017,0.43375
25,14,0.541935,0.432258,0.6,0.6565
25,15,0.477419,0.380645,0.548387,0.72675
25,16,0.483871,0.387097,0.548387,0.66775
25,17,0.464516,0.374194,0.535484,0.6005
25,18,0.420962,0.369416,0.467354,0.47775
25,19,0.402062,0.360825,0.458763,0.401
25,20,0.475945,0.446735,0.544674,0.209
25,21,0.429553,0.383162,0.484536,0.40275
25,22,0.395189,0.352234,0.45189,0.3885
25,23,0.439863,0.393471,0.491409,0.4175
25,24,0.393471,0.348797,0.446735,0.4185
26,0,0.541237,0.530928,0.623711,0.0565
26,1,0.680412,0.611684,0.701031,0.831
26,2,0.506873,0.493127,0.587629,0.08125
26,3,0.400344,0.371134,0.47079,0.24425
26,4,0.316151,0.266323,0.362543,0.55575
26,5,0.491409,0.4811,0.579038,0.05325
26,6,0.427835,0.398625,0.498282,0.1755
26,7,0.293814,0.252577,0.348797,0.37
26,8,0.597938,0.584192,0.671821,0.08575
26,9,0.415808,0.367698,0.467354,0.45775
26,10,0.448454,0.446735,0.542955,0.02625
26,11,0.348797,0.297251,0.395189,0.5925
26,12,0.329897,0.274914,0.372852,0.6255
26,13,0.304124,0.254296,0.348797,0.551
26,14,0.541935,0.348387,0.522581,0.98775
26,15,0.451613,0.270968,0.425806,0.992
26,16,0.470968,0.290323,0.451613,0.991
26,17,0.451613,0.283871,0.43871,0.991
26,18,0.341924,0.285223,0.383162,0.63025
26,19,0.309278,0.264605,0.360825,0.42475
26,20,0.393471,0.372852,0.472509,0.122
26,21,0.329897,0.293814,0.391753,0.27325
26,22,0.292096,0.25945,0.357388,0.267
26,23,0.367698,0.309278,0.408935,0.6125
26,24,0.300687,0.256014,0.352234,0.49125
26,25,0.817869,0.59622,0.683849,1.0
27,0,0.597938,0.554983,0.64433,0.42
27,1,0.606529,0.560137,0.651203,0.46725
27,2,0.584192,0.561856,0.654639,0.14925
27,3,0.570447,0.517182,0.613402,0.58675
27,4,0.520619,0.472509,0.575601,0.47
27,5,0.579038,0.553265,0.642612,0.1935
27,6,0.532646,0.530928,0.62543,0.01775
27,7,0.5189,0.47079,0.575601,0.482
27,8,0.541237,0.503436,0.592784,0.37725
27,9,0.517182,0.496564,0.589347,0.12125
27,10,0.512027,0.517182,0.608247,0.01625
27,11,0.553265,0.484536,0.585911,0.73325
27,12,0.510309,0.477663,0.582474,0.254
27,13,0.501718,0.462199,0.56701,0.27475
27,14,0.625806,0.516129,0.677419,0.7555
27,15,0.664516,0.470968,0.63871,0.994
27,16,0.670968,0.483871,0.645161,0.991
27,17,0.677419,0.470968,0.63871,0.99675
27,18,0.522337,0.482818,0.580756,0.4095
27,19,0.524055,0.467354,0.573883,0.50875
27,20,0.549828,0.5189,0.61512,0.25425
27,21,0.534364,0.493127,0.594502,0.4
27,22,0.517182,0.47079,0.573883,0.448
27,23,0.527491,0.493127,0.592784,0.28575
27,24,0.508591,0.463918,0.570447,0.33675
27,25,0.678694,0.530928,0.621993,1.0
27,26,0.689003,0.5189,0.611684,1.0
28,0,0.56701,0.530928,0.623711,0.30375
28,1,0.627148,0.534364,0.627148,0.968
28,2,0.553265,0.536082,0.630584,0.0955
28,3,0.57732,0.503436,0.601375,0.84375
28,4,0.520619,0.462199,0.568729,0.51925
28,5,0.551546,0.52921,0.621993,0.15025
28,6,0.525773,0.517182,0.61512,0.06275
28,7,0.515464,0.462199,0.570447,0.45875
28,8,0.510309,0.493127,0.584192,0.1205
28,9,0.527491,0.489691,0.582474,0.36525
28,10,0.512027,0.5,0.592784,0.0525
28,11,0.546392,0.4811,0.582474,0.7335
28,12,0.506873,0.47079,0.57732,0.27125
28,13,0.498282,0.463918,0.570447,0.2695
28,14,0.587097,0.490323,0.658065,0.589
28,15,0.651613,0.464516,0.632258,0.992
28,16,0.658065,0.464516,0.632258,0.9895
28,17,0.664516,0.464516,0.632258,0.99425
28,18,0.508591,0.472509,0.573883,0.2915
28,19,0.506873,0.467354,0.573883,0.31625
28,20,0.52921,0.5,0.59622,0.1805
28,21,0.510309,0.482818,0.585911,0.193
28,22,0.510309,0.463918,0.570447,0.3815
28,23,0.527491,0.482818,0.584192,0.39675
28,24,0.512027,0.463918,0.570447,0.424
28,25,0.651203,0.512027,0.603093,1.0
28,26,0.647766,0.505155,0.597938,0.99975
28,27,0.71134,0.505155,0.589347,1.0
29,0,0.604811,0.584192,0.67354,0.124
29,1,0.524055,0.506873,0.601375,0.10925
29,2,0.670103,0.642612,0.726804,0.20925
29,3,0.718213,0.694158,0.773196,0.19225
29,4,0.761168,0.719931,0.804124,0.43325
29,5,0.661512,0.634021,0.718213,0.2225
29,6,0.71134,0.69244,0.773196,0.134
29,7,0.776632,0.731959,0.816151,0.55425
29,8,0.45189,0.407216,0.505155,0.44925
29,9,0.699313,0.647766,0.733677,0.6135
29,10,0.639175,0.599656,0.685567,0.43775
29,11,0.75945,0.718213,0.800687,0.441
29,12,0.771478,0.721649,0.804124,0.60175
29,13,0.769759,0.723368,0.809278,0.534
29,14,0.729032,0.716129,0.845161,0.059
29,15,0.741935,0.735484,0.864516,0.03425
29,16,0.735484,0.748387,0.870968,0.02225
29,17,0.741935,0.748387,0.870968,0.0265
29,18,0.756014,0.709622,0.792096,0.55
29,19,0.768041,0.721649,0.805842,0.526
29,20,0.714777,0.687285,0.768041,0.2295
29,21,0.768041,0.726804,0.809278,0.46675
29,22,0.768041,0.726804,0.810997,0.49075
29,23,0.733677,0.707904,0.790378,0.17875
29,24,0.766323,0.728522,0.812715,0.38125
29,25,0.558419,0.45189,0.54811,0.98875
29,26,0.469072,0.386598,0.484536,0.882
29,27,0.591065,0.517182,0.609966,0.88925
29,28,0.591065,0.5,0.592784,0.965
30,0,0.573883,0.54811,0.637457,0.2105
30,1,0.448454,0.431271,0.524055,0.13075
30,2,0.666667,0.62543,0.707904,0.48825
30,3,0.773196,0.747423,0.823024,0.2495
30,4,0.88488,0.845361,0.910653,0.609
30,5,0.654639,0.616838,0.704467,0.33125
30,6,0.75945,0.725086,0.800687,0.42525
30,7,0.900344,0.864261,0.924399,0.63925
30,8,0.379725,0.33677,0.434708,0.41475
30,9,0.754296,0.704467,0.78866,0.6435
30,10,0.659794,0.604811,0.695876,0.63575
30,11,0.852234,0.821306,0.888316,0.3715
30,12,0.864261,0.838488,0.90378,0.279
30,13,0.890034,0.859107,0.92268,0.48675
30,14,0.787097,0.767742,0.890323,0.1085
30,15,0.864516,0.851613,0.948387,0.0635
30,16,0.845161,0.845161,0.941935,0.04075
30,17,0.864516,0.858065,0.948387,0.054
30,18,0.859107,0.821306,0.890034,0.57
30,19,0.88488,0.847079,0.910653,0.59075
30,20,0.75945,0.74055,0.817869,0.181
30,21,0.847079,0.828179,0.895189,0.184
30,22,0.888316,0.853952,0.915808,0.50475
30,23,0.83677,0.800687,0.872852,0.44025
30,24,0.896907,0.860825,0.92268,0.55925
30,25,0.445017,0.383162,0.4811,0.73925
30,26,0.338488,0.293814,0.388316,0.429
30,27,0.536082,0.477663,0.57732,0.59425
30,28,0.546392,0.47079,0.572165,0.789
30,29,0.804124,0.706186,0.78866,0.99625
31,0,0.601375,0.570447,0.658076,0.2665
31,1,0.486254,0.472509,0.56701,0.079
31,2,0.66323,0.640893,0.725086,0.214
31,3,0.752577,0.718213,0.797251,0.3815
31,4,0.819588,0.774914,0.852234,0.60425
31,5,0.658076,0.628866,0.713058,0.241
31,6,0.738832,0.704467,0.785223,0.3
31,7,0.828179,0.786942,0.864261,0.55525
31,8,0.417526,0.376289,0.475945,0.37425
31,9,0.723368,0.675258,0.757732,0.62175
31,10,0.639175,0.599656,0.687285,0.37625
31,11,0.804124,0.766323,0.843643,0.49275
31,12,0.809278,0.773196,0.850515,0.4395
31,13,0.817869,0.781787,0.860825,0.45175
31,14,0.8,0.735484,0.864516,0.441
31,15,0.864516,0.787097,0.903226,0.70825
31,16,0.845161,0.780645,0.896774,0.52275
31,17,0.864516,0.8,0.909677,0.68225
31,18,0.793814,0.75945,0.83677,0.44025
31,19,0.82646,0.776632,0.853952,0.707
31,20,0.71134,0.707904,0.786942,0.02625
31,21,0.792096,0.773196,0.848797,0.17575
31,22,0.82646,0.778351,0.857388,0.62475
31,23,0.78866,0.750859,0.828179,0.456
31,24,0.824742,0.783505,0.862543,0.49875
31,25,0.482818,0.424399,0.520619,0.67325
31,26,0.410653,0.347079,0.446735,0.68475
31,27,0.573883,0.496564,0.594502,0.83925
31,28,0.556701,0.493127,0.591065,0.75175
31,29,0.783505,0.678694,0.762887,0.99825
31,30,0.824742,0.745704,0.82646,0.96
32,0,0.601375,0.585911,0.675258,0.08775
32,1,0.551546,0.532646,0.62543,0.11975
32,2,0.666667,0.628866,0.716495,0.35625
32,3,0.697595,0.647766,0.733677,0.616
32,4,0.689003,0.646048,0.738832,0.42525
32,5,0.685567,0.620275,0.706186,0.84375
32,6,0.687285,0.651203,0.737113,0.3295
32,7,0.701031,0.647766,0.743986,0.54475
32,8,0.5,0.439863,0.536082,0.689
32,9,0.647766,0.609966,0.697595,0.4125
32,10,0.639175,0.579038,0.666667,0.74
32,11,0.697595,0.654639,0.743986,0.499
32,12,0.682131,0.646048,0.74055,0.28425
32,13,0.687285,0.647766,0.74055,0.41
32,14,0.703226,0.664516,0.806452,0.1865
32,15,0.664516,0.664516,0.806452,0.02825
32,16,0.683871,0.677419,0.812903,0.06875
32,17,0.677419,0.670968,0.806452,0.04975
32,18,0.687285,0.640893,0.733677,0.4855
32,19,0.695876,0.649485,0.743986,0.5085
32,20,0.666667,0.642612,0.728522,0.1855
32,21,0.689003,0.656357,0.747423,0.2495
32,22,0.699313,0.646048,0.74055,0.56425
32,23,0.685567,0.646048,0.735395,0.3735
32,24,0.690722,0.649485,0.743986,0.3825
32,25,0.575601,0.482818,0.57732,0.9675
32,26,0.510309,0.431271,0.530928,0.85875
32,27,0.597938,0.522337,0.611684,0.90425
32,28,0.580756,0.505155,0.597938,0.875
32,29,0.804124,0.623711,0.709622,1.0
32,30,0.749141,0.640893,0.731959,0.9985
32,31,0.718213,0.630584,0.718213,0.96925
33,0,0.594502,0.565292,0.656357,0.27775
33,1,0.482818,0.462199,0.558419,0.157
33,2,0.652921,0.632302,0.716495,0.145
33,3,0.745704,0.725086,0.804124,0.15675
33,4,0.83677,0.797251,0.872852,0.56425
33,5,0.671821,0.627148,0.714777,0.5285
33,6,0.769759,0.713058,0.790378,0.79225
33,7,0.852234,0.805842,0.881443,0.6235
33,8,0.414089,0.360825,0.460481,0.50425
33,9,0.750859,0.678694,0.762887,0.886
33,10,0.656357,0.603093,0.69244,0.64225
33,11,0.814433,0.778351,0.85567,0.37275
33,12,0.82646,0.792096,0.865979,0.40575
33,13,0.845361,0.800687,0.878007,0.589
33,14,0.812903,0.748387,0.877419,0.49575
33,15,0.825806,0.806452,0.916129,0.1
33,16,0.819355,0.8,0.909677,0.1005
33,17,0.83871,0.806452,0.916129,0.177
33,18,0.821306,0.774914,0.852234,0.62425
33,19,0.83677,0.797251,0.872852,0.53375
33,20,0.731959,0.721649,0.798969,0.0905
33,21,0.816151,0.785223,0.860825,0.30325
33,22,0.843643,0.802405,0.878007,0.565
33,23,0.805842,0.764605,0.840206,0.5175
33,24,0.848797,0.809278,0.883162,0.54925
33,25,0.469072,0.402062,0.501718,0.67125
33,26,0.376289,0.32646,0.427835,0.43575
33,27,0.542955,0.493127,0.591065,0.49825
33,28,0.536082,0.487973,0.582474,0.51525
33,29,0.821306,0.687285,0.771478,1.0
33,30,0.848797,0.768041,0.845361,0.9875
33,31,0.821306,0.723368,0.804124,0.99875
33,32,0.80756,0.635739,0.725086,1.0
34,0,0.580756,0.542955,0.634021,0.356
34,1,0.455326,0.414089,0.505155,0.46175
34,2,0.659794,0.628866,0.71134,0.28975
34,3,0.80756,0.769759,0.845361,0.438
34,4,0.926117,0.891753,0.946735,0.669
34,5,0.664948,0.623711,0.71134,0.4135
34,6,0.783505,0.743986,0.819588,0.519
34,7,0.948454,0.910653,0.958763,0.833
34,8,0.365979,0.312715,0.414089,0.50125
34,9,0.771478,0.725086,0.810997,0.5575
34,10,0.666667,0.61512,0.707904,0.61475
34,11,0.900344,0.864261,0.92268,0.65375
34,12,0.912371,0.883162,0.938144,0.47225
34,13,0.934708,0.90378,0.955326,0.58825
34,14,0.877419,0.787097,0.909677,0.768
34,15,0.967742,0.903226,0.980645,0.91175
34,16,0.948387,0.883871,0.967742,0.808
34,17,0.967742,0.909677,0.980645,0.90675
34,18,0.896907,0.862543,0.92268,0.60175
34,19,0.926117,0.893471,0.945017,0.65275
34,20,0.786942,0.761168,0.83677,0.239
34,21,0.891753,0.869416,0.926117,0.31075
34,22,0.93299,0.902062,0.95189,0.61725
34,23,0.871134,0.838488,0.902062,0.47025
34,24,0.938144,0.912371,0.960481,0.54075
34,25,0.40378,0.360825,0.458763,0.397
34,26,0.30756,0.269759,0.365979,0.3595
34,27,0.52921,0.474227,0.57732,0.55875
34,28,0.522337,0.465636,0.572165,0.50775
34,29,0.793814,0.725086,0.809278,0.8865
34,30,0.907216,0.845361,0.910653,0.95525
34,31,0.841924,0.774914,0.853952,0.89125
34,32,0.735395,0.649485,0.742268,0.9485
34,33,0.896907,0.798969,0.872852,0.99975
35,0,0.579038,0.558419,0.649485,0.142
35,1,0.477663,0.441581,0.536082,0.30175
35,2,0.661512,0.640893,0.723368,0.21325
35,3,0.78866,0.747423,0.823024,0.5295
35,4,0.869416,0.835052,0.902062,0.503
35,5,0.66323,0.632302,0.716495,0.3205
35,6,0.750859,0.728522,0.805842,0.196
35,7,0.881443,0.848797,0.914089,0.4495
35,8,0.398625,0.348797,0.448454,0.5375
35,9,0.756014,0.699313,0.783505,0.7105
35,10,0.64433,0.609966,0.701031,0.3265
35,11,0.871134,0.816151,0.883162,0.8695
35,12,0.879725,0.829897,0.898625,0.8035
35,13,0.891753,0.843643,0.910653,0.79025
35,14,0.864516,0.774194,0.896774,0.83975
35,15,0.954839,0.845161,0.941935,0.993
35,16,0.935484,0.83871,0.935484,0.9755
35,17,0.954839,0.845161,0.941935,0.9945
35,18,0.878007,0.809278,0.879725,0.963
35,19,0.896907,0.835052,0.902062,0.95175
35,20,0.764605,0.738832,0.814433,0.236
35,21,0.859107,0.821306,0.890034,0.533
35,22,0.879725,0.843643,0.907216,0.57625
35,23,0.828179,0.797251,0.867698,0.38075
35,24,0.88488,0.848797,0.914089,0.54125
35,25,0.43299,0.393471,0.491409,0.377
35,26,0.353952,0.305842,0.405498,0.45375
35,27,0.544674,0.487973,0.587629,0.6045
35,28,0.537801,0.477663,0.579038,0.60125
35,29,0.764605,0.706186,0.78866,0.777
35,30,0.847079,0.800687,0.872852,0.6965
35,31,0.853952,0.747423,0.82646,0.99975
35,32,0.69244,0.640893,0.731959,0.58075
35,33,0.812715,0.761168,0.838488,0.7015
35,34,0.878007,0.835052,0.902062,0.66975
36,0,0.568729,0.560137,0.649485,0.0675
36,1,0.4811,0.45189,0.546392,0.24475
36,2,0.647766,0.632302,0.714777,0.1055
36,3,0.774914,0.737113,0.812715,0.533
36,4,0.85567,0.812715,0.883162,0.66975
36,5,0.652921,0.62543,0.709622,0.2145
36,6,0.733677,0.718213,0.795533,0.12275
36,7,0.857388,0.824742,0.893471,0.432
36,8,0.402062,0.359107,0.457045,0.4475
36,9,0.731959,0.687285,0.771478,0.50175
36,10,0.634021,0.604811,0.694158,0.24925
36,11,0.847079,0.797251,0.867698,0.80575
36,12,0.859107,0.809278,0.879725,0.793
36,13,0.867698,0.819588,0.890034,0.74625
36,14,0.864516,0.748387,0.877419,0.93
36,15,0.941935,0.832258,0.935484,0.99575
36,16,0.922581,0.819355,0.922581,0.98
36,17,0.941935,0.832258,0.935484,0.99575
36,18,0.864261,0.790378,0.864261,0.9765
36,19,0.876289,0.809278,0.881443,0.934
36,20,0.750859,0.726804,0.802405,0.222
36,21,0.841924,0.802405,0.869416,0.6055
36,22,0.859107,0.819588,0.890034,0.6065
36,23,0.817869,0.776632,0.850515,0.55725
36,24,0.871134,0.824742,0.895189,0.7245
36,25,0.446735,0.400344,0.498282,0.45025
36,26,0.37457,0.321306,0.419244,0.56825
36,27,0.558419,0.493127,0.591065,0.76925
36,28,0.527491,0.4811,0.579038,0.4185
36,29,0.743986,0.695876,0.780069,0.6415
36,30,0.823024,0.780069,0.853952,0.58975
36,31,0.840206,0.735395,0.814433,1.0
36,32,0.671821,0.640893,0.730241,0.34675
36,33,0.781787,0.743986,0.824742,0.42325
36,34,0.857388,0.816151,0.886598,0.68125
36,35,0.955326,0.771478,0.848797,1.0
37,0,0.658076,0.632302,0.716495,0.20575
37,1,0.611684,0.56701,0.659794,0.454
37,2,0.723368,0.687285,0.766323,0.367
37,3,0.737113,0.695876,0.773196,0.54325
37,4,0.738832,0.676976,0.75945,0.81075
37,5,0.687285,0.67354,0.754296,0.11475
37,6,0.730241,0.706186,0.785223,0.194
37,7,0.723368,0.683849,0.766323,0.459
37,8,0.477663,0.446735,0.544674,0.23225
37,9,0.67354,0.640893,0.725086,0.3695
37,10,0.634021,0.613402,0.697595,0.17175
37,11,0.743986,0.687285,0.769759,0.71825
37,12,0.725086,0.682131,0.764605,0.48775
37,13,0.719931,0.676976,0.75945,0.52525
37,14,0.812903,0.722581,0.851613,0.73825
37,15,0.8,0.709677,0.832258,0.7615
37,16,0.806452,0.729032,0.851613,0.76175
37,17,0.8,0.716129,0.83871,0.73375
37,18,0.716495,0.67354,0.756014,0.5095
37,19,0.721649,0.680412,0.762887,0.46575
37,20,0.699313,0.69244,0.769759,0.0745
37,21,0.725086,0.697595,0.780069,0.2265
37,22,0.714777,0.680412,0.764605,0.36375
37,23,0.731959,0.683849,0.764605,0.58375
37,24,0.726804,0.682131,0.764605,0.54525
37,25,0.536082,0.498282,0.594502,0.28225
37,26,0.487973,0.446735,0.546392,0.42325
37,27,0.568729,0.539519,0.634021,0.166
37,28,0.541237,0.522337,0.616838,0.11
37,29,0.682131,0.664948,0.745704,0.13575
37,30,0.730241,0.670103,0.752577,0.7975
37,31,0.699313,0.670103,0.752577,0.30725
37,32,0.661512,0.628866,0.716495,0.2035
37,33,0.702749,0.668385,0.750859,0.36825
37,34,0.723368,0.680412,0.762887,0.46425
37,35,0.704467,0.675258,0.75945,0.2245
37,36,0.704467,0.67354,0.756014,0.35475
38,0,0.620275,0.59622,0.683849,0.15275
38,1,0.608247,0.570447,0.661512,0.34225
38,2,0.671821,0.628866,0.714777,0.481
38,3,0.640893,0.604811,0.694158,0.325
38,4,0.628866,0.579038,0.675258,0.5925
38,5,0.61512,0.611684,0.699313,0.0295
38,6,0.64433,0.623711,0.71134,0.16275
38,7,0.620275,0.573883,0.671821,0.43625
38,8,0.494845,0.479381,0.573883,0.098
38,9,0.587629,0.570447,0.656357,0.1095
38,10,0.582474,0.570447,0.658076,0.09525
38,11,0.640893,0.587629,0.682131,0.59575
38,12,0.632302,0.579038,0.675258,0.568
38,13,0.627148,0.573883,0.670103,0.614
38,14,0.754839,0.619355,0.767742,0.93425
38,15,0.729032,0.6,0.748387,0.926
38,16,0.722581,0.612903,0.76129,0.86725
38,17,0.729032,0.612903,0.76129,0.91375
38,18,0.630584,0.57732,0.671821,0.6065
38,19,0.628866,0.575601,0.671821,0.565
38,20,0.647766,0.606529,0.690722,0.47225
38,21,0.635739,0.592784,0.687285,0.40225
38,22,0.621993,0.572165,0.668385,0.4885
38,23,0.621993,0.587629,0.678694,0.27775
38,24,0.623711,0.57732,0.67354,0.50825
38,25,0.539519,0.520619,0.611684,0.12325
38,26,0.5189,0.484536,0.580756,0.27325
38,27,0.579038,0.536082,0.623711,0.46325
38,28,0.565292,0.517182,0.608247,0.5435
38,29,0.658076,0.589347,0.676976,0.83575
38,30,0.616838,0.575601,0.670103,0.389
38,31,0.627148,0.584192,0.675258,0.4135
38,32,0.623711,0.585911,0.671821,0.441
38,33,0.651203,0.582474,0.675258,0.836
38,34,0.630584,0.579038,0.675258,0.56025
38,35,0.628866,0.582474,0.675258,0.46625
38,36,0.632302,0.579038,0.670103,0.5685
38,37,0.697595,0.618557,0.706186,0.939
39,0,0.682131,0.61512,0.699313,0.85725
39,1,0.71134,0.609966,0.699313,0.9945
39,2,0.671821,0.632302,0.718213,0.4135
39,3,0.599656,0.570447,0.66323,0.21075
39,4,0.56701,0.515464,0.611684,0.57875
39,5,0.659794,0.611684,0.699313,0.49025
39,6,0.603093,0.601375,0.690722,0.03575
39,7,0.558419,0.506873,0.606529,0.47975
39,8,0.553265,0.515464,0.606529,0.3915
39,9,0.563574,0.537801,0.628866,0.184
39,10,0.572165,0.563574,0.651203,0.078
39,11,0.575601,0.536082,0.632302,0.394
39,12,0.573883,0.5189,0.61512,0.57575
39,13,0.561856,0.510309,0.606529,0.592
39,14,0.690323,0.593548,0.741935,0.7025
39,15,0.703226,0.541935,0.690323,0.98625
39,16,0.709677,0.554839,0.703226,0.979
39,17,0.703226,0.541935,0.690323,0.982
39,18,0.561856,0.520619,0.616838,0.391
39,19,0.570447,0.517182,0.61512,0.59525
39,20,0.609966,0.570447,0.661512,0.3565
39,21,0.573883,0.542955,0.639175,0.2825
39,22,0.553265,0.510309,0.608247,0.38525
39,23,0.560137,0.539519,0.634021,0.12975
39,24,0.551546,0.506873,0.606529,0.37325
39,25,0.601375,0.560137,0.651203,0.461
39,26,0.591065,0.536082,0.630584,0.63775
39,27,0.620275,0.54811,0.635739,0.878
39,28,0.603093,0.52921,0.618557,0.896
39,29,0.592784,0.565292,0.654639,0.22025
39,30,0.558419,0.5189,0.616838,0.30175
39,31,0.582474,0.546392,0.639175,0.30675
39,32,0.575601,0.565292,0.654639,0.047
39,33,0.54811,0.539519,0.634021,0.0505
39,34,0.565292,0.517182,0.61512,0.48175
39,35,0.573883,0.532646,0.628866,0.37475
39,36,0.580756,0.534364,0.628866,0.45875
39,37,0.670103,0.609966,0.699313,0.77775
39,38,0.67354,0.584192,0.671821,0.98025
40,0,0.654639,0.618557,0.704467,0.38175
40,1,0.611684,0.554983,0.647766,0.641
40,2,0.702749,0.668385,0.749141,0.33975
40,3,0.702749,0.676976,0.757732,0.2055
40,4,0.718213,0.668385,0.752577,0.614
40,5,0.670103,0.658076,0.737113,0.10525
40,6,0.699313,0.690722,0.768041,0.0605
40,7,0.730241,0.67354,0.75945,0.73025
40,8,0.463918,0.446735,0.544674,0.10725
40,9,0.676976,0.628866,0.714777,0.5855
40,10,0.623711,0.599656,0.687285,0.16125
40,11,0.730241,0.676976,0.761168,0.67475
40,12,0.71134,0.675258,0.75945,0.4145
40,13,0.716495,0.666667,0.750859,0.6015
40,14,0.754839,0.716129,0.851613,0.29525
40,15,0.780645,0.703226,0.825806,0.683
40,16,0.787097,0.703226,0.832258,0.69025
40,17,0.780645,0.696774,0.825806,0.637
40,18,0.706186,0.66323,0.747423,0.49025
40,19,0.721649,0.67354,0.757732,0.63025
40,20,0.699313,0.67354,0.752577,0.22175
40,21,0.714777,0.689003,0.771478,0.2505
40,22,0.71134,0.67354,0.757732,0.4455
40,23,0.694158,0.67354,0.756014,0.1525
40,24,0.713058,0.67354,0.75945,0.44325
40,25,0.536082,0.498282,0.592784,0.3825
40,26,0.477663,0.436426,0.537801,0.3195
40,27,0.572165,0.539519,0.630584,0.31275
40,28,0.585911,0.513746,0.608247,0.805
40,29,0.713058,0.652921,0.735395,0.8165
40,30,0.709622,0.658076,0.743986,0.603
40,31,0.713058,0.658076,0.738832,0.73775
40,32,0.671821,0.623711,0.709622,0.559
40,33,0.695876,0.652921,0.738832,0.41325
40,34,0.726804,0.67354,0.75945,0.69025
40,35,0.718213,0.664948,0.749141,0.652
40,36,0.704467,0.659794,0.743986,0.541
40,37,0.752577,0.675258,0.752577,0.976
40,38,0.718213,0.609966,0.694158,0.9985
40,39,0.697595,0.591065,0.680412,0.99625
41,0,0.604811,0.556701,0.647766,0.4875
41,1,0.479381,0.434708,0.527491,0.446
41,2,0.676976,0.646048,0.726804,0.3565
41,3,0.786942,0.766323,0.838488,0.17825
41,4,0.88488,0.862543,0.92268,0.31725
41,5,0.682131,0.640893,0.726804,0.521
41,6,0.773196,0.743986,0.817869,0.2975
41,7,0.910653,0.881443,0.938144,0.55425
41,8,0.376289,0.338488,0.436426,0.347
41,9,0.771478,0.713058,0.797251,0.7245
41,10,0.67354,0.613402,0.706186,0.68675
41,11,0.869416,0.840206,0.90378,0.377
41,12,0.888316,0.859107,0.919244,0.482
41,13,0.900344,0.871134,0.929553,0.4455
41,14,0.787097,0.787097,0.909677,0.033
41,15,0.877419,0.877419,0.96129,0.04075
41,16,0.870968,0.864516,0.954839,0.06
41,17,0.877419,0.877419,0.96129,0.03525
41,18,0.862543,0.835052,0.900344,0.34725
41,19,0.88488,0.865979,0.924399,0.2655
41,20,0.780069,0.756014,0.831615,0.2095
41,21,0.881443,0.852234,0.912371,0.5215
41,22,0.895189,0.871134,0.929553,0.352
41,23,0.847079,0.817869,0.88488,0.324
41,24,0.914089,0.879725,0.936426,0.6575
41,25,0.438144,0.386598,0.482818,0.58175
41,26,0.328179,0.290378,0.390034,0.2815
41,27,0.5189,0.489691,0.591065,0.24575
41,28,0.5189,0.477663,0.582474,0.336
41,29,0.75945,0.718213,0.800687,0.444
41,30,0.869416,0.823024,0.890034,0.73375
41,31,0.790378,0.766323,0.843643,0.25275
41,32,0.687285,0.652921,0.742268,0.33725
41,33,0.824742,0.780069,0.853952,0.5895
41,34,0.896907,0.864261,0.92268,0.558
41,35,0.83677,0.814433,0.883162,0.2
41,36,0.819588,0.797251,0.869416,0.25875
41,37,0.743986,0.687285,0.769759,0.7285
41,38,0.630584,0.592784,0.685567,0.42475
41,39,0.579038,0.530928,0.628866,0.458
41,40,0.719931,0.675258,0.75945,0.4905
42,0,0.635739,0.579038,0.668385,0.70025
42,1,0.530928,0.482818,0.57732,0.53875
42,2,0.67354,0.646048,0.730241,0.248
42,3,0.749141,0.725086,0.800687,0.246
42,4,0.809278,0.771478,0.848797,0.43725
42,5,0.682131,0.634021,0.719931,0.529
42,6,0.738832,0.716495,0.793814,0.2175
42,7,0.821306,0.785223,0.862543,0.457
42,8,0.417526,0.383162,0.4811,0.303
42,9,0.702749,0.67354,0.757732,0.24725
42,10,0.670103,0.609966,0.697595,0.798
42,11,0.800687,0.766323,0.843643,0.43225
42,12,0.812715,0.773196,0.848797,0.5205
42,13,0.817869,0.778351,0.85567,0.50725
42,14,0.767742,0.741935,0.870968,0.102
42,15,0.806452,0.793548,0.903226,0.08825
42,16,0.825806,0.787097,0.896774,0.2535
42,17,0.819355,0.793548,0.903226,0.14875
42,18,0.790378,0.757732,0.835052,0.387
42,19,0.809278,0.776632,0.853952,0.39575
42,20,0.745704,0.714777,0.792096,0.29825
42,21,0.805842,0.774914,0.848797,0.37775
42,22,0.809278,0.776632,0.85567,0.337
42,23,0.78866,0.750859,0.82646,0.443
42,24,0.824742,0.783505,0.860825,0.52975
42,25,0.455326,0.431271,0.532646,0.20075
42,26,0.376289,0.350515,0.45189,0.1495
42,27,0.512027,0.505155,0.601375,0.0475
42,28,0.508591,0.493127,0.591065,0.08875
42,29,0.697595,0.683849,0.764605,0.08225
42,30,0.790378,0.749141,0.828179,0.53675
42,31,0.735395,0.713058,0.793814,0.17075
42,32,0.652921,0.640893,0.728522,0.1165
42,33,0.762887,0.721649,0.802405,0.4575
42,34,0.810997,0.773196,0.850515,0.4205
42,35,0.774914,0.745704,0.824742,0.27475
42,36,0.750859,0.735395,0.812715,0.14525
42,37,0.733677,0.676976,0.757732,0.79125
42,38,0.654639,0.592784,0.680412,0.778
42,39,0.589347,0.551546,0.64433,0.31825
42,40,0.706186,0.66323,0.743986,0.52325
42,41,0.896907,0.768041,0.841924,1.0
43,0,0.609966,0.57732,0.668385,0.294
43,1,0.491409,0.457045,0.551546,0.291
43,2,0.682131,0.658076,0.74055,0.18925
43,3,0.78866,0.768041,0.840206,0.2085
43,4,0.879725,0.841924,0.90378,0.63725
43,5,0.690722,0.651203,0.735395,0.4335
43,6,0.785223,0.749141,0.824742,0.3935
43,7,0.888316,0.85567,0.915808,0.50075
43,8,0.381443,0.352234,0.453608,0.2055
43,9,0.756014,0.709622,0.792096,0.5515
43,10,0.675258,0.621993,0.713058,0.64525
43,11,0.878007,0.828179,0.891753,0.85125
43,12,0.872852,0.838488,0.900344,0.512
43,13,0.88488,0.848797,0.910653,0.60225
43,14,0.819355,0.793548,0.909677,0.1495
43,15,0.858065,0.864516,0.948387,0.02775
43,16,0.877419,0.858065,0.948387,0.16825
43,17,0.870968,0.864516,0.948387,0.053
43,18,0.853952,0.817869,0.88488,0.51625
43,19,0.869416,0.847079,0.907216,0.33275
43,20,0.798969,0.757732,0.831615,0.56175
43,21,0.876289,0.838488,0.900344,0.63475
43,22,0.879725,0.848797,0.910653,0.4665
43,23,0.845361,0.809278,0.876289,0.532
43,24,0.898625,0.857388,0.917526,0.76525
43,25,0.436426,0.398625,0.498282,0.28075
43,26,0.350515,0.312715,0.412371,0.286
43,27,0.530928,0.494845,0.594502,0.23925
43,28,0.510309,0.487973,0.587629,0.1335
43,29,0.754296,0.718213,0.800687,0.34975
43,30,0.843643,0.809278,0.876289,0.50175
43,31,0.78866,0.757732,0.833333,0.321
43,32,0.702749,0.654639,0.743986,0.5045
43,33,0.805842,0.774914,0.848797,0.38175
43,34,0.87457,0.840206,0.90378,0.44725
43,35,0.831615,0.804124,0.871134,0.3265
43,36,0.817869,0.785223,0.85567,0.417
43,37,0.749141,0.704467,0.786942,0.6485
43,38,0.642612,0.594502,0.687285,0.43725
43,39,0.56701,0.553265,0.649485,0.108
43,40,0.725086,0.687285,0.768041,0.43075
43,41,0.908935,0.82646,0.890034,0.999
43,42,0.853952,0.766323,0.840206,0.9985
44,0,0.594502,0.54811,0.639175,0.55275
44,1,0.458763,0.420962,0.512027,0.4005
44,2,0.666667,0.62543,0.709622,0.43075
44,3,0.797251,0.761168,0.83677,0.4125
44,4,0.912371,0.872852,0.93299,0.69225
44,5,0.678694,0.62543,0.71134,0.67975
44,6,0.786942,0.74055,0.814433,0.7175
44,7,0.931271,0.891753,0.946735,0.7675
44,8,0.372852,0.32646,0.426117,0.488
44,9,0.761168,0.714777,0.800687,0.51525
44,10,0.66323,0.609966,0.702749,0.6095
44,11,0.883162,0.847079,0.910653,0.558
44,12,0.905498,0.869416,0.927835,0.66625
44,13,0.920962,0.886598,0.943299,0.63275
44,14,0.812903,0.780645,0.903226,0.152
44,15,0.916129,0.883871,0.967742,0.277
44,16,0.909677,0.870968,0.96129,0.371
44,17,0.916129,0.890323,0.967742,0.262
44,18,0.883162,0.843643,0.908935,0.602
44,19,0.912371,0.87457,0.93299,0.679
44,20,0.783505,0.752577,0.828179,0.3315
44,21,0.88488,0.85567,0.915808,0.4885
44,22,0.908935,0.88488,0.939863,0.38
44,23,0.860825,0.82646,0.893471,0.532
44,24,0.924399,0.891753,0.946735,0.60525
44,25,0.407216,0.369416,0.465636,0.33525
44,26,0.310997,0.280069,0.376289,0.26125
44,27,0.505155,0.475945,0.57732,0.19275
44,28,0.498282,0.469072,0.573883,0.178
44,29,0.749141,0.714777,0.798969,0.306
44,30,0.865979,0.831615,0.898625,0.4655
44,31,0.817869,0.766323,0.845361,0.714
44,32,0.690722,0.64433,0.737113,0.47575
44,33,0.831615,0.786942,0.862543,0.64525
44,34,0.914089,0.872852,0.931271,0.722
44,35,0.853952,0.821306,0.890034,0.4055
44,36,0.83677,0.798969,0.871134,0.48875
44,37,0.733677,0.678694,0.75945,0.72825
44,38,0.623711,0.579038,0.671821,0.46625
44,39,0.558419,0.5189,0.616838,0.34125
44,40,0.719931,0.666667,0.750859,0.6445
44,41,0.900344,0.848797,0.910653,0.88825
44,42,0.835052,0.766323,0.845361,0.9385
44,43,0.905498,0.829897,0.895189,0.99575
45,0,0.620275,0.563574,0.654639,0.68175
45,1,0.484536,0.438144,0.532646,0.48275
45,2,0.675258,0.64433,0.726804,0.264
45,3,0.795533,0.769759,0.841924,0.2795
45,4,0.890034,0.860825,0.920962,0.43975
45,5,0.687285,0.640893,0.728522,0.55925
45,6,0.78866,0.749141,0.824742,0.5425
45,7,0.908935,0.881443,0.934708,0.53675
45,8,0.388316,0.33677,0.439863,0.50525
45,9,0.769759,0.716495,0.798969,0.6915
45,10,0.671821,0.620275,0.713058,0.63525
45,11,0.871134,0.843643,0.90378,0.41025
45,12,0.886598,0.85567,0.915808,0.454
45,13,0.902062,0.869416,0.927835,0.5235
45,14,0.883871,0.787097,0.909677,0.84275
45,15,0.922581,0.877419,0.96129,0.53625
45,16,0.903226,0.864516,0.954839,0.345
45,17,0.922581,0.877419,0.96129,0.4805
45,18,0.867698,0.833333,0.898625,0.473
45,19,0.893471,0.862543,0.920962,0.506
45,20,0.809278,0.757732,0.833333,0.72475
45,21,0.890034,0.848797,0.908935,0.70825
45,22,0.907216,0.865979,0.924399,0.68925
45,23,0.85567,0.821306,0.886598,0.5
45,24,0.905498,0.87457,0.931271,0.4505
45,25,0.429553,0.38488,0.482818,0.424
45,26,0.343643,0.297251,0.395189,0.473
45,27,0.530928,0.493127,0.592784,0.38025
45,28,0.510309,0.479381,0.582474,0.208
45,29,0.757732,0.721649,0.802405,0.38525
45,30,0.867698,0.82646,0.891753,0.71025
45,31,0.802405,0.766323,0.843643,0.4515
45,32,0.682131,0.651203,0.743986,0.225
45,33,0.809278,0.783505,0.857388,0.279
45,34,0.891753,0.867698,0.924399,0.44575
45,35,0.848797,0.817869,0.88488,0.42575
45,36,0.838488,0.798969,0.869416,0.63425
45,37,0.731959,0.690722,0.771478,0.461
45,38,0.628866,0.591065,0.683849,0.35525
45,39,0.57732,0.536082,0.634021,0.37575
45,40,0.725086,0.682131,0.764605,0.541
45,41,0.88488,0.841924,0.90378,0.7455
45,42,0.809278,0.766323,0.841924,0.5695
45,43,0.869416,0.829897,0.893471,0.65725
45,44,0.88488,0.847079,0.910653,0.6085
46,0,0.587629,0.542955,0.634021,0.44425
46,1,0.45189,0.414089,0.506873,0.4245
46,2,0.666667,0.635739,0.718213,0.37975
46,3,0.814433,0.776632,0.850515,0.51
46,4,0.93299,0.895189,0.948454,0.74425
46,5,0.678694,0.627148,0.713058,0.624
46,6,0.793814,0.745704,0.821306,0.6585
46,7,0.938144,0.919244,0.963918,0.40925
46,8,0.365979,0.312715,0.414089,0.5185
46,9,0.774914,0.726804,0.810997,0.566
46,10,0.666667,0.611684,0.707904,0.5875
46,11,0.907216,0.867698,0.926117,0.726
46,12,0.915808,0.890034,0.943299,0.458
46,13,0.941581,0.910653,0.958763,0.68575
46,14,0.870968,0.787097,0.909677,0.649
46,15,0.948387,0.909677,0.980645,0.536
46,16,0.941935,0.883871,0.967742,0.6455
46,17,0.96129,0.909677,0.980645,0.7825
46,18,0.900344,0.865979,0.924399,0.6035
46,19,0.926117,0.898625,0.950172,0.55325
46,20,0.800687,0.766323,0.841924,0.4175
46,21,0.902062,0.87457,0.929553,0.45675
46,22,0.939863,0.907216,0.955326,0.7275
46,23,0.891753,0.841924,0.905498,0.841
46,24,0.945017,0.915808,0.962199,0.6435
46,25,0.396907,0.35567,0.455326,0.31175
46,26,0.30756,0.266323,0.362543,0.393
46,27,0.52921,0.47079,0.575601,0.55175
46,28,0.5189,0.467354,0.573883,0.4475
46,29,0.762887,0.726804,0.809278,0.36425
46,30,0.890034,0.852234,0.915808,0.64025
46,31,0.824742,0.778351,0.85567,0.603
46,32,0.694158,0.649485,0.743986,0.42125
46,33,0.845361,0.800687,0.876289,0.63025
46,34,0.924399,0.895189,0.948454,0.514
46,35,0.878007,0.840206,0.905498,0.58775
46,36,0.857388,0.817869,0.888316,0.6165
46,37,0.74055,0.683849,0.766323,0.7255
46,38,0.630584,0.575601,0.671821,0.54075
46,39,0.54811,0.517182,0.61512,0.2215
46,40,0.716495,0.67354,0.75945,0.4645
46,41,0.896907,0.871134,0.927835,0.45325
46,42,0.821306,0.778351,0.853952,0.558
46,43,0.88488,0.847079,0.908935,0.605
46,44,0.910653,0.878007,0.934708,0.55275
46,45,0.929553,0.869416,0.926117,0.99025
47,0,0.639175,0.611684,0.699313,0.20575
47,1,0.609966,0.572165,0.661512,0.3965
47,2,0.690722,0.654639,0.738832,0.40225
47,3,0.71134,0.640893,0.726804,0.86625
47,4,0.658076,0.618557,0.709622,0.36775
47,5,0.678694,0.640893,0.725086,0.46375
47,6,0.701031,0.654639,0.74055,0.49525
47,7,0.67354,0.620275,0.713058,0.572
47,8,0.506873,0.462199,0.558419,0.40325
47,9,0.64433,0.603093,0.689003,0.49625
47,10,0.608247,0.589347,0.67354,0.1515
47,11,0.676976,0.627148,0.718213,0.49725
47,12,0.654639,0.621993,0.714777,0.24875
47,13,0.652921,0.61512,0.707904,0.3315
47,14,0.8,0.670968,0.806452,0.96125
47,15,0.825806,0.645161,0.787097,0.99875
47,16,0.806452,0.664516,0.806452,0.988
47,17,0.812903,0.651613,0.793548,0.99375
47,18,0.66323,0.621993,0.709622,0.46875
47,19,0.661512,0.620275,0.71134,0.3855
47,20,0.690722,0.640893,0.726804,0.631
47,21,0.678694,0.640893,0.728522,0.386
47,22,0.658076,0.621993,0.713058,0.34775
47,23,0.678694,0.627148,0.718213,0.542
47,24,0.670103,0.623711,0.714777,0.5255
47,25,0.54811,0.508591,0.603093,0.31275
47,26,0.517182,0.465636,0.563574,0.5205
47,27,0.597938,0.537801,0.627148,0.7105
47,28,0.580756,0.5189,0.609966,0.738
47,29,0.646048,0.620275,0.707904,0.18075
47,30,0.656357,0.61512,0.704467,0.387
47,31,0.676976,0.621993,0.707904,0.678
47,32,0.618557,0.609966,0.695876,0.0785
47,33,0.649485,0.616838,0.706186,0.261
47,34,0.670103,0.621993,0.713058,0.49975
47,35,0.682131,0.627148,0.714777,0.69675
47,36,0.685567,0.618557,0.707904,0.82075
47,37,0.74055,0.647766,0.731959,0.98975
47,38,0.661512,0.597938,0.682131,0.8115
47,39,0.678694,0.594502,0.682131,0.96675
47,40,0.664948,0.632302,0.716495,0.28
47,41,0.652921,0.630584,0.718213,0.15175
47,42,0.642612,0.627148,0.713058,0.10225
47,43,0.678694,0.642612,0.730241,0.34325
47,44,0.66323,0.621993,0.71134,0.41575
47,45,0.69244,0.634021,0.725086,0.70325
47,46,0.676976,0.623711,0.714777,0.58175
48,0,0.618557,0.594502,0.680412,0.234
48,1,0.592784,0.56701,0.656357,0.20175
48,2,0.652921,0.61512,0.701031,0.35425
48,3,0.628866,0.589347,0.682131,0.29975
48,4,0.606529,0.565292,0.661512,0.3915
48,5,0.64433,0.609966,0.694158,0.42025
48,6,0.666667,0.609966,0.697595,0.70025
48,7,0.601375,0.563574,0.661512,0.30925
48,8,0.517182,0.477663,0.56701,0.3645
48,9,0.609966,0.561856,0.649485,0.5435
48,10,0.601375,0.560137,0.646048,0.433
48,11,0.621993,0.579038,0.670103,0.447
48,12,0.616838,0.570447,0.664948,0.47875
48,13,0.611684,0.558419,0.656357,0.52125
48,14,0.709677,0.612903,0.76129,0.73825
48,15,0.670968,0.593548,0.741935,0.60025
48,16,0.664516,0.580645,0.735484,0.466
48,17,0.670968,0.580645,0.735484,0.57825
48,18,0.597938,0.565292,0.659794,0.24525
48,19,0.606529,0.563574,0.659794,0.36175
48,20,0.656357,0.591065,0.680412,0.77525
48,21,0.634021,0.582474,0.676976,0.53975
48,22,0.613402,0.561856,0.659794,0.4955
48,23,0.630584,0.579038,0.670103,0.5795
48,24,0.608247,0.565292,0.661512,0.42075
48,25,0.59622,0.5189,0.609966,0.9115
48,26,0.558419,0.487973,0.582474,0.83625
48,27,0.608247,0.52921,0.618557,0.9105
48,28,0.539519,0.517182,0.604811,0.19325
48,29,0.632302,0.584192,0.671821,0.595
48,30,0.632302,0.56701,0.661512,0.76925
48,31,0.639175,0.579038,0.668385,0.76375
48,32,0.62543,0.579038,0.666667,0.615
48,33,0.61512,0.568729,0.661512,0.4195
48,34,0.61512,0.56701,0.66323,0.46175
48,35,0.613402,0.579038,0.671821,0.37
48,36,0.613402,0.570447,0.661512,0.4135
48,37,0.671821,0.609966,0.695876,0.803
48,38,0.634021,0.572165,0.658076,0.7715
48,39,0.606529,0.579038,0.666667,0.27825
48,40,0.647766,0.601375,0.683849,0.61075
48,41,0.608247,0.57732,0.671821,0.2425
48,42,0.597938,0.584192,0.671821,0.09925
48,43,0.623711,0.585911,0.678694,0.3165
48,44,0.608247,0.563574,0.659794,0.376
48,45,0.64433,0.57732,0.671821,0.7555
48,46,0.628866,0.56701,0.66323,0.655
48,47,0.721649,0.589347,0.675258,1.0
49,0,0.611684,0.570447,0.659794,0.41075
49,1,0.565292,0.517182,0.609966,0.5565
49,2,0.652921,0.61512,0.702749,0.3895
49,3,0.697595,0.642612,0.728522,0.688
49,4,0.69244,0.651203,0.743986,0.36825
49,5,0.654639,0.604811,0.69244,0.5785
49,6,0.66323,0.642612,0.728522,0.127
49,7,0.704467,0.658076,0.752577,0.464
49,8,0.479381,0.431271,0.525773,0.53825
49,9,0.651203,0.609966,0.697595,0.501
49,10,0.604811,0.573883,0.659794,0.2725
49,11,0.707904,0.652921,0.743986,0.61725
49,12,0.699313,0.651203,0.745704,0.45625
49,13,0.701031,0.651203,0.745704,0.488
49,14,0.774194,0.658065,0.8,0.88775
49,15,0.825806,0.664516,0.806452,0.995
49,16,0.819355,0.664516,0.806452,0.99075
49,17,0.83871,0.670968,0.806452,0.9975
49,18,0.694158,0.646048,0.737113,0.51925
49,19,0.699313,0.654639,0.747423,0.45625
49,20,0.670103,0.642612,0.728522,0.289
49,21,0.685567,0.659794,0.749141,0.185
49,22,0.695876,0.652921,0.747423,0.38225
49,23,0.699313,0.646048,0.737113,0.574
49,24,0.704467,0.654639,0.749141,0.47525
49,25,0.524055,0.469072,0.561856,0.6105
49,26,0.496564,0.415808,0.513746,0.874
49,27,0.601375,0.510309,0.603093,0.961
49,28,0.611684,0.496564,0.587629,0.9985
49,29,0.683849,0.621993,0.709622,0.8
49,30,0.690722,0.640893,0.733677,0.529
49,31,0.687285,0.632302,0.718213,0.68875
49,32,0.659794,0.592784,0.678694,0.84375
49,33,0.690722,0.634021,0.721649,0.68725
49,34,0.707904,0.654639,0.749141,0.57825
49,35,0.699313,0.640893,0.733677,0.64525
49,36,0.685567,0.640893,0.730241,0.5475
49,37,0.682131,0.621993,0.709622,0.71725
49,38,0.627148,0.570447,0.659794,0.6835
49,39,0.637457,0.553265,0.642612,0.95175
49,40,0.675258,0.611684,0.699313,0.77025
49,41,0.680412,0.651203,0.742268,0.194
49,42,0.635739,0.635739,0.723368,0.03075
49,43,0.678694,0.654639,0.745704,0.159
49,44,0.701031,0.649485,0.742268,0.54775
49,45,0.702749,0.654639,0.745704,0.50025
49,46,0.694158,0.656357,0.749141,0.32725
49,47,0.680412,0.592784,0.680412,0.96725
49,48,0.656357,0.560137,0.649485,0.98175
50,0,0.649485,0.609966,0.697595,0.42175
50,1,0.565292,0.5189,0.613402,0.465
50,2,0.694158,0.676976,0.757732,0.1125
50,3,0.762887,0.725086,0.800687,0.439
50,4,0.778351,0.745704,0.823024,0.33125
50,5,0.675258,0.66323,0.743986,0.06975
50,6,0.749141,0.730241,0.804124,0.15975
50,7,0.804124,0.756014,0.833333,0.646
50,8,0.417526,0.40378,0.501718,0.066
50,9,0.702749,0.67354,0.757732,0.3085
50,10,0.649485,0.613402,0.701031,0.2985
50,11,0.793814,0.749141,0.823024,0.6055
50,12,0.78866,0.747423,0.824742,0.47925
50,13,0.783505,0.747423,0.82646,0.3855
50,14,0.806452,0.754839,0.877419,0.341
50,15,0.819355,0.780645,0.890323,0.316
50,16,0.812903,0.780645,0.890323,0.22725
50,17,0.806452,0.787097,0.896774,0.15075
50,18,0.752577,0.737113,0.812715,0.127
50,19,0.774914,0.749141,0.82646,0.22375
50,20,0.752577,0.716495,0.793814,0.37175
50,21,0.798969,0.75945,0.833333,0.518
50,22,0.78866,0.750859,0.828179,0.44325
50,23,0.771478,0.737113,0.814433,0.34925
50,24,0.80756,0.754296,0.831615,0.72025
50,25,0.489691,0.462199,0.561856,0.23575
50,26,0.417526,0.386598,0.487973,0.21325
50,27,0.546392,0.524055,0.618557,0.13325
50,28,0.525773,0.508591,0.603093,0.10275
50,29,0.697595,0.689003,0.769759,0.06025
50,30,0.756014,0.725086,0.805842,0.2455
50,31,0.745704,0.707904,0.786942,0.42
50,32,0.656357,0.64433,0.730241,0.062
50,33,0.742268,0.713058,0.793814,0.26475
50,34,0.790378,0.752577,0.829897,0.47975
50,35,0.764605,0.735395,0.814433,0.33775
50,36,0.754296,0.719931,0.797251,0.381
50,37,0.761168,0.695876,0.774914,0.88375
50,38,0.64433,0.609966,0.699313,0.294
50,39,0.616838,0.582474,0.67354,0.29875
50,40,0.726804,0.680412,0.761168,0.602
50,41,0.841924,0.750859,0.824742,0.99925
50,42,0.831615,0.709622,0.790378,0.99975
50,43,0.860825,0.752577,0.828179,1.0
50,44,0.80756,0.745704,0.821306,0.897
50,45,0.809278,0.752577,0.828179,0.8235
50,46,0.800687,0.754296,0.829897,0.6155
50,47,0.67354,0.64433,0.730241,0.2145
50,48,0.632302,0.603093,0.694158,0.2835
50,49,0.666667,0.642612,0.726804,0.205
51,0,0.678694,0.64433,0.728522,0.3705
51,1,0.642612,0.582474,0.675258,0.6805
51,2,0.719931,0.697595,0.773196,0.181
51,3,0.730241,0.685567,0.764605,0.56025
51,4,0.707904,0.656357,0.738832,0.64325
51,5,0.67354,0.676976,0.757732,0.02
51,6,0.723368,0.707904,0.783505,0.13975
51,7,0.702749,0.661512,0.742268,0.4835
51,8,0.491409,0.462199,0.558419,0.22125
51,9,0.666667,0.630584,0.714777,0.38475
51,10,0.634021,0.611684,0.697595,0.17025
51,11,0.723368,0.67354,0.754296,0.66475
51,12,0.701031,0.664948,0.745704,0.4025
51,13,0.695876,0.659794,0.74055,0.47
51,14,0.748387,0.729032,0.851613,0.149
51,15,0.76129,0.696774,0.819355,0.5015
51,16,0.767742,0.709677,0.832258,0.47775
51,17,0.76129,0.703226,0.825806,0.454
51,18,0.69244,0.652921,0.735395,0.38375
51,19,0.694158,0.664948,0.745704,0.3465
51,20,0.706186,0.678694,0.757732,0.2195
51,21,0.714777,0.678694,0.761168,0.32225
51,22,0.694158,0.661512,0.742268,0.36575
51,23,0.701031,0.671821,0.752577,0.27975
51,24,0.709622,0.661512,0.743986,0.631
51,25,0.539519,0.517182,0.613402,0.14075
51,26,0.501718,0.463918,0.561856,0.348
51,27,0.579038,0.549828,0.642612,0.19925
51,28,0.558419,0.530928,0.623711,0.218
51,29,0.682131,0.659794,0.74055,0.202
51,30,0.685567,0.651203,0.733677,0.3015
51,31,0.675258,0.658076,0.742268,0.125
51,32,0.647766,0.634021,0.719931,0.0875
51,33,0.678694,0.654639,0.738832,0.18375
51,34,0.706186,0.666667,0.747423,0.51575
51,35,0.690722,0.66323,0.743986,0.2425
51,36,0.687285,0.656357,0.738832,0.295
51,37,0.783505,0.69244,0.769759,0.99525
51,38,0.680412,0.621993,0.709622,0.712
51,39,0.649485,0.61512,0.704467,0.28825
51,40,0.718213,0.67354,0.756014,0.574
51,41,0.750859,0.67354,0.754296,0.963
51,42,0.792096,0.66323,0.745704,1.0
51,43,0.780069,0.683849,0.764605,0.996
51,44,0.719931,0.66323,0.743986,0.80575
51,45,0.728522,0.676976,0.757732,0.70675
51,46,0.713058,0.666667,0.747423,0.603
51,47,0.685567,0.654639,0.737113,0.34275
51,48,0.637457,0.613402,0.699313,0.198
51,49,0.651203,0.620275,0.707904,0.257
51,50,0.867698,0.689003,0.768041,1.0
