name	Mean	MCSE	StdDev	5%	50%	95%	N_Eff	N_Eff/s	R_hat
theta[1,1]	-0.397	0.00545	0.328	-0.952	-0.387	0.109	3619.0	4.65	1.0
theta[1,2]	0.516	0.00376	0.25	0.0948	0.517	0.916	4431.0	5.7	1.0
theta[1,3]	-0.488	0.00566	0.342	-1.08	-0.468	0.0494	3637.0	4.68	1.0
theta[1,4]	-0.883	0.00574	0.391	-1.53	-0.868	-0.285	4650.0	5.98	1.0
theta[1,5]	1.26	0.00372	0.224	0.903	1.27	1.64	3636.0	4.68	1.0
theta[1,6]	-1.81	0.00845	0.548	-2.77	-1.77	-0.971	4208.0	5.41	1.0
theta[1,7]	-1.02	0.00596	0.407	-1.72	-1.01	-0.408	4669.0	6.01	0.999
theta[1,8]	0.691	0.00395	0.235	0.305	0.692	1.06	3538.0	4.55	1.0
theta[1,9]	0.0963	0.00424	0.276	-0.379	0.103	0.53	4249.0	5.47	1.0
theta[1,10]	0.638	0.00401	0.232	0.255	0.638	1.02	3336.0	4.29	1.0
theta[1,11]	0.304	0.00414	0.254	-0.117	0.309	0.715	3785.0	4.87	1.0
theta[1,12]	1.1	0.00398	0.243	0.699	1.1	1.5	3728.0	4.79	1.0
theta[1,13]	-0.0727	0.00481	0.299	-0.588	-0.0602	0.397	3863.0	4.97	1.0
theta[1,14]	-1.8	0.00841	0.572	-2.79	-1.77	-0.913	4629.0	5.95	1.0
theta[1,15]	-0.358	0.00467	0.317	-0.892	-0.35	0.139	4604.0	5.92	1.0
theta[1,16]	0.592	0.00396	0.242	0.178	0.597	0.985	3731.0	4.8	1.0
theta[1,17]	-0.521	0.00494	0.329	-1.09	-0.508	-0.000588	4444.0	5.72	0.999
theta[1,18]	-0.437	0.00469	0.323	-1.0	-0.418	0.054	4745.0	6.1	0.999
theta[1,19]	-2.06	0.00976	0.62	-3.17	-2.0	-1.14	4032.0	5.19	1.0
theta[1,20]	-0.812	0.00565	0.388	-1.49	-0.795	-0.208	4721.0	6.07	1.0
theta[1,21]	-0.735	0.0056	0.367	-1.36	-0.711	-0.176	4305.0	5.54	1.0
theta[1,22]	-0.07	0.00444	0.285	-0.548	-0.0586	0.392	4131.0	5.31	1.0
theta[1,23]	1.22	0.0037	0.235	0.838	1.22	1.61	4036.0	5.19	1.0
theta[1,24]	-0.911	0.00635	0.407	-1.62	-0.89	-0.285	4114.0	5.29	1.0
theta[1,25]	-1.82	0.0084	0.551	-2.79	-1.78	-0.989	4303.0	5.54	1.0
theta[1,26]	0.539	0.00401	0.241	0.133	0.548	0.929	3606.0	4.64	1.0
theta[1,27]	0.279	0.00398	0.257	-0.157	0.289	0.692	4175.0	5.37	1.0
theta[1,28]	0.922	0.004	0.242	0.52	0.921	1.32	3673.0	4.72	1.0
theta[1,29]	-0.051	0.00424	0.283	-0.527	-0.0463	0.397	4445.0	5.72	1.0
theta[1,30]	0.502	0.00391	0.254	0.0837	0.506	0.902	4206.0	5.41	1.0
theta[1,31]	0.687	0.00367	0.241	0.287	0.689	1.08	4315.0	5.55	1.0
theta[1,32]	-0.568	0.00513	0.341	-1.15	-0.554	-0.0233	4417.0	5.68	0.999
theta[1,33]	-0.884	0.00619	0.409	-1.6	-0.864	-0.252	4354.0	5.6	1.0
theta[1,34]	-1.62	0.00759	0.513	-2.52	-1.59	-0.836	4559.0	5.86	1.0
theta[1,35]	-0.259	0.00464	0.316	-0.808	-0.246	0.241	4654.0	5.99	1.0
theta[1,36]	-0.474	0.00504	0.331	-1.05	-0.461	0.0444	4308.0	5.54	1.0
theta[1,37]	0.465	0.00428	0.242	0.0702	0.466	0.858	3199.0	4.11	1.0
theta[1,38]	-0.625	0.00524	0.358	-1.23	-0.611	-0.0775	4676.0	6.01	0.999
theta[1,39]	-0.282	0.00506	0.317	-0.829	-0.268	0.215	3917.0	5.04	1.0
theta[1,40]	-2.05	0.00899	0.613	-3.12	-2.01	-1.09	4653.0	5.98	1.0
theta[1,41]	0.468	0.00372	0.244	0.0643	0.464	0.854	4294.0	5.52	1.0
theta[1,42]	0.288	0.00419	0.256	-0.126	0.289	0.7	3734.0	4.8	1.0
theta[1,43]	-1.36	0.00698	0.467	-2.17	-1.32	-0.632	4489.0	5.77	1.0
theta[1,44]	0.737	0.00409	0.242	0.337	0.738	1.13	3486.0	4.48	1.0
theta[1,45]	-1.32	0.00734	0.465	-2.13	-1.28	-0.62	4004.0	5.15	1.0
theta[1,46]	-0.676	0.00584	0.361	-1.31	-0.648	-0.121	3824.0	4.92	0.999
theta[1,47]	2.6	0.00483	0.282	2.14	2.59	3.08	3392.0	4.36	1.0
theta[1,48]	0.97	0.00476	0.236	0.583	0.97	1.37	2456.0	3.16	1.0
theta[1,49]	-1.04	0.00658	0.434	-1.8	-1.02	-0.377	4342.0	5.58	1.0
theta[1,50]	0.0184	0.00399	0.27	-0.439	0.0289	0.445	4563.0	5.87	1.0
theta[1,51]	0.24	0.00417	0.259	-0.203	0.244	0.665	3872.0	4.98	1.0
theta[1,52]	1.23	0.00381	0.228	0.858	1.23	1.61	3572.0	4.59	1.0
theta[1,53]	-1.67	0.00828	0.543	-2.63	-1.63	-0.855	4302.0	5.53	0.999
theta[1,54]	-0.838	0.00571	0.384	-1.51	-0.82	-0.254	4523.0	5.82	1.0
theta[1,55]	0.305	0.00399	0.263	-0.145	0.312	0.726	4343.0	5.59	1.0
theta[1,56]	2.11	0.00432	0.242	1.72	2.1	2.5	3131.0	4.03	1.0
theta[1,57]	1.77	0.00425	0.246	1.37	1.77	2.17	3346.0	4.3	1.0
theta[1,58]	-2.04	0.00957	0.602	-3.07	-2.0	-1.12	3958.0	5.09	1.0
theta[1,59]	-0.365	0.00476	0.318	-0.901	-0.352	0.13	4468.0	5.75	1.0
theta[1,60]	0.0111	0.00438	0.274	-0.449	0.012	0.458	3893.0	5.01	1.0
theta[1,61]	-1.17	0.00666	0.435	-1.93	-1.14	-0.503	4257.0	5.48	0.999
theta[1,62]	0.0132	0.0045	0.272	-0.458	0.0223	0.439	3653.0	4.7	1.0
theta[1,63]	-1.54	0.00791	0.515	-2.45	-1.51	-0.769	4236.0	5.45	1.0
theta[1,64]	1.03	0.00373	0.24	0.631	1.02	1.42	4128.0	5.31	1.0
theta[1,65]	0.655	0.00381	0.237	0.261	0.663	1.04	3852.0	4.95	1.0
theta[1,66]	-0.456	0.00485	0.334	-1.04	-0.439	0.0673	4744.0	6.1	1.0
theta[1,67]	-0.515	0.00483	0.324	-1.04	-0.503	-0.0107	4505.0	5.79	0.999
theta[1,68]	-0.498	0.00489	0.333	-1.06	-0.492	0.0331	4633.0	5.96	1.0
theta[1,69]	-0.432	0.00483	0.332	-0.996	-0.417	0.0951	4716.0	6.07	1.0
theta[1,70]	0.154	0.00431	0.265	-0.297	0.157	0.583	3784.0	4.87	1.0
theta[1,71]	-0.906	0.00655	0.399	-1.6	-0.888	-0.293	3706.0	4.77	1.0
theta[1,72]	-0.0222	0.00482	0.282	-0.515	-0.0128	0.424	3427.0	4.41	1.0
theta[1,73]	-0.167	0.00408	0.296	-0.671	-0.156	0.303	5265.0	6.77	0.999
theta[1,74]	-0.966	0.00635	0.412	-1.68	-0.943	-0.339	4214.0	5.42	0.999
theta[1,75]	-1.55	0.00802	0.517	-2.49	-1.51	-0.77	4164.0	5.36	1.0
theta[1,76]	0.221	0.00437	0.26	-0.215	0.231	0.632	3536.0	4.55	1.0
theta[1,77]	0.935	0.00424	0.232	0.548	0.936	1.31	3001.0	3.86	1.0
theta[1,78]	-1.05	0.0059	0.413	-1.76	-1.03	-0.406	4896.0	6.3	1.0
theta[1,79]	-0.878	0.00578	0.398	-1.57	-0.848	-0.261	4734.0	6.09	1.0
theta[1,80]	-0.38	0.00519	0.333	-0.952	-0.371	0.138	4123.0	5.3	1.0
theta[1,81]	2.31	0.00514	0.265	1.89	2.3	2.76	2665.0	3.43	1.0
theta[1,82]	-1.22	0.00657	0.451	-2.02	-1.2	-0.532	4712.0	6.06	1.0
theta[1,83]	-0.506	0.00539	0.343	-1.1	-0.485	0.0281	4034.0	5.19	1.0
theta[1,84]	0.581	0.00411	0.248	0.171	0.585	0.98	3625.0	4.66	0.999
theta[1,85]	0.376	0.00412	0.245	-0.0274	0.38	0.772	3540.0	4.55	1.0
theta[1,86]	0.498	0.00371	0.247	0.0878	0.5	0.896	4451.0	5.73	1.0
theta[1,87]	-1.58	0.0076	0.512	-2.47	-1.54	-0.792	4536.0	5.83	1.0
theta[1,88]	0.21	0.00391	0.255	-0.22	0.219	0.619	4262.0	5.48	1.0
theta[1,89]	0.132	0.00407	0.264	-0.315	0.137	0.563	4214.0	5.42	1.0
theta[1,90]	0.0746	0.00432	0.275	-0.401	0.0806	0.534	4057.0	5.22	0.999
theta[1,91]	1.88	0.00483	0.251	1.46	1.87	2.29	2714.0	3.49	1.0
theta[1,92]	0.791	0.00354	0.239	0.396	0.79	1.19	4540.0	5.84	1.0
theta[1,93]	1.85	0.00426	0.247	1.44	1.84	2.25	3371.0	4.34	1.0
theta[1,94]	0.19	0.0043	0.267	-0.256	0.196	0.612	3861.0	4.97	0.999
theta[1,95]	-1.01	0.00595	0.41	-1.72	-0.981	-0.378	4760.0	6.12	1.0
theta[1,96]	-1.51	0.00768	0.501	-2.39	-1.47	-0.747	4267.0	5.49	1.0
theta[1,97]	0.792	0.00406	0.245	0.385	0.793	1.19	3650.0	4.69	1.0
theta[1,98]	-0.545	0.00586	0.339	-1.13	-0.526	-0.0234	3352.0	4.31	1.0
theta[1,99]	0.197	0.00463	0.259	-0.247	0.201	0.607	3142.0	4.04	1.0
theta[1,100]	-0.943	0.00665	0.423	-1.66	-0.918	-0.283	4053.0	5.21	1.0
theta[1,101]	-0.757	0.00598	0.387	-1.44	-0.732	-0.161	4189.0	5.39	0.999
theta[1,102]	0.211	0.0046	0.269	-0.248	0.221	0.644	3430.0	4.41	1.0
theta[1,103]	0.704	0.00362	0.247	0.296	0.704	1.1	4662.0	6.0	1.0
theta[1,104]	1.67	0.00384	0.246	1.28	1.67	2.09	4108.0	5.28	1.0
theta[1,105]	0.281	0.00369	0.256	-0.148	0.284	0.696	4810.0	6.19	1.0
theta[1,106]	0.092	0.00415	0.263	-0.362	0.105	0.504	4013.0	5.16	1.0
theta[1,107]	0.314	0.00443	0.252	-0.12	0.322	0.72	3232.0	4.16	1.0
theta[1,108]	-0.641	0.0056	0.365	-1.28	-0.625	-0.0879	4238.0	5.45	1.0
theta[1,109]	0.218	0.00396	0.249	-0.208	0.225	0.615	3941.0	5.07	1.0
theta[1,110]	-1.24	0.00669	0.459	-2.04	-1.21	-0.543	4710.0	6.06	0.999
theta[1,111]	-1.09	0.00708	0.439	-1.84	-1.07	-0.413	3834.0	4.93	0.999
theta[1,112]	-0.751	0.00581	0.377	-1.4	-0.732	-0.172	4210.0	5.41	1.0
theta[1,113]	-0.0232	0.00444	0.283	-0.508	-0.0169	0.423	4083.0	5.25	1.0
theta[1,114]	-0.296	0.00475	0.309	-0.808	-0.287	0.195	4228.0	5.44	1.0
theta[1,115]	-0.71	0.00556	0.362	-1.33	-0.687	-0.151	4245.0	5.46	0.999
theta[1,116]	0.346	0.00453	0.26	-0.0943	0.356	0.765	3296.0	4.24	1.0
theta[1,117]	-1.15	0.00707	0.443	-1.91	-1.12	-0.473	3933.0	5.06	1.0
theta[1,118]	-0.0477	0.00459	0.29	-0.555	-0.0362	0.408	3977.0	5.12	1.0
theta[1,119]	0.209	0.00412	0.262	-0.227	0.217	0.621	4051.0	5.21	0.999
theta[1,120]	-1.05	0.00615	0.417	-1.77	-1.03	-0.402	4593.0	5.91	1.0
theta[1,121]	-0.542	0.0055	0.346	-1.16	-0.524	0.0173	3974.0	5.11	1.0
theta[1,122]	-0.941	0.00586	0.395	-1.62	-0.926	-0.323	4551.0	5.85	1.0
theta[1,123]	0.404	0.00397	0.239	0.00291	0.41	0.791	3606.0	4.64	1.0
theta[1,124]	0.767	0.00384	0.227	0.392	0.772	1.13	3484.0	4.48	1.0
theta[1,125]	1.1	0.00374	0.237	0.71	1.1	1.49	3994.0	5.14	1.0
theta[1,126]	-0.196	0.0043	0.303	-0.712	-0.188	0.29	4960.0	6.38	1.0
theta[1,127]	-1.65	0.00828	0.547	-2.63	-1.61	-0.844	4366.0	5.62	1.0
theta[1,128]	0.336	0.004	0.254	-0.0877	0.344	0.739	4037.0	5.19	0.999
theta[1,129]	0.146	0.00418	0.273	-0.318	0.151	0.584	4261.0	5.48	1.0
theta[1,130]	-0.919	0.00616	0.398	-1.6	-0.903	-0.3	4178.0	5.37	0.999
theta[1,131]	1.82	0.00484	0.252	1.41	1.82	2.23	2703.0	3.48	1.0
theta[1,132]	-0.0807	0.00484	0.29	-0.574	-0.0716	0.39	3595.0	4.62	1.0
theta[1,133]	1.32	0.00367	0.235	0.932	1.32	1.71	4120.0	5.3	0.999
theta[1,134]	-1.36	0.00782	0.481	-2.18	-1.32	-0.627	3781.0	4.86	1.0
theta[1,135]	-0.582	0.00523	0.351	-1.18	-0.574	-0.0293	4520.0	5.81	0.999
theta[1,136]	-1.66	0.00744	0.529	-2.58	-1.63	-0.824	5059.0	6.51	1.0
theta[1,137]	-0.757	0.00589	0.38	-1.41	-0.733	-0.161	4173.0	5.37	0.999
theta[1,138]	-0.323	0.00494	0.309	-0.843	-0.312	0.16	3918.0	5.04	1.0
theta[1,139]	0.355	0.00376	0.256	-0.0775	0.363	0.758	4644.0	5.97	1.0
theta[1,140]	-0.993	0.00655	0.419	-1.72	-0.963	-0.359	4094.0	5.27	1.0
theta[1,141]	-1.64	0.00793	0.522	-2.55	-1.61	-0.827	4333.0	5.57	0.999
theta[1,142]	1.02	0.0034	0.226	0.65	1.02	1.39	4421.0	5.69	1.0
theta[1,143]	0.518	0.00396	0.241	0.123	0.521	0.905	3712.0	4.77	1.0
theta[1,144]	-0.0401	0.00447	0.287	-0.531	-0.0331	0.43	4140.0	5.32	1.0
theta[1,145]	-2.05	0.00959	0.599	-3.09	-2.01	-1.13	3905.0	5.02	1.0
theta[1,146]	0.776	0.00391	0.235	0.374	0.782	1.15	3608.0	4.64	1.0
theta[1,147]	-0.319	0.00468	0.31	-0.854	-0.304	0.168	4409.0	5.67	1.0
theta[1,148]	0.122	0.00446	0.272	-0.339	0.131	0.556	3718.0	4.78	1.0
theta[1,149]	1.05	0.00369	0.226	0.682	1.05	1.42	3743.0	4.81	1.0
theta[1,150]	-1.55	0.00827	0.508	-2.44	-1.52	-0.761	3784.0	4.87	1.0
theta[1,151]	-0.637	0.00508	0.364	-1.27	-0.625	-0.0627	5131.0	6.6	1.0
theta[1,152]	-1.0	0.00682	0.428	-1.74	-0.974	-0.354	3938.0	5.06	1.0
theta[1,153]	-0.514	0.00478	0.344	-1.1	-0.5	0.0256	5188.0	6.67	1.0
theta[1,154]	-1.54	0.00762	0.517	-2.45	-1.51	-0.755	4602.0	5.92	1.0
theta[1,155]	-1.66	0.00821	0.532	-2.57	-1.63	-0.846	4200.0	5.4	1.0
theta[1,156]	-0.738	0.00533	0.367	-1.39	-0.711	-0.173	4745.0	6.1	1.0
theta[1,157]	0.604	0.00423	0.244	0.198	0.607	1.0	3316.0	4.26	1.0
theta[1,158]	0.207	0.00434	0.256	-0.211	0.212	0.614	3463.0	4.45	1.0
theta[1,159]	0.236	0.00416	0.252	-0.187	0.241	0.652	3680.0	4.73	1.0
theta[1,160]	0.244	0.0037	0.253	-0.183	0.245	0.648	4704.0	6.05	1.0
theta[1,161]	1.17	0.00457	0.236	0.783	1.17	1.55	2677.0	3.44	1.0
theta[1,162]	-0.389	0.0046	0.31	-0.92	-0.378	0.108	4542.0	5.84	1.0
theta[1,163]	0.807	0.00385	0.237	0.406	0.81	1.19	3797.0	4.88	1.0
theta[1,164]	0.66	0.0037	0.241	0.269	0.666	1.05	4255.0	5.47	1.0
theta[1,165]	-2.05	0.00993	0.596	-3.08	-2.0	-1.14	3603.0	4.63	1.0
theta[1,166]	0.862	0.00413	0.236	0.466	0.864	1.25	3273.0	4.21	1.0
theta[1,167]	0.427	0.00396	0.252	0.00229	0.427	0.833	4028.0	5.18	1.0
theta[1,168]	-1.54	0.00701	0.504	-2.42	-1.5	-0.772	5169.0	6.65	1.0
theta[1,169]	-0.969	0.00666	0.418	-1.68	-0.948	-0.332	3933.0	5.06	1.0
theta[1,170]	-2.04	0.00907	0.613	-3.14	-2.02	-1.1	4565.0	5.87	1.0
theta[1,171]	-1.8	0.00793	0.564	-2.78	-1.77	-0.935	5058.0	6.51	0.999
theta[1,172]	0.0591	0.00445	0.277	-0.406	0.0645	0.504	3878.0	4.99	1.0
theta[1,173]	0.695	0.00468	0.244	0.297	0.695	1.09	2718.0	3.5	1.0
theta[1,174]	1.45	0.00423	0.239	1.05	1.44	1.84	3193.0	4.11	1.0
theta[1,175]	0.229	0.00399	0.264	-0.218	0.235	0.654	4353.0	5.6	0.999
theta[1,176]	-0.242	0.00444	0.296	-0.75	-0.231	0.226	4462.0	5.74	1.0
theta[1,177]	1.36	0.00344	0.235	0.974	1.35	1.74	4649.0	5.98	1.0
theta[1,178]	0.35	0.00445	0.257	-0.0883	0.359	0.762	3343.0	4.3	1.0
theta[1,179]	0.834	0.00412	0.239	0.443	0.837	1.23	3370.0	4.33	1.0
theta[1,180]	-0.366	0.00503	0.335	-0.944	-0.356	0.156	4430.0	5.7	1.0
theta[1,181]	0.0529	0.00431	0.263	-0.391	0.0624	0.463	3731.0	4.8	1.0
theta[1,182]	-0.685	0.00592	0.362	-1.33	-0.665	-0.125	3736.0	4.81	1.0
theta[1,183]	1.71	0.00417	0.245	1.3	1.71	2.13	3440.0	4.43	1.0
theta[1,184]	-0.0722	0.00517	0.285	-0.556	-0.0666	0.376	3042.0	3.91	1.0
theta[1,185]	1.02	0.00375	0.237	0.628	1.01	1.41	3994.0	5.14	1.0
theta[1,186]	0.0744	0.00405	0.277	-0.395	0.083	0.519	4672.0	6.01	1.0
theta[1,187]	0.924	0.00366	0.243	0.523	0.927	1.32	4387.0	5.64	1.0
theta[1,188]	-1.53	0.00785	0.507	-2.44	-1.5	-0.77	4167.0	5.36	1.0
theta[1,189]	-1.18	0.00727	0.456	-1.99	-1.15	-0.486	3936.0	5.06	1.0
theta[1,190]	0.297	0.00473	0.261	-0.14	0.302	0.719	3056.0	3.93	1.0
theta[1,191]	-0.365	0.00484	0.324	-0.934	-0.352	0.145	4467.0	5.75	1.0
theta[1,192]	-0.166	0.00449	0.287	-0.661	-0.154	0.276	4099.0	5.27	1.0
theta[1,193]	-1.09	0.00613	0.426	-1.85	-1.07	-0.439	4831.0	6.21	1.0
theta[1,194]	0.196	0.00419	0.265	-0.239	0.199	0.63	3987.0	5.13	0.999
theta[1,195]	0.0838	0.00413	0.267	-0.366	0.0906	0.5	4162.0	5.35	1.0
theta[1,196]	-2.04	0.00984	0.604	-3.11	-2.0	-1.15	3774.0	4.85	1.0
theta[1,197]	-0.201	0.00479	0.298	-0.715	-0.189	0.274	3857.0	4.96	1.0
theta[1,198]	0.887	0.00384	0.243	0.473	0.896	1.28	4008.0	5.16	1.0
theta[1,199]	-0.84	0.00595	0.401	-1.54	-0.82	-0.212	4545.0	5.85	0.999
theta[1,200]	0.0719	0.00449	0.277	-0.404	0.0793	0.509	3791.0	4.88	1.0
theta[1,201]	-1.85	0.00917	0.58	-2.87	-1.82	-0.964	4000.0	5.14	1.0
theta[1,202]	0.434	0.00415	0.25	0.0136	0.44	0.832	3627.0	4.66	1.0
theta[1,203]	0.49	0.00412	0.235	0.103	0.493	0.871	3237.0	4.16	1.0
theta[1,204]	1.17	0.00462	0.238	0.783	1.16	1.56	2647.0	3.4	1.0
theta[1,205]	-0.715	0.00576	0.368	-1.36	-0.702	-0.135	4080.0	5.25	1.0
theta[1,206]	0.891	0.00376	0.237	0.49	0.894	1.28	3961.0	5.09	1.0
theta[1,207]	0.36	0.00436	0.254	-0.0618	0.362	0.766	3376.0	4.34	1.0
theta[1,208]	0.206	0.00397	0.26	-0.231	0.212	0.622	4295.0	5.52	1.0
theta[1,209]	-1.44	0.00783	0.498	-2.32	-1.4	-0.682	4047.0	5.21	1.0
theta[1,210]	-0.1	0.00504	0.298	-0.602	-0.0908	0.384	3495.0	4.49	1.0
theta[1,211]	-1.46	0.00779	0.489	-2.32	-1.42	-0.718	3947.0	5.08	1.0
theta[1,212]	1.05	0.0039	0.243	0.649	1.04	1.45	3900.0	5.02	1.0
theta[1,213]	0.0903	0.00408	0.276	-0.378	0.0998	0.53	4580.0	5.89	1.0
theta[1,214]	0.956	0.00417	0.222	0.596	0.96	1.32	2832.0	3.64	1.0
theta[1,215]	0.0367	0.00459	0.281	-0.432	0.0424	0.483	3735.0	4.8	1.0
theta[1,216]	0.211	0.00385	0.255	-0.216	0.211	0.612	4382.0	5.64	1.0
theta[1,217]	1.02	0.00414	0.234	0.638	1.02	1.41	3183.0	4.09	1.0
theta[1,218]	0.386	0.0042	0.246	-0.03	0.388	0.776	3428.0	4.41	1.0
theta[1,219]	0.419	0.00381	0.248	0.000792	0.424	0.816	4229.0	5.44	1.0
theta[1,220]	-0.272	0.00482	0.311	-0.804	-0.261	0.226	4160.0	5.35	1.0
theta[1,221]	0.63	0.00383	0.241	0.235	0.631	1.03	3972.0	5.11	1.0
theta[1,222]	-1.6	0.00789	0.545	-2.54	-1.56	-0.767	4785.0	6.15	1.0
theta[1,223]	-0.406	0.00469	0.32	-0.95	-0.395	0.0962	4641.0	5.97	1.0
theta[1,224]	0.543	0.00395	0.242	0.146	0.543	0.93	3751.0	4.82	1.0
theta[1,225]	-1.06	0.00729	0.436	-1.82	-1.03	-0.382	3574.0	4.6	1.0
theta[1,226]	0.0169	0.00394	0.276	-0.458	0.0289	0.458	4903.0	6.31	1.0
theta[1,227]	0.123	0.00426	0.263	-0.325	0.132	0.538	3816.0	4.91	1.0
theta[1,228]	-0.597	0.00581	0.348	-1.2	-0.579	-0.0538	3587.0	4.61	1.0
theta[1,229]	0.511	0.00387	0.243	0.106	0.519	0.898	3936.0	5.06	1.0
theta[1,230]	-0.223	0.00445	0.307	-0.758	-0.205	0.261	4762.0	6.12	1.0
theta[1,231]	-0.896	0.00603	0.396	-1.59	-0.872	-0.284	4309.0	5.54	1.0
theta[1,232]	-0.475	0.00473	0.317	-1.02	-0.466	0.0253	4505.0	5.79	0.999
theta[1,233]	0.684	0.00419	0.24	0.286	0.686	1.07	3290.0	4.23	1.0
theta[1,234]	-0.423	0.00554	0.335	-1.0	-0.404	0.1	3655.0	4.7	1.0
theta[1,235]	0.415	0.00393	0.248	0.00169	0.413	0.807	3965.0	5.1	1.0
theta[1,236]	-1.33	0.00726	0.471	-2.14	-1.3	-0.623	4219.0	5.43	1.0
theta[1,237]	-0.182	0.00443	0.295	-0.7	-0.171	0.285	4437.0	5.71	1.0
theta[1,238]	-0.878	0.00591	0.405	-1.56	-0.863	-0.254	4694.0	6.04	1.0
theta[1,239]	0.664	0.00451	0.237	0.275	0.665	1.06	2765.0	3.56	1.0
theta[1,240]	0.683	0.00393	0.234	0.3	0.678	1.06	3545.0	4.56	1.0
theta[1,241]	0.441	0.00413	0.251	0.0159	0.443	0.851	3688.0	4.74	1.0
theta[1,242]	-0.389	0.00457	0.322	-0.952	-0.374	0.115	4955.0	6.37	1.0
theta[1,243]	0.105	0.00419	0.273	-0.361	0.109	0.54	4235.0	5.45	1.0
theta[1,244]	0.986	0.00327	0.233	0.606	0.98	1.37	5063.0	6.51	1.0
theta[1,245]	-0.125	0.00489	0.276	-0.599	-0.119	0.321	3200.0	4.12	1.0
theta[1,246]	0.478	0.0042	0.25	0.0648	0.483	0.89	3559.0	4.58	1.0
theta[1,247]	-0.331	0.00434	0.299	-0.853	-0.319	0.14	4756.0	6.12	0.999
theta[1,248]	1.19	0.00474	0.238	0.805	1.19	1.58	2515.0	3.24	1.0
theta[1,249]	0.84	0.00425	0.241	0.44	0.843	1.24	3208.0	4.13	1.0
theta[1,250]	-0.491	0.00494	0.335	-1.05	-0.474	0.0272	4605.0	5.92	1.0
theta[1,251]	-0.221	0.00406	0.295	-0.718	-0.212	0.248	5275.0	6.78	1.0
theta[1,252]	0.207	0.00454	0.261	-0.224	0.212	0.624	3293.0	4.23	1.0
theta[1,253]	0.835	0.00388	0.232	0.457	0.838	1.21	3589.0	4.62	1.0
theta[1,254]	-0.0684	0.00428	0.285	-0.543	-0.0648	0.392	4429.0	5.7	0.999
theta[1,255]	0.112	0.00413	0.265	-0.327	0.12	0.53	4120.0	5.3	1.0
theta[1,256]	0.366	0.00451	0.255	-0.0499	0.37	0.776	3186.0	4.1	1.0
theta[1,257]	-0.731	0.00561	0.37	-1.37	-0.714	-0.161	4338.0	5.58	0.999
theta[1,258]	0.359	0.00392	0.246	-0.0442	0.361	0.762	3946.0	5.07	1.0
theta[1,259]	0.631	0.00376	0.242	0.226	0.633	1.02	4119.0	5.3	1.0
theta[1,260]	-1.8	0.0084	0.563	-2.78	-1.75	-0.958	4489.0	5.77	1.0
theta[1,261]	0.602	0.00371	0.235	0.213	0.607	0.977	4019.0	5.17	1.0
theta[1,262]	0.592	0.00391	0.24	0.192	0.596	0.977	3769.0	4.85	0.999
theta[1,263]	0.201	0.00402	0.271	-0.251	0.206	0.637	4550.0	5.85	1.0
theta[1,264]	-0.171	0.00482	0.308	-0.694	-0.153	0.301	4078.0	5.25	1.0
theta[1,265]	-0.793	0.00645	0.388	-1.47	-0.778	-0.196	3619.0	4.66	1.0
theta[1,266]	-0.689	0.00542	0.373	-1.33	-0.679	-0.107	4751.0	6.11	1.0
theta[1,267]	-0.237	0.00451	0.296	-0.747	-0.222	0.228	4304.0	5.54	1.0
theta[1,268]	0.545	0.00445	0.243	0.135	0.545	0.937	2977.0	3.83	0.999
theta[1,269]	-1.54	0.00776	0.515	-2.43	-1.51	-0.748	4407.0	5.67	1.0
theta[1,270]	0.9	0.00429	0.245	0.502	0.903	1.29	3265.0	4.2	1.0
theta[1,271]	0.791	0.00394	0.224	0.422	0.791	1.16	3231.0	4.16	1.0
theta[1,272]	-0.603	0.00586	0.343	-1.19	-0.587	-0.0677	3427.0	4.41	0.999
theta[1,273]	-0.851	0.00648	0.389	-1.52	-0.827	-0.252	3605.0	4.64	1.0
theta[1,274]	0.242	0.0039	0.255	-0.189	0.247	0.649	4277.0	5.5	1.0
theta[1,275]	0.96	0.00371	0.241	0.57	0.958	1.35	4225.0	5.43	1.0
theta[1,276]	1.36	0.00423	0.228	0.985	1.36	1.74	2910.0	3.74	1.0
theta[1,277]	-0.869	0.00627	0.396	-1.55	-0.846	-0.265	3983.0	5.12	1.0
theta[1,278]	0.667	0.00383	0.243	0.254	0.672	1.06	4026.0	5.18	1.0
theta[1,279]	-2.04	0.00948	0.608	-3.08	-2.01	-1.11	4120.0	5.3	1.0
theta[1,280]	1.3	0.00395	0.222	0.938	1.29	1.67	3172.0	4.08	1.0
theta[1,281]	1.49	0.0039	0.239	1.1	1.49	1.89	3754.0	4.83	1.0
theta[1,282]	-1.33	0.00768	0.488	-2.18	-1.3	-0.595	4032.0	5.19	1.0
theta[1,283]	-0.106	0.00435	0.288	-0.592	-0.0925	0.362	4373.0	5.62	1.0
theta[1,284]	-0.462	0.0049	0.327	-1.03	-0.453	0.0618	4466.0	5.74	0.999
theta[1,285]	-0.417	0.005	0.328	-0.97	-0.406	0.0899	4313.0	5.55	1.0
theta[1,286]	1.11	0.004	0.245	0.703	1.1	1.5	3753.0	4.83	1.0
theta[1,287]	1.35	0.00368	0.236	0.961	1.35	1.74	4123.0	5.3	1.0
theta[1,288]	1.74	0.00436	0.248	1.34	1.74	2.15	3234.0	4.16	1.0
theta[1,289]	0.47	0.00416	0.252	0.0577	0.473	0.89	3675.0	4.73	1.0
theta[1,290]	1.8	0.00385	0.246	1.41	1.8	2.21	4067.0	5.23	1.0
theta[1,291]	0.26	0.00389	0.256	-0.175	0.268	0.673	4345.0	5.59	1.0
theta[1,292]	-1.66	0.00793	0.533	-2.59	-1.63	-0.85	4514.0	5.81	1.0
theta[1,293]	-2.04	0.00968	0.619	-3.1	-2.0	-1.11	4090.0	5.26	1.0
theta[1,294]	-0.357	0.00485	0.313	-0.89	-0.345	0.137	4170.0	5.36	1.0
theta[1,295]	-1.35	0.00749	0.474	-2.19	-1.32	-0.645	4007.0	5.15	1.0
theta[1,296]	-1.12	0.00672	0.451	-1.9	-1.08	-0.431	4502.0	5.79	1.0
theta[1,297]	-0.587	0.00564	0.35	-1.21	-0.572	-0.0465	3837.0	4.94	1.0
theta[1,298]	-0.51	0.00493	0.337	-1.09	-0.497	0.0152	4669.0	6.0	0.999
theta[1,299]	-2.05	0.00916	0.614	-3.16	-2.0	-1.11	4501.0	5.79	1.0
theta[1,300]	1.03	0.00446	0.238	0.641	1.03	1.42	2855.0	3.67	1.0
theta[1,301]	0.0856	0.0041	0.269	-0.368	0.0945	0.513	4302.0	5.53	1.0
theta[1,302]	1.51	0.00395	0.234	1.13	1.52	1.89	3526.0	4.53	1.0
theta[1,303]	0.604	0.00408	0.241	0.2	0.607	0.992	3498.0	4.5	1.0
theta[1,304]	0.702	0.00377	0.242	0.297	0.704	1.1	4104.0	5.28	1.0
theta[1,305]	-0.741	0.00648	0.375	-1.39	-0.73	-0.147	3344.0	4.3	1.0
theta[1,306]	0.303	0.00445	0.263	-0.14	0.31	0.721	3479.0	4.47	1.0
theta[1,307]	0.154	0.00422	0.264	-0.282	0.162	0.587	3911.0	5.03	1.0
theta[1,308]	-0.338	0.00514	0.32	-0.878	-0.326	0.165	3870.0	4.98	1.0
theta[1,309]	-1.81	0.0085	0.57	-2.83	-1.78	-0.94	4495.0	5.78	1.0
theta[1,310]	0.305	0.00408	0.247	-0.112	0.312	0.705	3648.0	4.69	1.0
theta[1,311]	1.17	0.00354	0.234	0.79	1.17	1.56	4354.0	5.6	1.0
theta[1,312]	1.3	0.00414	0.231	0.926	1.3	1.68	3102.0	3.99	1.0
theta[1,313]	0.431	0.00379	0.251	0.0189	0.43	0.831	4394.0	5.65	1.0
theta[1,314]	1.26	0.004	0.233	0.878	1.26	1.64	3397.0	4.37	1.0
theta[1,315]	-0.353	0.00492	0.316	-0.911	-0.335	0.149	4123.0	5.3	1.0
theta[1,316]	-0.533	0.00584	0.339	-1.12	-0.514	-0.00163	3381.0	4.35	1.0
theta[1,317]	0.401	0.00407	0.256	-0.0339	0.398	0.815	3967.0	5.1	1.0
theta[1,318]	0.258	0.00367	0.254	-0.17	0.264	0.661	4803.0	6.18	1.0
theta[1,319]	1.07	0.00404	0.233	0.681	1.06	1.45	3309.0	4.26	0.999
theta[1,320]	-0.705	0.00564	0.367	-1.33	-0.681	-0.136	4224.0	5.43	1.0
theta[1,321]	1.59	0.0039	0.25	1.18	1.58	2.0	4123.0	5.3	1.0
theta[1,322]	0.356	0.00442	0.255	-0.0661	0.359	0.769	3320.0	4.27	1.0
theta[1,323]	-0.797	0.00563	0.375	-1.45	-0.775	-0.213	4429.0	5.7	1.0
theta[1,324]	-2.05	0.00884	0.597	-3.07	-2.02	-1.13	4568.0	5.88	1.0
theta[1,325]	0.0878	0.00426	0.272	-0.364	0.0942	0.525	4079.0	5.25	1.0
theta[1,326]	-0.441	0.00485	0.327	-1.01	-0.423	0.0717	4539.0	5.84	1.0
theta[1,327]	0.968	0.00389	0.223	0.614	0.964	1.34	3285.0	4.23	1.0
theta[1,328]	-2.05	0.00904	0.599	-3.11	-2.02	-1.13	4398.0	5.66	1.0
theta[1,329]	1.47	0.00405	0.235	1.08	1.47	1.86	3352.0	4.31	1.0
theta[1,330]	0.848	0.00362	0.237	0.455	0.854	1.23	4289.0	5.52	1.0
theta[1,331]	-0.00853	0.00431	0.282	-0.483	0.000877	0.441	4279.0	5.5	0.999
theta[1,332]	-0.658	0.00572	0.362	-1.27	-0.639	-0.0955	4004.0	5.15	1.0
theta[1,333]	0.888	0.00386	0.237	0.496	0.893	1.27	3758.0	4.83	1.0
theta[1,334]	0.814	0.00422	0.239	0.419	0.818	1.2	3208.0	4.13	1.0
theta[1,335]	0.467	0.00421	0.251	0.0482	0.475	0.874	3544.0	4.56	1.0
theta[1,336]	0.87	0.00361	0.233	0.475	0.87	1.26	4144.0	5.33	0.999
theta[1,337]	0.243	0.00403	0.258	-0.189	0.252	0.643	4113.0	5.29	1.0
theta[1,338]	0.396	0.00445	0.241	-0.00406	0.401	0.79	2934.0	3.77	1.0
theta[1,339]	0.328	0.00399	0.252	-0.0822	0.333	0.733	3983.0	5.12	1.0
theta[1,340]	0.458	0.00397	0.257	0.0235	0.459	0.88	4180.0	5.38	0.999
theta[1,341]	1.72	0.00445	0.242	1.32	1.72	2.12	2966.0	3.82	1.0
theta[1,342]	0.18	0.00452	0.268	-0.261	0.183	0.606	3504.0	4.51	1.0
theta[1,343]	0.927	0.00398	0.234	0.542	0.926	1.31	3452.0	4.44	1.0
theta[1,344]	-0.276	0.005	0.316	-0.808	-0.266	0.226	3987.0	5.13	1.0
theta[1,345]	1.09	0.00419	0.236	0.695	1.09	1.49	3158.0	4.06	1.0
theta[1,346]	-0.292	0.0047	0.309	-0.827	-0.278	0.185	4323.0	5.56	1.0
theta[1,347]	-1.35	0.00747	0.483	-2.18	-1.32	-0.605	4178.0	5.37	1.0
theta[1,348]	-0.108	0.00429	0.289	-0.599	-0.097	0.354	4543.0	5.84	1.0
theta[1,349]	-1.18	0.00643	0.452	-1.96	-1.16	-0.488	4938.0	6.35	1.0
theta[1,350]	0.855	0.00372	0.235	0.46	0.856	1.23	3990.0	5.13	1.0
theta[1,351]	0.197	0.00399	0.267	-0.254	0.205	0.62	4472.0	5.75	1.0
theta[1,352]	0.134	0.00429	0.264	-0.324	0.141	0.558	3796.0	4.88	0.999
theta[1,353]	-1.37	0.00714	0.485	-2.2	-1.34	-0.632	4627.0	5.95	1.0
theta[1,354]	-0.713	0.00564	0.367	-1.33	-0.689	-0.137	4231.0	5.44	1.0
theta[1,355]	-1.7	0.00838	0.549	-2.68	-1.67	-0.896	4297.0	5.53	0.999
theta[1,356]	-1.37	0.00734	0.495	-2.23	-1.33	-0.608	4541.0	5.84	1.0
theta[1,357]	0.137	0.00419	0.266	-0.316	0.138	0.558	4037.0	5.19	1.0
theta[1,358]	-0.0788	0.0044	0.285	-0.555	-0.0695	0.377	4194.0	5.39	1.0
theta[1,359]	0.79	0.00379	0.237	0.406	0.791	1.17	3893.0	5.01	1.0
theta[1,360]	1.64	0.00395	0.247	1.23	1.64	2.05	3928.0	5.05	1.0
theta[1,361]	0.451	0.00386	0.248	0.0373	0.455	0.855	4147.0	5.33	1.0
theta[1,362]	-0.746	0.00587	0.384	-1.42	-0.726	-0.152	4283.0	5.51	0.999
theta[1,363]	1.27	0.00378	0.229	0.898	1.27	1.65	3681.0	4.73	1.0
theta[1,364]	0.791	0.00389	0.238	0.396	0.794	1.19	3746.0	4.82	1.0
theta[1,365]	-2.04	0.0095	0.606	-3.12	-1.99	-1.14	4070.0	5.24	0.999
theta[1,366]	0.31	0.00365	0.252	-0.113	0.321	0.715	4791.0	6.16	1.0
theta[1,367]	0.9	0.00422	0.236	0.503	0.895	1.29	3116.0	4.01	1.0
theta[1,368]	-0.632	0.00547	0.362	-1.27	-0.616	-0.0609	4379.0	5.63	1.0
theta[1,369]	-2.03	0.00877	0.608	-3.09	-2.0	-1.11	4797.0	6.17	1.0
theta[1,370]	-0.473	0.00553	0.327	-1.03	-0.464	0.0514	3492.0	4.49	1.0
theta[1,371]	2.25	0.00476	0.252	1.84	2.24	2.65	2792.0	3.59	1.0
theta[1,372]	0.829	0.00382	0.236	0.438	0.829	1.22	3801.0	4.89	1.0
theta[1,373]	-0.521	0.00481	0.338	-1.11	-0.502	0.00296	4927.0	6.34	0.999
theta[1,374]	0.415	0.00411	0.246	0.011	0.426	0.796	3589.0	4.62	1.0
theta[1,375]	-0.207	0.00479	0.314	-0.74	-0.191	0.294	4306.0	5.54	1.0
theta[1,376]	1.35	0.00398	0.242	0.954	1.35	1.75	3696.0	4.75	1.0
theta[1,377]	0.21	0.00422	0.265	-0.234	0.216	0.635	3931.0	5.06	1.0
theta[1,378]	0.333	0.00407	0.263	-0.1	0.34	0.755	4191.0	5.39	1.0
theta[1,379]	1.69	0.00384	0.242	1.31	1.68	2.1	3963.0	5.1	1.0
theta[1,380]	0.5	0.00355	0.245	0.0857	0.505	0.911	4761.0	6.12	1.0
theta[1,381]	-1.11	0.00649	0.431	-1.87	-1.09	-0.443	4414.0	5.68	0.999
theta[1,382]	0.232	0.00369	0.26	-0.208	0.235	0.647	4980.0	6.41	1.0
theta[1,383]	0.33	0.00387	0.25	-0.0881	0.338	0.723	4185.0	5.38	1.0
theta[1,384]	0.746	0.00422	0.235	0.354	0.753	1.13	3098.0	3.98	1.0
theta[1,385]	-0.564	0.00537	0.351	-1.16	-0.544	-0.0124	4277.0	5.5	1.0
theta[1,386]	-0.0233	0.0043	0.284	-0.506	-0.0124	0.425	4358.0	5.61	0.999
theta[1,387]	-1.43	0.00733	0.499	-2.31	-1.41	-0.675	4639.0	5.97	1.0
theta[1,388]	0.494	0.00372	0.248	0.0675	0.497	0.896	4451.0	5.73	0.999
theta[1,389]	-0.152	0.00465	0.293	-0.646	-0.137	0.311	3979.0	5.12	1.0
theta[1,390]	-0.643	0.00568	0.363	-1.27	-0.623	-0.0855	4083.0	5.25	1.0
theta[1,391]	-0.405	0.00513	0.332	-0.959	-0.394	0.119	4188.0	5.39	1.0
theta[1,392]	0.0545	0.00404	0.272	-0.405	0.0599	0.486	4545.0	5.85	1.0
theta[1,393]	-1.19	0.00707	0.468	-2.02	-1.16	-0.477	4380.0	5.63	1.0
theta[1,394]	0.66	0.00365	0.242	0.259	0.655	1.06	4405.0	5.67	1.0
theta[1,395]	-1.36	0.00733	0.484	-2.23	-1.33	-0.641	4354.0	5.6	0.999
theta[1,396]	-1.83	0.00807	0.548	-2.78	-1.79	-0.982	4613.0	5.93	1.0
theta[1,397]	-0.584	0.00538	0.355	-1.2	-0.568	-0.0234	4359.0	5.61	1.0
theta[1,398]	-0.541	0.00516	0.34	-1.13	-0.521	-0.00694	4348.0	5.59	1.0
theta[1,399]	-1.07	0.00659	0.43	-1.81	-1.04	-0.407	4249.0	5.46	1.0
theta[1,400]	1.28	0.00445	0.241	0.887	1.28	1.68	2922.0	3.76	1.0
theta[1,401]	0.829	0.00398	0.239	0.432	0.826	1.22	3620.0	4.66	1.0
theta[1,402]	1.23	0.00471	0.24	0.84	1.24	1.64	2585.0	3.33	1.0
theta[1,403]	0.221	0.00423	0.27	-0.226	0.231	0.656	4081.0	5.25	1.0
theta[1,404]	-0.882	0.00585	0.398	-1.57	-0.867	-0.262	4632.0	5.96	1.0
theta[1,405]	1.15	0.00459	0.242	0.745	1.16	1.55	2765.0	3.56	1.0
theta[1,406]	-2.06	0.00947	0.607	-3.14	-2.01	-1.13	4111.0	5.29	1.0
theta[1,407]	0.519	0.00456	0.247	0.104	0.522	0.922	2926.0	3.76	1.0
theta[1,408]	-1.23	0.00644	0.451	-2.02	-1.2	-0.537	4901.0	6.3	1.0
theta[1,409]	1.05	0.00393	0.239	0.66	1.05	1.44	3683.0	4.74	1.0
theta[1,410]	1.85	0.00406	0.244	1.44	1.85	2.25	3601.0	4.63	1.0
theta[1,411]	-1.01	0.00616	0.416	-1.75	-0.987	-0.373	4567.0	5.87	1.0
theta[1,412]	1.31	0.00374	0.23	0.94	1.31	1.69	3781.0	4.86	1.0
theta[1,413]	-1.11	0.00643	0.43	-1.86	-1.09	-0.443	4476.0	5.76	1.0
theta[1,414]	-0.486	0.00563	0.341	-1.08	-0.47	0.0421	3658.0	4.71	0.999
theta[1,415]	-1.58	0.00748	0.531	-2.51	-1.56	-0.779	5031.0	6.47	1.0
theta[1,416]	0.044	0.00419	0.281	-0.432	0.0569	0.483	4500.0	5.79	1.0
theta[1,417]	-0.345	0.00514	0.322	-0.897	-0.335	0.171	3938.0	5.06	1.0
theta[1,418]	-0.923	0.00601	0.399	-1.61	-0.906	-0.293	4409.0	5.67	1.0
theta[1,419]	1.2	0.00393	0.245	0.805	1.2	1.61	3887.0	5.0	1.0
theta[1,420]	-2.04	0.00868	0.593	-3.06	-2.01	-1.12	4670.0	6.01	1.0
theta[1,421]	-0.222	0.00449	0.297	-0.726	-0.206	0.253	4377.0	5.63	1.0
theta[1,422]	0.467	0.00429	0.248	0.0427	0.473	0.856	3336.0	4.29	1.0
theta[1,423]	-1.08	0.00671	0.426	-1.82	-1.05	-0.413	4022.0	5.17	1.0
theta[1,424]	-0.0137	0.0047	0.283	-0.498	-0.00129	0.435	3634.0	4.67	0.999
theta[1,425]	-0.532	0.00521	0.348	-1.13	-0.521	0.0169	4469.0	5.75	1.0
theta[1,426]	-0.0681	0.00431	0.3	-0.58	-0.0543	0.396	4845.0	6.23	1.0
theta[1,427]	-0.876	0.00612	0.4	-1.58	-0.851	-0.258	4267.0	5.49	1.0
theta[1,428]	0.0655	0.0044	0.268	-0.393	0.0719	0.497	3715.0	4.78	1.0
theta[1,429]	0.67	0.00379	0.236	0.28	0.672	1.06	3881.0	4.99	1.0
theta[1,430]	0.794	0.004	0.239	0.385	0.796	1.18	3574.0	4.6	1.0
theta[1,431]	-0.429	0.00493	0.316	-0.973	-0.412	0.0665	4109.0	5.29	0.999
theta[1,432]	0.636	0.00387	0.231	0.249	0.637	1.0	3579.0	4.6	1.0
theta[1,433]	-0.431	0.00506	0.341	-1.01	-0.41	0.104	4539.0	5.84	1.0
theta[1,434]	-0.105	0.00531	0.293	-0.601	-0.0883	0.359	3040.0	3.91	1.0
theta[1,435]	-1.45	0.00754	0.504	-2.33	-1.42	-0.672	4474.0	5.75	1.0
theta[1,436]	-1.22	0.00647	0.462	-2.03	-1.19	-0.506	5104.0	6.56	0.999
theta[1,437]	-1.55	0.00707	0.505	-2.42	-1.52	-0.777	5097.0	6.56	1.0
theta[1,438]	-0.164	0.00453	0.308	-0.702	-0.15	0.314	4628.0	5.95	1.0
theta[1,439]	-1.15	0.00636	0.444	-1.92	-1.12	-0.477	4869.0	6.26	1.0
theta[1,440]	1.19	0.00406	0.234	0.796	1.2	1.59	3331.0	4.28	1.0
theta[1,441]	0.00963	0.00414	0.269	-0.446	0.0176	0.454	4211.0	5.42	1.0
theta[1,442]	-0.76	0.00537	0.366	-1.4	-0.747	-0.182	4652.0	5.98	1.0
theta[1,443]	-0.894	0.00593	0.4	-1.58	-0.866	-0.265	4560.0	5.87	1.0
theta[1,444]	0.447	0.00426	0.247	0.0238	0.454	0.851	3373.0	4.34	1.0
theta[1,445]	0.341	0.00444	0.255	-0.0819	0.346	0.748	3288.0	4.23	1.0
theta[1,446]	-1.08	0.00613	0.423	-1.82	-1.06	-0.417	4767.0	6.13	1.0
theta[1,447]	-0.724	0.00588	0.362	-1.33	-0.701	-0.165	3789.0	4.87	1.0
theta[1,448]	-0.822	0.00615	0.384	-1.49	-0.799	-0.23	3901.0	5.02	1.0
theta[1,449]	-0.251	0.00466	0.306	-0.767	-0.235	0.224	4304.0	5.54	1.0
theta[1,450]	1.67	0.00395	0.231	1.29	1.67	2.05	3432.0	4.41	1.0
theta[1,451]	1.22	0.00389	0.231	0.844	1.22	1.61	3546.0	4.56	1.0
theta[1,452]	1.21	0.00382	0.24	0.818	1.21	1.62	3933.0	5.06	1.0
theta[1,453]	0.401	0.00392	0.245	-0.00723	0.408	0.794	3901.0	5.02	1.0
theta[1,454]	0.183	0.00414	0.268	-0.271	0.192	0.611	4192.0	5.39	1.0
theta[1,455]	1.54	0.00381	0.231	1.16	1.54	1.92	3664.0	4.71	1.0
theta[1,456]	-0.118	0.00452	0.287	-0.605	-0.115	0.348	4028.0	5.18	1.0
theta[1,457]	-0.14	0.00454	0.288	-0.633	-0.13	0.321	4017.0	5.17	1.0
theta[1,458]	0.808	0.00421	0.238	0.406	0.81	1.19	3196.0	4.11	1.0
theta[1,459]	0.681	0.00353	0.231	0.29	0.688	1.05	4284.0	5.51	1.0
theta[1,460]	0.46	0.00399	0.247	0.048	0.469	0.862	3834.0	4.93	1.0
theta[1,461]	1.21	0.00436	0.24	0.814	1.2	1.6	3035.0	3.9	1.0
theta[1,462]	-0.384	0.00516	0.32	-0.939	-0.369	0.116	3853.0	4.96	1.0
theta[1,463]	0.211	0.00382	0.254	-0.214	0.22	0.617	4445.0	5.72	1.0
theta[1,464]	-0.744	0.0053	0.367	-1.38	-0.724	-0.17	4792.0	6.16	1.0
theta[1,465]	1.23	0.00421	0.235	0.852	1.23	1.62	3109.0	4.0	1.0
theta[1,466]	0.0699	0.00448	0.268	-0.386	0.0778	0.493	3582.0	4.61	1.0
theta[1,467]	1.34	0.00385	0.236	0.954	1.34	1.72	3748.0	4.82	1.0
theta[1,468]	-0.521	0.00512	0.339	-1.1	-0.506	0.00598	4379.0	5.63	1.0
theta[1,469]	-0.427	0.0049	0.332	-0.986	-0.408	0.091	4578.0	5.89	1.0
theta[1,470]	-0.2	0.00504	0.296	-0.706	-0.194	0.281	3435.0	4.42	0.999
theta[1,471]	-1.75	0.00869	0.554	-2.72	-1.71	-0.92	4070.0	5.24	1.0
theta[1,472]	-0.386	0.00468	0.318	-0.932	-0.374	0.12	4599.0	5.92	0.999
theta[1,473]	-0.0817	0.00467	0.295	-0.589	-0.0708	0.4	3983.0	5.12	1.0
theta[1,474]	-0.381	0.00504	0.324	-0.931	-0.371	0.127	4132.0	5.31	1.0
theta[1,475]	0.451	0.00413	0.245	0.0558	0.448	0.858	3537.0	4.55	0.999
theta[1,476]	-0.69	0.0051	0.358	-1.31	-0.67	-0.128	4929.0	6.34	1.0
theta[1,477]	-0.0984	0.00434	0.283	-0.57	-0.0877	0.345	4252.0	5.47	1.0
theta[1,478]	1.09	0.00478	0.239	0.695	1.09	1.48	2505.0	3.22	1.0
theta[1,479]	0.309	0.00436	0.262	-0.135	0.316	0.728	3604.0	4.64	1.0
theta[1,480]	-1.21	0.00652	0.437	-1.97	-1.18	-0.55	4499.0	5.79	1.0
theta[1,481]	-1.36	0.0071	0.481	-2.22	-1.33	-0.634	4577.0	5.89	0.999
theta[1,482]	0.747	0.00404	0.25	0.339	0.746	1.15	3823.0	4.92	1.0
theta[1,483]	0.237	0.0044	0.252	-0.181	0.241	0.648	3291.0	4.23	1.0
theta[1,484]	-1.28	0.00667	0.456	-2.08	-1.25	-0.581	4682.0	6.02	0.999
theta[1,485]	-1.48	0.00715	0.482	-2.3	-1.45	-0.743	4550.0	5.85	1.0
theta[1,486]	1.36	0.00361	0.23	0.983	1.35	1.73	4071.0	5.24	1.0
theta[1,487]	-0.369	0.00463	0.316	-0.921	-0.353	0.115	4648.0	5.98	1.0
theta[1,488]	0.808	0.00353	0.23	0.44	0.808	1.19	4219.0	5.43	1.0
theta[1,489]	0.425	0.0036	0.242	0.0199	0.431	0.818	4534.0	5.83	1.0
theta[1,490]	-0.853	0.00628	0.389	-1.52	-0.835	-0.248	3830.0	4.93	1.0
theta[1,491]	0.862	0.0037	0.233	0.479	0.858	1.26	3970.0	5.11	1.0
theta[1,492]	0.0279	0.00459	0.28	-0.454	0.034	0.478	3733.0	4.8	1.0
theta[1,493]	-1.82	0.0092	0.556	-2.78	-1.78	-0.965	3661.0	4.71	1.0
theta[1,494]	1.57	0.00423	0.239	1.18	1.57	1.98	3190.0	4.1	1.0
theta[1,495]	-1.46	0.00765	0.509	-2.35	-1.44	-0.675	4438.0	5.71	1.0
theta[1,496]	-1.59	0.00781	0.519	-2.47	-1.55	-0.803	4425.0	5.69	1.0
theta[1,497]	0.197	0.00443	0.259	-0.232	0.199	0.612	3423.0	4.4	0.999
theta[1,498]	0.911	0.00372	0.239	0.523	0.906	1.3	4106.0	5.28	1.0
theta[1,499]	-0.182	0.0045	0.302	-0.679	-0.175	0.295	4499.0	5.79	1.0
theta[1,500]	0.538	0.00378	0.241	0.132	0.54	0.932	4055.0	5.22	1.0
theta[1,501]	0.126	0.00401	0.272	-0.342	0.134	0.553	4610.0	5.93	1.0
theta[1,502]	-0.545	0.00497	0.334	-1.15	-0.532	-0.0124	4515.0	5.81	1.0
theta[1,503]	-1.16	0.00729	0.445	-1.94	-1.13	-0.496	3722.0	4.79	1.0
theta[1,504]	-0.832	0.00632	0.391	-1.51	-0.809	-0.222	3829.0	4.92	1.0
theta[1,505]	-1.55	0.0076	0.516	-2.44	-1.52	-0.762	4600.0	5.92	0.999
theta[1,506]	-0.829	0.00581	0.391	-1.51	-0.81	-0.21	4530.0	5.83	1.0
theta[1,507]	-0.106	0.00422	0.285	-0.584	-0.0955	0.352	4558.0	5.86	1.0
theta[1,508]	0.694	0.00413	0.242	0.301	0.695	1.09	3418.0	4.4	1.0
theta[1,509]	-0.311	0.00499	0.311	-0.836	-0.298	0.168	3882.0	4.99	1.0
theta[1,510]	0.486	0.00426	0.245	0.0761	0.49	0.886	3317.0	4.27	1.0
theta[1,511]	0.69	0.00482	0.24	0.293	0.693	1.08	2488.0	3.2	1.0
theta[1,512]	0.701	0.00392	0.24	0.311	0.704	1.1	3758.0	4.83	0.999
theta[1,513]	-0.0358	0.00415	0.281	-0.509	-0.0354	0.421	4601.0	5.92	0.999
theta[1,514]	0.788	0.00398	0.239	0.392	0.793	1.18	3608.0	4.64	1.0
theta[1,515]	0.976	0.00412	0.235	0.596	0.974	1.36	3266.0	4.2	1.0
theta[1,516]	-0.594	0.00526	0.346	-1.2	-0.576	-0.0556	4318.0	5.55	1.0
theta[1,517]	1.16	0.00385	0.237	0.772	1.15	1.54	3788.0	4.87	1.0
theta[1,518]	-0.437	0.00525	0.335	-1.01	-0.427	0.0868	4067.0	5.23	1.0
theta[1,519]	0.502	0.00384	0.246	0.106	0.501	0.902	4092.0	5.26	1.0
theta[1,520]	0.358	0.00395	0.253	-0.0617	0.363	0.765	4120.0	5.3	1.0
theta[1,521]	0.485	0.00387	0.242	0.0811	0.486	0.882	3924.0	5.05	1.0
theta[1,522]	-0.093	0.00444	0.288	-0.58	-0.0861	0.356	4220.0	5.43	0.999
theta[1,523]	0.744	0.00386	0.24	0.352	0.743	1.13	3864.0	4.97	1.0
theta[1,524]	-1.2	0.00712	0.451	-2.0	-1.17	-0.507	4015.0	5.16	1.0
theta[1,525]	-0.366	0.00506	0.322	-0.915	-0.358	0.135	4044.0	5.2	1.0
theta[1,526]	1.86	0.00404	0.251	1.45	1.85	2.27	3849.0	4.95	1.0
theta[1,527]	-1.46	0.00756	0.498	-2.33	-1.43	-0.701	4349.0	5.59	1.0
theta[1,528]	0.872	0.00429	0.247	0.459	0.874	1.27	3313.0	4.26	1.0
theta[1,529]	-0.223	0.00509	0.301	-0.745	-0.209	0.247	3507.0	4.51	1.0
theta[1,530]	1.49	0.00371	0.244	1.1	1.49	1.89	4307.0	5.54	1.0
theta[1,531]	0.247	0.00408	0.263	-0.199	0.257	0.662	4149.0	5.34	0.999
theta[1,532]	-2.05	0.00847	0.583	-3.06	-2.02	-1.14	4737.0	6.09	1.0
theta[1,533]	0.0594	0.00425	0.273	-0.394	0.0658	0.51	4117.0	5.3	1.0
theta[1,534]	0.0124	0.00454	0.283	-0.458	0.0172	0.457	3879.0	4.99	0.999
theta[1,535]	-0.489	0.00518	0.332	-1.07	-0.478	0.0316	4112.0	5.29	0.999
theta[1,536]	0.191	0.00396	0.261	-0.251	0.204	0.608	4357.0	5.6	1.0
theta[1,537]	0.76	0.00385	0.237	0.369	0.76	1.15	3782.0	4.86	1.0
theta[1,538]	0.567	0.00411	0.248	0.16	0.568	0.963	3651.0	4.7	1.0
theta[1,539]	0.337	0.00372	0.246	-0.0786	0.339	0.741	4353.0	5.6	1.0
theta[1,540]	0.166	0.00429	0.262	-0.267	0.174	0.591	3724.0	4.79	1.0
theta[1,541]	0.0512	0.00438	0.278	-0.416	0.0621	0.49	4032.0	5.19	1.0
theta[1,542]	-0.67	0.00573	0.362	-1.28	-0.644	-0.111	3990.0	5.13	1.0
theta[1,543]	-0.299	0.00489	0.318	-0.849	-0.285	0.204	4219.0	5.43	1.0
theta[1,544]	-0.776	0.00567	0.378	-1.43	-0.75	-0.19	4431.0	5.7	1.0
theta[1,545]	-0.627	0.00543	0.356	-1.25	-0.61	-0.0587	4303.0	5.53	1.0
theta[1,546]	0.0894	0.00443	0.273	-0.373	0.101	0.524	3780.0	4.86	1.0
theta[1,547]	-0.18	0.00463	0.305	-0.706	-0.17	0.309	4331.0	5.57	1.0
theta[1,548]	0.04	0.00418	0.266	-0.42	0.0509	0.465	4054.0	5.21	1.0
theta[1,549]	0.0427	0.00403	0.277	-0.424	0.0536	0.481	4739.0	6.09	1.0
theta[1,550]	-0.644	0.00552	0.363	-1.29	-0.622	-0.0763	4336.0	5.58	0.999
theta[1,551]	0.217	0.00409	0.266	-0.234	0.226	0.642	4228.0	5.44	0.999
theta[1,552]	1.09	0.00424	0.243	0.697	1.08	1.49	3288.0	4.23	1.0
theta[1,553]	-0.736	0.00548	0.364	-1.36	-0.721	-0.159	4412.0	5.67	1.0
theta[1,554]	1.76	0.00441	0.239	1.38	1.76	2.15	2951.0	3.8	1.0
theta[1,555]	-0.683	0.00547	0.366	-1.31	-0.664	-0.107	4482.0	5.77	0.999
theta[1,556]	0.462	0.00422	0.246	0.0486	0.467	0.859	3391.0	4.36	1.0
theta[1,557]	0.528	0.00415	0.238	0.126	0.533	0.904	3293.0	4.24	1.0
theta[1,558]	0.218	0.0039	0.261	-0.216	0.22	0.644	4467.0	5.75	1.0
theta[1,559]	-1.8	0.00855	0.555	-2.76	-1.75	-0.968	4215.0	5.42	1.0
theta[1,560]	0.705	0.00432	0.242	0.303	0.708	1.1	3149.0	4.05	1.0
theta[1,561]	-1.8	0.00916	0.557	-2.74	-1.78	-0.921	3695.0	4.75	1.0
theta[1,562]	-0.675	0.00553	0.36	-1.28	-0.653	-0.117	4236.0	5.45	1.0
theta[1,563]	-0.0484	0.0048	0.282	-0.521	-0.0453	0.4	3444.0	4.43	1.0
theta[1,564]	-0.908	0.00596	0.402	-1.6	-0.888	-0.287	4561.0	5.87	1.0
theta[1,565]	-0.275	0.00438	0.302	-0.8	-0.26	0.201	4750.0	6.11	0.999
theta[1,566]	-1.49	0.00751	0.505	-2.37	-1.45	-0.72	4522.0	5.82	1.0
theta[1,567]	-1.66	0.00822	0.538	-2.61	-1.64	-0.832	4288.0	5.52	1.0
theta[1,568]	0.0278	0.00463	0.281	-0.444	0.0418	0.474	3689.0	4.75	1.0
theta[1,569]	-0.174	0.00451	0.298	-0.673	-0.165	0.307	4357.0	5.6	1.0
theta[1,570]	-0.353	0.00493	0.316	-0.882	-0.342	0.15	4113.0	5.29	1.0
theta[1,571]	0.619	0.00371	0.242	0.222	0.618	1.02	4239.0	5.45	1.0
theta[1,572]	-0.276	0.00478	0.312	-0.812	-0.264	0.208	4260.0	5.48	1.0
theta[1,573]	-0.665	0.00537	0.368	-1.31	-0.643	-0.0891	4708.0	6.06	1.0
theta[1,574]	-0.912	0.00595	0.408	-1.61	-0.894	-0.282	4713.0	6.06	1.0
theta[1,575]	-0.0496	0.00447	0.284	-0.539	-0.0435	0.403	4048.0	5.21	1.0
theta[1,576]	1.17	0.00353	0.234	0.79	1.17	1.57	4383.0	5.64	1.0
theta[1,577]	1.08	0.00346	0.234	0.684	1.08	1.46	4546.0	5.85	1.0
theta[1,578]	-1.49	0.0077	0.498	-2.38	-1.45	-0.742	4175.0	5.37	1.0
theta[1,579]	0.881	0.00444	0.236	0.494	0.885	1.27	2824.0	3.63	1.0
theta[1,580]	-0.31	0.00507	0.319	-0.838	-0.305	0.204	3960.0	5.09	1.0
theta[1,581]	-0.812	0.00564	0.394	-1.51	-0.782	-0.207	4877.0	6.27	1.0
theta[1,582]	0.442	0.0038	0.25	0.0215	0.447	0.842	4330.0	5.57	1.0
alpha[1,1]	1.82	0.00309	0.178	1.53	1.81	2.12	3323.0	4.27	1.0
alpha[2,1]	2.06	0.00338	0.203	1.74	2.06	2.4	3613.0	4.65	1.0
alpha[3,1]	2.53	0.00487	0.257	2.12	2.51	2.95	2780.0	3.58	1.0
alpha[4,1]	1.69	0.00385	0.203	1.38	1.69	2.04	2781.0	3.58	1.0
alpha[5,1]	1.25	0.00502	0.275	0.81	1.24	1.72	2997.0	3.85	1.0
alpha[6,1]	1.95	0.00347	0.197	1.64	1.94	2.29	3218.0	4.14	0.999
alpha[7,1]	2.24	0.00484	0.247	1.85	2.22	2.66	2598.0	3.34	1.0
alpha[8,1]	2.01	0.00846	0.426	1.36	1.98	2.75	2538.0	3.26	1.0
alpha[9,1]	0.709	0.00168	0.105	0.537	0.709	0.88	3916.0	5.04	1.0
alpha[10,1]	0.776	0.00207	0.126	0.574	0.773	0.991	3720.0	4.78	1.0
alpha[11,1]	0.917	0.00199	0.122	0.721	0.916	1.12	3755.0	4.83	0.999
alpha[12,1]	1.61	0.00498	0.245	1.23	1.6	2.03	2427.0	3.12	1.0
alpha[13,1]	1.48	0.00525	0.281	1.03	1.46	1.95	2864.0	3.68	1.0
alpha[14,1]	1.23	0.00696	0.328	0.706	1.23	1.78	2229.0	2.87	1.0
alpha[15,1]	2.2	0.00988	0.509	1.45	2.16	3.11	2653.0	3.41	1.0
alpha[16,1]	1.36	0.0126	0.628	0.371	1.33	2.46	2502.0	3.22	1.0
alpha[17,1]	1.78	0.0112	0.585	0.883	1.75	2.79	2743.0	3.53	1.0
alpha[18,1]	1.74	0.0145	0.683	0.646	1.72	2.9	2218.0	2.85	1.0
alpha[19,1]	1.03	0.00377	0.209	0.698	1.03	1.38	3091.0	3.98	1.0
alpha[20,1]	1.42	0.00588	0.296	0.947	1.41	1.92	2528.0	3.25	1.0
alpha[21,1]	1.59	0.00385	0.19	1.29	1.58	1.92	2431.0	3.13	1.0
alpha[22,1]	2.17	0.0069	0.317	1.68	2.15	2.71	2111.0	2.72	1.0
alpha[23,1]	1.48	0.00644	0.331	0.959	1.46	2.04	2642.0	3.4	1.0
alpha[24,1]	1.42	0.00439	0.216	1.07	1.42	1.78	2415.0	3.11	1.0
alpha[25,1]	1.94	0.00913	0.434	1.26	1.91	2.7	2259.0	2.91	1.0
alpha[26,1]	1.15	0.00207	0.127	0.946	1.15	1.36	3782.0	4.86	0.999
alpha[27,1]	1.2	0.00242	0.136	0.982	1.2	1.43	3154.0	4.06	1.0
alpha[28,1]	0.83	0.00172	0.11	0.647	0.831	1.01	4073.0	5.24	1.0
alpha[29,1]	0.616	0.00155	0.102	0.451	0.617	0.788	4309.0	5.54	1.0
alpha[30,1]	1.2	0.00265	0.153	0.953	1.2	1.45	3321.0	4.27	1.0
alpha[31,1]	0.965	0.0035	0.195	0.659	0.959	1.3	3120.0	4.01	1.0
alpha[32,1]	1.11	0.00291	0.162	0.855	1.11	1.38	3084.0	3.97	1.0
alpha[33,1]	1.09	0.00226	0.141	0.867	1.09	1.33	3863.0	4.97	0.999
alpha[34,1]	1.05	0.00309	0.172	0.772	1.04	1.34	3091.0	3.98	1.0
alpha[35,1]	1.55	0.00617	0.303	1.07	1.53	2.06	2414.0	3.1	1.0
alpha[36,1]	1.2	0.004	0.199	0.878	1.2	1.53	2483.0	3.19	1.0
alpha[37,1]	1.04	0.00308	0.172	0.762	1.04	1.33	3141.0	4.04	1.0
alpha[38,1]	1.99	0.00387	0.204	1.67	1.98	2.34	2789.0	3.59	1.0
alpha[39,1]	1.23	0.00223	0.143	1.0	1.23	1.47	4107.0	5.28	1.0
alpha[40,1]	1.5	0.00245	0.154	1.25	1.5	1.76	3939.0	5.07	1.0
alpha[41,1]	1.62	0.00288	0.173	1.34	1.62	1.92	3618.0	4.65	1.0
alpha[42,1]	1.61	0.00497	0.252	1.21	1.61	2.04	2576.0	3.31	0.999
alpha[43,1]	1.24	0.00299	0.172	0.976	1.24	1.54	3312.0	4.26	1.0
alpha[44,1]	1.95	0.0056	0.264	1.54	1.94	2.4	2222.0	2.86	1.0
alpha[45,1]	1.23	0.00474	0.246	0.83	1.22	1.65	2698.0	3.47	1.0
alpha[46,1]	1.76	0.00484	0.255	1.34	1.75	2.19	2777.0	3.57	1.0
alpha[47,1]	1.78	0.00656	0.334	1.25	1.78	2.36	2601.0	3.35	1.0
alpha[48,1]	1.45	0.00259	0.159	1.19	1.44	1.72	3763.0	4.84	1.0
alpha[49,1]	1.11	0.00195	0.126	0.906	1.11	1.32	4132.0	5.31	1.0
alpha[50,1]	0.896	0.00202	0.126	0.695	0.894	1.1	3878.0	4.99	1.0
alpha[51,1]	1.82	0.0041	0.211	1.49	1.81	2.18	2651.0	3.41	1.0
alpha[52,1]	2.21	0.0043	0.228	1.84	2.2	2.6	2795.0	3.59	1.0
beta[1]	0.345	0.0054	0.13	0.134	0.344	0.561	585.0	0.752	1.0
beta[2]	-0.585	0.00661	0.143	-0.826	-0.585	-0.356	465.0	0.599	1.0
beta[3]	1.1	0.00784	0.177	0.826	1.1	1.4	511.0	0.657	1.0
beta[4]	2.06	0.00566	0.181	1.77	2.05	2.37	1023.0	1.32	1.0
beta[5]	3.61	0.00576	0.304	3.14	3.6	4.15	2791.0	3.59	1.0
beta[6]	0.939	0.00642	0.149	0.7	0.935	1.19	538.0	0.693	1.0
beta[7]	2.03	0.00719	0.208	1.71	2.02	2.39	840.0	1.08	1.0
beta[8]	4.99	0.0109	0.563	4.14	4.96	6.01	2655.0	3.42	1.0
beta[9]	-0.792	0.00233	0.1	-0.959	-0.791	-0.629	1847.0	2.38	1.0
beta[10]	1.38	0.00282	0.115	1.19	1.37	1.57	1672.0	2.15	1.0
beta[11]	0.704	0.00285	0.0994	0.541	0.703	0.872	1212.0	1.56	1.0
beta[12]	3.19	0.00659	0.267	2.77	3.18	3.65	1641.0	2.11	1.0
beta[13]	3.56	0.00606	0.312	3.09	3.53	4.12	2641.0	3.4	1.0
beta[14]	4.08	0.00691	0.369	3.51	4.07	4.73	2853.0	3.67	1.0
beta[15]	2.36	0.00838	0.401	1.74	2.33	3.07	2288.0	2.94	1.0
beta[16]	4.22	0.0139	0.712	3.18	4.15	5.48	2625.0	3.38	1.0
beta[17]	3.83	0.0126	0.643	2.88	3.77	5.01	2604.0	3.35	1.0
beta[18]	4.51	0.0167	0.819	3.32	4.41	6.0	2413.0	3.1	1.0
beta[19]	2.82	0.00408	0.212	2.49	2.81	3.19	2713.0	3.49	1.0
beta[20]	3.76	0.00663	0.332	3.24	3.73	4.35	2507.0	3.22	1.0
beta[21]	1.91	0.00524	0.17	1.65	1.91	2.2	1058.0	1.36	1.0
beta[22]	3.72	0.00884	0.358	3.16	3.69	4.34	1639.0	2.11	1.0
beta[23]	4.11	0.0074	0.384	3.51	4.09	4.79	2695.0	3.47	1.0
beta[24]	2.68	0.00522	0.216	2.34	2.67	3.04	1713.0	2.2	1.0
beta[25]	4.92	0.0115	0.553	4.09	4.88	5.88	2294.0	2.95	1.0
beta[26]	-0.684	0.00368	0.11	-0.864	-0.682	-0.508	894.0	1.15	1.0
beta[27]	-1.28	0.00398	0.13	-1.49	-1.27	-1.06	1072.0	1.38	1.0
beta[28]	-0.0101	0.00278	0.0956	-0.168	-0.00855	0.147	1179.0	1.52	1.0
beta[29]	-0.00371	0.00193	0.0915	-0.154	-0.00337	0.149	2248.0	2.89	1.0
beta[30]	1.47	0.00432	0.135	1.26	1.47	1.7	980.0	1.26	1.0
beta[31]	2.59	0.00372	0.186	2.29	2.58	2.9	2497.0	3.21	1.0
beta[32]	1.87	0.0042	0.153	1.63	1.86	2.13	1318.0	1.69	1.0
beta[33]	0.946	0.00325	0.113	0.76	0.944	1.13	1218.0	1.57	1.0
beta[34]	2.04	0.00388	0.159	1.78	2.03	2.31	1683.0	2.16	1.0
beta[35]	3.82	0.00719	0.349	3.28	3.8	4.43	2351.0	3.02	1.0
beta[36]	2.54	0.00438	0.196	2.23	2.53	2.87	2008.0	2.58	1.0
beta[37]	2.18	0.00373	0.16	1.93	2.18	2.46	1845.0	2.37	1.0
beta[38]	1.39	0.00684	0.163	1.13	1.39	1.66	570.0	0.733	1.0
beta[39]	0.532	0.0036	0.112	0.353	0.531	0.721	965.0	1.24	1.0
beta[40]	0.184	0.00509	0.121	-0.00902	0.182	0.391	567.0	0.73	1.0
beta[41]	1.2	0.00482	0.139	0.984	1.2	1.44	831.0	1.07	1.0
beta[42]	3.19	0.00616	0.272	2.77	3.18	3.66	1954.0	2.51	1.0
beta[43]	1.9	0.00377	0.155	1.65	1.89	2.16	1693.0	2.18	1.0
beta[44]	3.09	0.00738	0.273	2.67	3.07	3.56	1373.0	1.77	1.0
beta[45]	3.19	0.00583	0.262	2.78	3.18	3.65	2012.0	2.59	1.0
beta[46]	3.28	0.00605	0.276	2.84	3.27	3.76	2087.0	2.68	1.0
beta[47]	4.14	0.00811	0.399	3.52	4.12	4.83	2422.0	3.11	1.0
beta[48]	0.836	0.00436	0.124	0.641	0.834	1.05	808.0	1.04	1.0
beta[49]	0.471	0.00346	0.106	0.302	0.47	0.644	941.0	1.21	1.0
beta[50]	0.955	0.00323	0.109	0.778	0.955	1.13	1132.0	1.46	1.0
beta[51]	1.92	0.00524	0.18	1.64	1.92	2.22	1177.0	1.51	1.0
beta[52]	1.3	0.00633	0.167	1.03	1.3	1.58	699.0	0.898	1.0
lambda[1,1]	0.727	0.00057	0.0337	0.669	0.729	0.779	3504.0	4.51	1.0
lambda[2,1]	0.769	0.000514	0.031	0.715	0.77	0.816	3627.0	4.67	1.0
lambda[3,1]	0.827	0.000493	0.0266	0.78	0.828	0.866	2917.0	3.75	1.0
lambda[4,1]	0.702	0.000793	0.0426	0.629	0.704	0.768	2891.0	3.72	1.0
lambda[5,1]	0.581	0.00155	0.0854	0.43	0.588	0.712	3026.0	3.89	1.0
lambda[6,1]	0.751	0.000588	0.033	0.694	0.752	0.803	3146.0	4.05	0.999
lambda[7,1]	0.793	0.00061	0.0323	0.736	0.794	0.843	2812.0	3.62	1.0
lambda[8,1]	0.751	0.00136	0.0713	0.623	0.759	0.85	2736.0	3.52	1.0
lambda[9,1]	0.383	0.000773	0.0484	0.301	0.385	0.459	3917.0	5.04	1.0
lambda[10,1]	0.412	0.000924	0.0558	0.32	0.414	0.503	3647.0	4.69	1.0
lambda[11,1]	0.472	0.000795	0.0487	0.39	0.474	0.551	3755.0	4.83	0.999
lambda[12,1]	0.682	0.00111	0.0555	0.585	0.686	0.767	2490.0	3.2	1.0
lambda[13,1]	0.647	0.00132	0.0719	0.518	0.652	0.754	2966.0	3.81	1.0
lambda[14,1]	0.573	0.00241	0.107	0.383	0.584	0.722	1962.0	2.52	1.0
lambda[15,1]	0.776	0.0013	0.0711	0.648	0.786	0.878	2989.0	3.84	1.0
lambda[16,1]	0.581	0.0037	0.185	0.213	0.616	0.822	2504.0	3.22	1.0
lambda[17,1]	0.695	0.00226	0.125	0.461	0.718	0.854	3045.0	3.92	1.0
lambda[18,1]	0.675	0.00322	0.155	0.355	0.71	0.863	2305.0	2.96	1.0
lambda[19,1]	0.512	0.00138	0.0767	0.379	0.516	0.631	3102.0	3.99	1.0
lambda[20,1]	0.63	0.00162	0.0811	0.486	0.639	0.748	2511.0	3.23	1.0
lambda[21,1]	0.68	0.000885	0.0437	0.605	0.681	0.748	2440.0	3.14	1.0
lambda[22,1]	0.781	0.000917	0.0447	0.703	0.784	0.847	2377.0	3.06	1.0
lambda[23,1]	0.643	0.00165	0.0853	0.491	0.651	0.768	2685.0	3.45	1.0
lambda[24,1]	0.636	0.00117	0.0576	0.534	0.639	0.723	2438.0	3.14	1.0
lambda[25,1]	0.738	0.00152	0.0767	0.595	0.747	0.846	2561.0	3.29	1.0
lambda[26,1]	0.559	0.000692	0.0425	0.486	0.56	0.625	3769.0	4.85	0.999
lambda[27,1]	0.575	0.000781	0.0436	0.5	0.577	0.642	3116.0	4.01	1.0
lambda[28,1]	0.437	0.000741	0.047	0.355	0.439	0.511	4028.0	5.18	1.0
lambda[29,1]	0.339	0.000761	0.0495	0.256	0.341	0.42	4239.0	5.45	1.0
lambda[30,1]	0.573	0.000846	0.0491	0.489	0.576	0.65	3367.0	4.33	1.0
lambda[31,1]	0.488	0.00135	0.075	0.361	0.491	0.606	3090.0	3.97	1.0
lambda[32,1]	0.543	0.00101	0.0557	0.449	0.546	0.629	3043.0	3.91	1.0
lambda[33,1]	0.538	0.00079	0.0489	0.454	0.539	0.616	3834.0	4.93	0.999
lambda[34,1]	0.52	0.00113	0.0623	0.413	0.523	0.618	3059.0	3.93	1.0
lambda[35,1]	0.663	0.00146	0.0732	0.532	0.668	0.771	2507.0	3.23	1.0
lambda[36,1]	0.572	0.00128	0.0639	0.459	0.575	0.669	2504.0	3.22	1.0
lambda[37,1]	0.519	0.00112	0.0628	0.409	0.523	0.617	3171.0	4.08	1.0
lambda[38,1]	0.757	0.000607	0.0329	0.701	0.759	0.809	2939.0	3.78	1.0
lambda[39,1]	0.583	0.000709	0.0448	0.507	0.586	0.655	3995.0	5.14	1.0
lambda[40,1]	0.66	0.000615	0.0382	0.593	0.662	0.719	3865.0	4.97	0.999
lambda[41,1]	0.686	0.000642	0.039	0.619	0.688	0.748	3694.0	4.75	1.0
lambda[42,1]	0.682	0.00112	0.057	0.579	0.687	0.768	2592.0	3.33	1.0
lambda[43,1]	0.586	0.000913	0.053	0.497	0.588	0.67	3372.0	4.34	1.0
lambda[44,1]	0.749	0.000907	0.0446	0.671	0.752	0.816	2419.0	3.11	1.0
lambda[45,1]	0.578	0.0015	0.0781	0.438	0.584	0.696	2721.0	3.5	1.0
lambda[46,1]	0.713	0.000938	0.0512	0.619	0.718	0.789	2976.0	3.83	1.0
lambda[47,1]	0.713	0.00128	0.0674	0.592	0.722	0.811	2781.0	3.58	1.0
lambda[48,1]	0.645	0.000671	0.0412	0.573	0.647	0.71	3770.0	4.85	1.0
lambda[49,1]	0.544	0.000671	0.0433	0.47	0.545	0.614	4169.0	5.36	1.0
lambda[50,1]	0.463	0.000826	0.051	0.378	0.465	0.544	3806.0	4.9	1.0
lambda[51,1]	0.728	0.000747	0.0396	0.659	0.729	0.788	2806.0	3.61	1.0
lambda[52,1]	0.789	0.000575	0.0309	0.734	0.791	0.837	2896.0	3.72	1.0
tau[1]	-0.236	0.00372	0.0877	-0.379	-0.236	-0.0918	555.0	0.714	1.0
tau[2]	0.372	0.00411	0.0885	0.227	0.374	0.516	463.0	0.595	1.0
tau[3]	-0.614	0.00451	0.0883	-0.758	-0.614	-0.472	384.0	0.493	1.0
tau[4]	-1.46	0.00387	0.102	-1.63	-1.46	-1.29	702.0	0.903	1.0
tau[5]	-2.9	0.0035	0.183	-3.22	-2.9	-2.62	2739.0	3.52	1.0
tau[6]	-0.617	0.00437	0.0919	-0.77	-0.616	-0.465	443.0	0.57	1.0
tau[7]	-1.23	0.00429	0.096	-1.39	-1.23	-1.07	501.0	0.645	1.0
tau[8]	-3.22	0.00491	0.206	-3.58	-3.21	-2.89	1760.0	2.26	1.0
tau[9]	0.73	0.00207	0.0901	0.584	0.73	0.882	1896.0	2.44	1.0
tau[10]	-1.25	0.0025	0.1	-1.41	-1.25	-1.09	1613.0	2.07	1.0
tau[11]	-0.619	0.0025	0.0858	-0.76	-0.617	-0.48	1179.0	1.52	1.0
tau[12]	-2.31	0.0041	0.133	-2.53	-2.31	-2.09	1052.0	1.35	1.0
tau[13]	-2.68	0.00377	0.161	-2.95	-2.68	-2.42	1834.0	2.36	1.0
tau[14]	-3.29	0.00401	0.229	-3.68	-3.28	-2.93	3270.0	4.21	1.0
tau[15]	-1.45	0.00405	0.196	-1.78	-1.44	-1.14	2334.0	3.0	1.0
tau[16]	-3.25	0.00716	0.478	-4.11	-3.2	-2.55	4466.0	5.74	1.0
tau[17]	-2.62	0.00509	0.324	-3.19	-2.6	-2.13	4064.0	5.23	1.0
tau[18]	-3.12	0.00715	0.436	-3.9	-3.09	-2.49	3719.0	4.78	1.0
tau[19]	-2.41	0.00266	0.144	-2.65	-2.4	-2.18	2949.0	3.79	1.0
tau[20]	-2.87	0.00373	0.175	-3.18	-2.87	-2.6	2198.0	2.83	1.0
tau[21]	-1.4	0.00372	0.1	-1.56	-1.39	-1.23	727.0	0.935	1.0
tau[22]	-2.29	0.00515	0.132	-2.51	-2.29	-2.08	654.0	0.841	1.01
tau[23]	-3.09	0.00442	0.2	-3.44	-3.08	-2.78	2059.0	2.65	1.0
tau[24]	-2.05	0.00344	0.123	-2.26	-2.05	-1.86	1275.0	1.64	1.0
tau[25]	-3.24	0.00504	0.221	-3.63	-3.22	-2.9	1916.0	2.46	1.0
tau[26]	0.565	0.00291	0.0882	0.421	0.565	0.71	921.0	1.19	1.0
tau[27]	1.04	0.00309	0.0963	0.884	1.04	1.2	969.0	1.25	1.0
tau[28]	0.00895	0.00251	0.0857	-0.133	0.0077	0.149	1168.0	1.5	1.0
tau[29]	0.00339	0.00181	0.0858	-0.14	0.00328	0.144	2255.0	2.9	1.0
tau[30]	-1.2	0.00325	0.0977	-1.36	-1.2	-1.04	903.0	1.16	1.0
tau[31]	-2.25	0.00261	0.132	-2.46	-2.24	-2.03	2540.0	3.27	1.0
tau[32]	-1.56	0.00313	0.109	-1.74	-1.56	-1.38	1204.0	1.55	1.0
tau[33]	-0.795	0.00286	0.0907	-0.944	-0.793	-0.647	1008.0	1.3	1.0
tau[34]	-1.73	0.00287	0.114	-1.92	-1.73	-1.55	1567.0	2.02	1.0
tau[35]	-2.82	0.00385	0.171	-3.11	-2.82	-2.54	1975.0	2.54	1.0
tau[36]	-2.07	0.00306	0.127	-2.27	-2.07	-1.86	1713.0	2.2	1.0
tau[37]	-1.86	0.00298	0.117	-2.05	-1.86	-1.66	1536.0	1.98	1.0
tau[38]	-0.904	0.00444	0.0923	-1.06	-0.904	-0.751	431.0	0.555	1.0
tau[39]	-0.431	0.00303	0.0889	-0.58	-0.431	-0.287	863.0	1.11	1.0
tau[40]	-0.137	0.0038	0.0902	-0.291	-0.137	0.00639	564.0	0.725	1.0
tau[41]	-0.87	0.00356	0.0919	-1.02	-0.868	-0.725	667.0	0.858	1.0
tau[42]	-2.31	0.00381	0.134	-2.54	-2.31	-2.09	1244.0	1.6	1.0
tau[43]	-1.53	0.00308	0.105	-1.71	-1.53	-1.36	1151.0	1.48	1.0
tau[44]	-2.02	0.00409	0.119	-2.22	-2.02	-1.84	853.0	1.1	1.0
tau[45]	-2.58	0.00362	0.154	-2.84	-2.57	-2.33	1817.0	2.34	1.0
tau[46]	-2.28	0.00404	0.13	-2.49	-2.27	-2.07	1038.0	1.33	1.0
tau[47]	-2.85	0.00475	0.174	-3.15	-2.84	-2.59	1340.0	1.72	1.0
tau[48]	-0.636	0.00335	0.0895	-0.788	-0.635	-0.491	713.0	0.917	1.0
tau[49]	-0.394	0.00292	0.0877	-0.536	-0.394	-0.255	901.0	1.16	1.0
tau[50]	-0.844	0.00284	0.0923	-0.993	-0.846	-0.692	1054.0	1.36	1.0
tau[51]	-1.31	0.00377	0.0981	-1.47	-1.31	-1.15	676.0	0.869	1.0
tau[52]	-0.792	0.0042	0.0899	-0.94	-0.792	-0.644	458.0	0.589	1.01
