k1,k2,mu,lb,ub,pval
0,0,0.034096,0.032996,0.035037,1.0
1,0,0.009242,-0.053547,0.072513,0.5765
2,0,0.00762,-0.042297,0.055547,0.569
2,1,-0.001012,-0.042624,0.038954,0.49325
3,0,0.010178,-0.033867,0.059294,0.62025
3,1,-0.00927,-0.044455,0.021387,0.3735
3,2,0.028988,0.00629,0.053623,0.817
4,0,-0.002809,-0.033812,0.026006,0.465
4,1,0.000636,-0.02265,0.021272,0.508
4,2,-0.010923,-0.030736,0.008353,0.33625
4,3,0.042126,0.024595,0.061634,0.88675
5,0,0.013828,-0.019516,0.050622,0.66025
5,1,-0.025336,-0.059104,0.009211,0.2005
5,2,0.201476,0.171774,0.228807,1.0
5,3,0.015361,-0.005124,0.036144,0.69525
5,4,0.000869,-0.017529,0.016211,0.4935
6,0,0.035485,-0.003242,0.067997,0.847
6,1,0.012468,-0.01632,0.039705,0.66375
6,2,0.101185,0.072546,0.130527,0.99875
6,3,0.00218,-0.024746,0.028877,0.53175
6,4,-0.009507,-0.036718,0.014057,0.3885
6,5,0.159046,0.129947,0.184899,1.0
7,0,0.030017,0.004271,0.053002,0.87025
7,1,-0.018135,-0.034033,-0.001132,0.19325
7,2,0.041549,0.026254,0.056438,0.961
7,3,0.010201,-0.013936,0.035186,0.6125
7,4,0.036514,0.007677,0.063879,0.78025
7,5,0.045439,0.031475,0.059736,0.9645
7,6,0.104129,0.07682,0.130059,0.9995
8,0,0.022878,-0.017328,0.065727,0.76375
8,1,-0.015832,-0.054821,0.028409,0.31925
8,2,0.016377,-0.021115,0.052009,0.699
8,3,0.017276,-0.016135,0.051088,0.72425
8,4,0.029369,0.002008,0.059137,0.87475
8,5,-0.016162,-0.057991,0.024852,0.30825
8,6,-0.018099,-0.050503,0.012889,0.25725
8,7,-0.000431,-0.022896,0.023785,0.48125
9,0,-0.033854,-0.068255,0.002362,0.137
9,1,-0.007213,-0.040673,0.02387,0.4075
9,2,0.021759,-0.009027,0.050525,0.77225
9,3,0.019337,-0.006846,0.047047,0.74325
9,4,0.02629,-0.002309,0.053316,0.81375
9,5,-0.003212,-0.035583,0.029584,0.45175
9,6,-0.07425,-0.1127,-0.037299,0.02
9,7,-0.016971,-0.052429,0.020936,0.31325
9,8,0.056307,0.025352,0.087434,0.9935
10,0,0.060213,0.023586,0.097045,0.968
10,1,0.001083,-0.033652,0.033016,0.51075
10,2,0.001843,-0.029176,0.03261,0.5295
10,3,-0.044498,-0.071524,-0.020287,0.06925
10,4,-0.035119,-0.061751,-0.010678,0.1255
10,5,-0.027655,-0.062607,0.004809,0.19375
10,6,0.052068,0.010537,0.095104,0.916
10,7,-0.029707,-0.05969,-0.001167,0.17475
10,8,0.042006,0.005738,0.078269,0.94575
10,9,-0.093204,-0.139344,-0.043184,0.0065
11,0,-0.050362,-0.081871,-0.015016,0.049
11,1,0.008479,-0.016594,0.033139,0.628
11,2,-0.026974,-0.051035,-0.003888,0.172
11,3,-0.002015,-0.026694,0.021455,0.479
11,4,0.054535,0.029393,0.076696,0.9
11,5,-0.039469,-0.061287,-0.019855,0.0875
11,6,-0.065618,-0.094358,-0.032896,0.04025
11,7,-0.025954,-0.065398,0.010987,0.31375
11,8,-0.003046,-0.035554,0.030753,0.4555
11,9,0.005858,-0.022541,0.033105,0.5835
11,10,0.003386,-0.02145,0.030601,0.54375
12,0,-0.039762,-0.072018,-0.007204,0.08725
12,1,-0.000804,-0.024717,0.023571,0.47925
12,2,-0.024143,-0.048404,-0.002114,0.19825
12,3,-0.050994,-0.075264,-0.029394,0.076
12,4,-0.012332,-0.035551,0.010294,0.396
12,5,-0.046522,-0.064992,-0.02622,0.05
12,6,0.028625,0.000526,0.057825,0.79125
12,7,-0.023046,-0.059408,0.016555,0.33525
12,8,-0.000596,-0.030435,0.030492,0.48125
12,9,0.037834,0.010247,0.065528,0.88325
12,10,-0.016837,-0.042488,0.008745,0.30075
12,11,0.31378,0.28907,0.34039,1.0
13,0,-0.045545,-0.077,-0.008759,0.0645
13,1,-0.04853,-0.076188,-0.017784,0.0245
13,2,-0.04069,-0.064209,-0.017452,0.06925
13,3,-0.057134,-0.079251,-0.033847,0.05425
13,4,-0.028557,-0.053599,-0.003296,0.27875
13,5,-0.022631,-0.040594,-0.003409,0.193
13,6,0.01117,-0.017569,0.038002,0.61725
13,7,-0.033116,-0.069816,0.007959,0.2815
13,8,-0.006094,-0.031013,0.020659,0.39425
13,9,0.046515,0.017537,0.075315,0.926
13,10,0.001833,-0.024039,0.029306,0.52375
13,11,0.192969,0.163632,0.219333,0.9995
13,12,0.558127,0.535811,0.579111,1.0
14,0,0.01012,-0.027662,0.053176,0.612
14,1,-0.031849,-0.06902,0.005689,0.171
14,2,0.097102,0.051369,0.133387,0.99425
14,3,-0.028869,-0.062408,0.007505,0.23075
14,4,0.024438,-0.009582,0.059018,0.75325
14,5,0.250301,0.182198,0.293584,1.0
14,6,0.092489,0.047573,0.128971,0.99
14,7,-0.007189,-0.043487,0.022518,0.441
14,8,0.004879,-0.033529,0.047274,0.55475
14,9,0.003967,-0.032753,0.040768,0.54675
14,10,0.022712,-0.014942,0.058185,0.7505
14,11,-0.048139,-0.08441,-0.006639,0.111
14,12,-0.079287,-0.114262,-0.033509,0.023
14,13,-0.033077,-0.068853,0.003603,0.18375
15,0,0.013433,-0.016431,0.045897,0.67975
15,1,0.013329,-0.006281,0.034277,0.69925
15,2,0.047599,0.025235,0.06941,0.9555
15,3,-0.000252,-0.030185,0.037204,0.51025
15,4,-0.035349,-0.067673,0.00263,0.24675
15,5,0.026667,-0.003649,0.050717,0.8095
15,6,0.058599,0.025052,0.088977,0.93525
15,7,0.214954,0.160903,0.265833,1.0
15,8,-0.014949,-0.043803,0.012413,0.27725
15,9,-0.021618,-0.058757,0.014416,0.27275
15,10,0.05554,0.025753,0.083406,0.9565
15,11,-0.083339,-0.128622,-0.033774,0.05625
15,12,-0.051614,-0.094264,0.002979,0.18
15,13,-0.065689,-0.115769,-0.008062,0.13575
15,14,0.114482,0.019681,0.174662,0.9725
16,0,-0.016975,-0.056028,0.019491,0.29
16,1,-0.00725,-0.036439,0.019261,0.3665
16,2,-0.073129,-0.100778,-0.042388,0.01175
16,3,-0.003665,-0.037196,0.037465,0.4525
16,4,0.034521,-0.004625,0.087388,0.75025
16,5,-0.011456,-0.035363,0.017937,0.34675
16,6,-0.059791,-0.094979,-0.026268,0.06
16,7,-0.139953,-0.196036,-0.073597,0.01225
16,8,0.023386,-0.009679,0.056537,0.79575
16,9,0.023432,-0.01248,0.058258,0.7435
16,10,-0.011032,-0.043957,0.019043,0.36925
16,11,0.311609,0.255305,0.355532,1.0
16,12,0.110738,0.04712,0.16125,0.96225
16,13,0.134971,0.051255,0.19759,0.9725
16,14,-0.0254,-0.076178,0.019497,0.2645
16,15,-0.068296,-0.136011,0.004454,0.1435
17,0,-0.042936,-0.07789,-0.006707,0.094
17,1,-0.004204,-0.02946,0.0245,0.4055
17,2,-0.011787,-0.040559,0.023489,0.321
17,3,-0.056653,-0.088289,-0.020414,0.08525
17,4,-0.086504,-0.130053,-0.043228,0.04225
17,5,-0.033215,-0.057018,-0.00713,0.126
17,6,-0.009394,-0.040129,0.028818,0.38975
17,7,-0.063887,-0.131562,0.010098,0.175
17,8,-0.007258,-0.038622,0.021054,0.37775
17,9,0.006096,-0.029329,0.043173,0.5735
17,10,0.029336,0.000173,0.059382,0.80875
17,11,0.073792,-0.008493,0.133827,0.8745
17,12,0.218858,0.161878,0.268062,0.9995
17,13,0.328188,0.256157,0.395164,0.99975
17,14,-0.010934,-0.054526,0.03223,0.39025
17,15,-0.062005,-0.13993,0.010451,0.205
17,16,0.389808,0.199006,0.525551,0.99575
18,0,-0.023472,-0.054276,0.011628,0.22325
18,1,-0.027472,-0.0567,-0.000836,0.16075
18,2,0.002411,-0.024617,0.026007,0.5205
18,3,-0.018688,-0.037549,0.001792,0.2845
18,4,0.033233,0.015682,0.049456,0.82725
18,5,-0.004361,-0.025087,0.015323,0.4515
18,6,-0.050956,-0.074205,-0.023522,0.05575
18,7,-0.049082,-0.073036,-0.02425,0.09425
18,8,0.014149,-0.017818,0.049678,0.69525
18,9,0.028268,0.000569,0.054572,0.825
18,10,-0.005921,-0.031306,0.020683,0.414
18,11,0.002483,-0.023826,0.027876,0.526
18,12,0.069981,0.044047,0.095597,0.9575
18,13,0.098682,0.070935,0.123811,0.99075
18,14,-0.033467,-0.064016,9.1e-05,0.16525
18,15,0.030005,-0.001148,0.061545,0.775
18,16,-0.013445,-0.045316,0.025265,0.39125
18,17,0.000394,-0.032742,0.040388,0.5145
19,0,0.019825,-0.012239,0.049111,0.7405
19,1,-0.040163,-0.065937,-0.014471,0.07475
19,2,-0.00784,-0.032513,0.016455,0.41875
19,3,0.003731,-0.019413,0.024163,0.55325
19,4,-0.046539,-0.068701,-0.025138,0.10925
19,5,-0.045308,-0.067596,-0.023113,0.06675
19,6,0.007575,-0.019478,0.035971,0.58575
19,7,-0.022421,-0.050602,0.005889,0.3005
19,8,0.004647,-0.028935,0.03515,0.55775
19,9,0.011885,-0.016044,0.039985,0.65225
19,10,0.008263,-0.016361,0.035465,0.60725
19,11,0.050342,0.015799,0.081392,0.859
19,12,0.056999,0.021783,0.092343,0.88625
19,13,0.093345,0.05515,0.13097,0.95625
19,14,-0.024553,-0.055567,0.007883,0.247
19,15,0.018241,-0.019155,0.056468,0.6625
19,16,0.015614,-0.032264,0.056416,0.644
19,17,0.113643,0.06054,0.161064,0.98225
19,18,0.452558,0.430158,0.473022,1.0
20,0,0.046723,0.00466,0.092171,0.8995
20,1,-0.023882,-0.05968,0.014023,0.22375
20,2,0.058067,0.015025,0.098394,0.94325
20,3,0.026062,-0.016473,0.065543,0.769
20,4,0.025771,-0.020963,0.06675,0.74275
20,5,0.020203,-0.019905,0.055721,0.725
20,6,0.004611,-0.039569,0.048141,0.5525
20,7,0.003386,-0.042132,0.052546,0.53525
20,8,-0.00515,-0.042467,0.033599,0.43275
20,9,-0.033353,-0.072275,0.00246,0.16375
20,10,0.027564,-0.008896,0.06923,0.789
20,11,0.003351,-0.045982,0.04854,0.538
20,12,-0.006266,-0.052176,0.037057,0.445
20,13,-0.00424,-0.047133,0.038469,0.45525
20,14,0.04529,-0.003799,0.091973,0.861
20,15,0.027476,-0.025193,0.078511,0.73575
20,16,-0.001746,-0.052378,0.048168,0.482
20,17,-0.010567,-0.062722,0.039126,0.4095
20,18,-0.019136,-0.05752,0.023586,0.30275
20,19,-0.002335,-0.04747,0.038537,0.4875
21,0,0.002763,-0.03438,0.04011,0.523
21,1,0.023356,-0.007057,0.05471,0.794
21,2,0.010255,-0.026953,0.046435,0.62625
21,3,-0.017978,-0.060502,0.026672,0.32425
21,4,-0.006285,-0.05098,0.036342,0.45275
21,5,0.007733,-0.023099,0.03945,0.59
21,6,0.073476,0.025129,0.11477,0.96175
21,7,0.064126,0.002702,0.119761,0.89225
21,8,-0.004555,-0.039774,0.029284,0.44825
21,9,-0.018206,-0.056617,0.019964,0.30325
21,10,0.009818,-0.02465,0.048116,0.619
21,11,-0.044517,-0.090119,0.00222,0.17025
21,12,0.001394,-0.046165,0.048068,0.50825
21,13,0.006066,-0.041417,0.052287,0.56375
21,14,0.010786,-0.035483,0.054168,0.61925
21,15,0.058759,-0.007062,0.128233,0.85
21,16,0.029854,-0.03174,0.089983,0.719
21,17,-0.019013,-0.076786,0.042111,0.36375
21,18,-0.02327,-0.058881,0.014997,0.26
21,19,-0.018278,-0.062577,0.022219,0.33425
21,20,0.064534,-0.003805,0.129765,0.88175
22,0,0.011772,-0.021475,0.045995,0.64425
22,1,-0.00501,-0.030962,0.02035,0.402
22,2,0.043546,0.015399,0.068809,0.922
22,3,-0.021362,-0.054264,0.012628,0.29675
22,4,-0.013506,-0.048842,0.021292,0.394
22,5,-0.018742,-0.043515,0.006486,0.25475
22,6,0.013702,-0.022807,0.049895,0.643
22,7,0.053861,0.005088,0.108911,0.85775
22,8,0.005002,-0.025998,0.034075,0.58575
22,9,0.024802,-0.009461,0.05856,0.77125
22,10,0.004526,-0.027429,0.034229,0.561
22,11,-0.015672,-0.052626,0.022339,0.3655
22,12,-0.011261,-0.055858,0.032076,0.4165
22,13,0.002567,-0.048847,0.052211,0.52575
22,14,-0.015936,-0.056162,0.021864,0.3435
22,15,0.027471,-0.035858,0.085589,0.69175
22,16,0.035843,-0.023121,0.09758,0.7535
22,17,0.015845,-0.040215,0.080248,0.622
22,18,-0.022533,-0.055994,0.009337,0.27375
22,19,0.046045,0.00593,0.084683,0.865
22,20,-0.024979,-0.067375,0.016379,0.2705
22,21,0.23737,0.137661,0.327133,0.99925
23,0,-0.015543,-0.049818,0.019349,0.31525
23,1,0.016372,-0.010382,0.044182,0.72875
23,2,0.006238,-0.019538,0.029587,0.59475
23,3,0.015875,-0.005616,0.038745,0.68375
23,4,-0.029972,-0.049491,-0.008396,0.20325
23,5,0.027888,0.008059,0.049628,0.836
23,6,-0.032631,-0.060443,-0.003189,0.175
23,7,-0.043662,-0.068837,-0.014279,0.1445
23,8,0.030292,-0.002905,0.061394,0.869
23,9,-0.015804,-0.046049,0.012378,0.298
23,10,0.030771,0.001982,0.058373,0.84125
23,11,0.024318,-0.00168,0.050195,0.74025
23,12,0.010416,-0.01385,0.034729,0.606
23,13,0.01874,-0.004611,0.043308,0.69475
23,14,0.021008,-0.012233,0.055841,0.7185
23,15,-0.037031,-0.073896,-0.004346,0.1995
23,16,-0.050691,-0.086535,-0.009691,0.1245
23,17,-0.009614,-0.044773,0.036578,0.41875
23,18,0.06752,0.046746,0.087952,0.976
23,19,-0.009668,-0.032499,0.015247,0.40375
23,20,0.045648,-0.01732,0.115493,0.8215
23,21,-0.105186,-0.165239,-0.037457,0.0305
23,22,-0.127078,-0.176872,-0.077664,0.00725
24,0,0.036687,0.005727,0.063821,0.8985
24,1,-0.013137,-0.031327,0.005483,0.269
24,2,-0.007033,-0.025399,0.012713,0.40375
24,3,-0.010212,-0.032318,0.011398,0.39325
24,4,-0.074136,-0.098114,-0.051073,0.0375
24,5,-0.018595,-0.034876,-0.001776,0.252
24,6,0.009863,-0.016586,0.036111,0.608
24,7,-0.024372,-0.062154,0.008336,0.322
24,8,0.00699,-0.016021,0.029234,0.6205
24,9,0.029489,-6.4e-05,0.059297,0.8185
24,10,0.017701,-0.009068,0.044558,0.7095
24,11,-0.031451,-0.060963,-0.001125,0.25025
24,12,0.009598,-0.024328,0.04079,0.58525
24,13,0.027413,-0.00952,0.063924,0.702
24,14,-0.015199,-0.042904,0.022586,0.33275
24,15,0.031625,-0.015313,0.075491,0.72425
24,16,-0.046435,-0.094843,0.005324,0.2095
24,17,-0.014928,-0.066849,0.041837,0.415
24,18,0.031769,0.009045,0.05367,0.81075
24,19,-0.011587,-0.041621,0.017657,0.407
24,20,-0.053487,-0.109287,-0.000692,0.111
24,21,-0.055549,-0.141656,0.021148,0.2105
24,22,-0.099511,-0.169377,-0.025403,0.0705
24,23,0.322572,0.296506,0.348113,1.0
25,0,0.066322,0.031877,0.098645,0.98525
25,1,-0.026502,-0.063859,0.007815,0.19925
25,2,-0.036733,-0.06319,-0.01035,0.10475
25,3,-0.028931,-0.052393,-0.008257,0.138
25,4,-0.000641,-0.018387,0.016484,0.4685
25,5,-0.001076,-0.025503,0.024212,0.4815
25,6,-0.003599,-0.027968,0.021647,0.4525
25,7,-0.001779,-0.019205,0.01561,0.4535
25,8,-0.003263,-0.043561,0.035218,0.45675
25,9,0.027483,-0.00013,0.057495,0.82775
25,10,-0.01762,-0.046248,0.012442,0.27525
25,11,-0.009185,-0.028584,0.009864,0.346
25,12,-0.025021,-0.045646,-0.006268,0.14525
25,13,-0.016898,-0.037895,0.003855,0.229
25,14,0.007381,-0.022996,0.037358,0.5985
25,15,-0.022369,-0.043473,-0.00198,0.1835
25,16,0.010635,-0.014666,0.034812,0.6545
25,17,-0.032385,-0.058115,-0.007485,0.09875
25,18,0.00161,-0.019179,0.024912,0.52575
25,19,0.015137,-0.007256,0.038661,0.7275
25,20,0.006425,-0.028114,0.04031,0.57475
25,21,0.02714,-0.001445,0.055062,0.849
25,22,0.016737,-0.008672,0.040624,0.73725
25,23,-0.049486,-0.071569,-0.027138,0.032
25,24,-0.027938,-0.04613,-0.009183,0.11825
26,0,-0.057683,-0.094887,-0.017951,0.03225
26,1,0.075067,0.0388,0.117848,0.98875
26,2,-0.04231,-0.075209,-0.009094,0.0785
26,3,-0.047787,-0.079708,-0.019748,0.04325
26,4,0.010427,-0.012215,0.034681,0.67375
26,5,-0.016072,-0.046923,0.018592,0.29375
26,6,-0.006472,-0.039168,0.026392,0.40975
26,7,-0.019013,-0.041673,0.003579,0.19575
26,8,-0.004161,-0.047577,0.039104,0.4565
26,9,0.005701,-0.027083,0.043103,0.57975
26,10,-0.010339,-0.045992,0.023746,0.36275
26,11,0.010953,-0.014464,0.036647,0.67875
26,12,0.045522,0.019964,0.072083,0.975
26,13,0.027065,-0.002407,0.054825,0.86725
26,14,-0.010082,-0.047869,0.025725,0.37025
26,15,0.011681,-0.016004,0.039426,0.671
26,16,-3.4e-05,-0.031198,0.02726,0.4965
26,17,0.030411,-0.003374,0.063758,0.8785
26,18,0.032331,0.005127,0.060327,0.892
26,19,-0.005074,-0.034216,0.024937,0.42775
26,20,-0.026433,-0.06136,0.011869,0.1835
26,21,-0.028991,-0.0652,0.006798,0.15825
26,22,-0.032644,-0.066825,-0.000621,0.12275
26,23,0.033609,0.002082,0.062903,0.89625
26,24,0.01032,-0.016995,0.037377,0.64575
26,25,0.059787,-0.003384,0.120022,0.904
27,0,0.043638,0.009674,0.076252,0.92325
27,1,-0.013804,-0.04452,0.019024,0.32175
27,2,0.008282,-0.017853,0.03128,0.6045
27,3,0.050432,0.031633,0.070932,0.97375
27,4,0.002705,-0.014835,0.02003,0.529
27,5,0.002867,-0.021367,0.025224,0.54875
27,6,-0.017791,-0.040697,0.007362,0.26925
27,7,0.00664,-0.013993,0.024027,0.60475
27,8,0.013636,-0.027339,0.049583,0.669
27,9,-0.031318,-0.05805,-0.003914,0.12875
27,10,-0.019328,-0.045461,0.007127,0.24725
27,11,0.01728,-0.003072,0.03563,0.7415
27,12,-0.063199,-0.081063,-0.042882,0.00775
27,13,-0.040963,-0.059459,-0.021693,0.06725
27,14,0.002616,-0.026113,0.032984,0.537
27,15,0.015261,-0.007902,0.039376,0.687
27,16,-0.005277,-0.032563,0.020676,0.41225
27,17,-0.031105,-0.056946,-0.005024,0.143
27,18,-0.008274,-0.029228,0.011531,0.388
27,19,0.01232,-0.008997,0.035243,0.688
27,20,0.007553,-0.026739,0.041803,0.59825
27,21,0.007417,-0.024744,0.036588,0.5845
27,22,0.037374,0.013701,0.062074,0.9115
27,23,-0.038696,-0.060354,-0.017742,0.072
27,24,-0.02033,-0.037676,-0.002021,0.2065
27,25,-0.047975,-0.086278,-0.009965,0.0835
27,26,-0.014913,-0.059921,0.031145,0.33825
28,0,-0.042611,-0.076697,-0.012153,0.07875
28,1,0.054298,0.022284,0.085343,0.965
28,2,-0.004309,-0.02964,0.019025,0.44125
28,3,0.06056,0.039676,0.080476,0.98725
28,4,0.016519,-0.002141,0.034675,0.734
28,5,-0.002539,-0.025384,0.020135,0.4545
28,6,-0.042086,-0.066271,-0.01822,0.061
28,7,0.029595,0.008897,0.049066,0.86375
28,8,-0.005769,-0.045845,0.034598,0.42625
28,9,0.019335,-0.006975,0.046411,0.748
28,10,-0.037881,-0.064945,-0.010816,0.08975
28,11,0.009516,-0.009787,0.030313,0.64125
28,12,-0.037323,-0.057003,-0.016775,0.076
28,13,-0.03937,-0.058048,-0.019465,0.06675
28,14,-0.040083,-0.068415,-0.005432,0.091
28,15,-0.004544,-0.027872,0.021936,0.44325
28,16,-0.016888,-0.044746,0.013055,0.2885
28,17,-0.04448,-0.071901,-0.016134,0.08275
28,18,-0.0167,-0.037854,0.002969,0.263
28,19,-0.050165,-0.070662,-0.028523,0.0295
28,20,-0.014276,-0.048396,0.020345,0.32675
28,21,-0.036257,-0.064871,-0.002907,0.0935
28,22,0.015327,-0.011434,0.041573,0.70925
28,23,0.009193,-0.012327,0.029686,0.63
28,24,0.012257,-0.007779,0.030938,0.67825
28,25,-0.059817,-0.095985,-0.02157,0.038
28,26,-0.023665,-0.06715,0.022951,0.256
28,27,0.1142,0.080274,0.148195,1.0
29,0,-0.029594,-0.061252,0.002693,0.172
29,1,-0.046276,-0.076068,-0.015615,0.06225
29,2,-0.008442,-0.031352,0.016053,0.39175
29,3,-0.030242,-0.048188,-0.011523,0.1635
29,4,-0.000955,-0.018555,0.014455,0.47925
29,5,-0.018773,-0.039358,0.000714,0.26075
29,6,-0.081666,-0.104883,-0.058468,0.00475
29,7,0.015831,-0.004345,0.035292,0.69425
29,8,-0.015087,-0.052509,0.023048,0.317
29,9,0.042505,0.015785,0.067006,0.92925
29,10,-0.022401,-0.049712,0.003265,0.22425
29,11,-0.037732,-0.059364,-0.019082,0.1215
29,12,0.008213,-0.010457,0.027295,0.605
29,13,-0.01381,-0.032367,0.0037,0.3365
29,14,-0.008817,-0.037976,0.022375,0.39675
29,15,-0.030215,-0.057298,-0.00541,0.19
29,16,-0.000238,-0.028678,0.027855,0.505
29,17,0.039978,0.01256,0.066439,0.88025
29,18,-0.001563,-0.020662,0.017157,0.47125
29,19,-0.037155,-0.056992,-0.015155,0.115
29,20,-0.053646,-0.088771,-0.015697,0.06075
29,21,0.01625,-0.017573,0.05182,0.6945
29,22,-0.019187,-0.04543,0.010118,0.28125
29,23,-0.003042,-0.022853,0.01667,0.4645
29,24,-0.004117,-0.021294,0.017099,0.44175
29,25,0.08298,0.05757,0.107504,0.9995
29,26,0.015634,-0.011742,0.044405,0.71925
29,27,-0.066383,-0.09179,-0.042213,0.01275
29,28,0.038805,0.015637,0.065715,0.9235
30,0,0.004303,-0.029392,0.036693,0.562
30,1,-0.005264,-0.033096,0.022341,0.4115
30,2,-0.00603,-0.028676,0.017576,0.43425
30,3,-0.013541,-0.032645,0.007329,0.34575
30,4,0.027983,0.007564,0.046109,0.79675
30,5,-0.056255,-0.077093,-0.038331,0.0245
30,6,-0.044749,-0.069385,-0.021235,0.092
30,7,0.009947,-0.013879,0.035736,0.619
30,8,-0.018034,-0.053252,0.018213,0.267
30,9,0.018796,-0.008164,0.046197,0.744
30,10,0.020044,-0.005116,0.046163,0.74825
30,11,-0.039681,-0.062558,-0.01785,0.14475
30,12,-0.069927,-0.091634,-0.048284,0.02675
30,13,-0.049286,-0.071908,-0.026958,0.09175
30,14,-0.035352,-0.06911,0.000315,0.15825
30,15,0.010384,-0.022017,0.045385,0.60075
30,16,-0.004239,-0.038773,0.036291,0.46425
30,17,-0.033493,-0.072322,0.010882,0.23625
30,18,0.028047,0.009596,0.047405,0.811
30,19,0.002003,-0.021476,0.023831,0.533
30,20,-0.035449,-0.078723,0.005547,0.16925
30,21,-0.003109,-0.039682,0.036484,0.46325
30,22,0.017769,-0.013976,0.051304,0.68925
30,23,0.022458,0.000586,0.043653,0.74975
30,24,0.035234,0.010361,0.057666,0.82875
30,25,0.039227,0.018542,0.060963,0.94075
30,26,-0.014009,-0.04093,0.01109,0.29775
30,27,-0.007977,-0.027071,0.01299,0.3795
30,28,0.038948,0.018412,0.058894,0.9225
30,29,0.101091,0.066151,0.135125,0.9985
31,0,-0.003683,-0.035821,0.026367,0.4425
31,1,-0.026925,-0.056722,0.001487,0.16375
31,2,-0.075979,-0.098465,-0.052489,0.00425
31,3,-0.015095,-0.034219,0.002728,0.3135
31,4,-0.006279,-0.023411,0.00942,0.42575
31,5,-0.048943,-0.068887,-0.030374,0.05575
31,6,-0.050139,-0.075263,-0.028455,0.05175
31,7,-0.002867,-0.023048,0.018307,0.48525
31,8,-0.009762,-0.046597,0.027942,0.36725
31,9,0.032353,0.005629,0.059025,0.8675
31,10,-0.017703,-0.042303,0.008515,0.27825
31,11,-0.005236,-0.037213,0.026392,0.44625
31,12,-0.053508,-0.086284,-0.022579,0.07025
31,13,-0.039281,-0.069356,-0.007706,0.134
31,14,-0.029207,-0.058059,0.00435,0.19875
31,15,0.008627,-0.019733,0.037329,0.586
31,16,0.013816,-0.019419,0.04403,0.64325
31,17,0.005691,-0.025533,0.036584,0.5735
31,18,-0.068883,-0.103929,-0.03763,0.0205
31,19,0.008376,-0.031231,0.049067,0.6025
31,20,-0.089351,-0.126859,-0.052527,0.00425
31,21,0.007844,-0.029069,0.043443,0.59875
31,22,0.047287,0.017295,0.077054,0.90825
31,23,0.016839,-0.002491,0.036802,0.70525
31,24,-0.00943,-0.0289,0.011327,0.39075
31,25,-0.010013,-0.033032,0.011544,0.34925
31,26,0.026729,0.000391,0.052308,0.8425
31,27,0.046602,0.026419,0.067219,0.95425
31,28,0.013292,-0.006109,0.034123,0.6945
31,29,0.131607,0.099781,0.162078,1.0
31,30,0.136536,0.111969,0.160996,1.0
32,0,-0.022494,-0.060575,0.015243,0.23525
32,1,-0.010113,-0.047159,0.026068,0.37975
32,2,0.038114,0.005417,0.072987,0.883
32,3,-0.012674,-0.043847,0.016993,0.33725
32,4,-0.02106,-0.049176,0.006368,0.2505
32,5,0.055661,0.025558,0.087944,0.96525
32,6,-0.058993,-0.093752,-0.027687,0.032
32,7,-0.020325,-0.049635,0.010326,0.2535
32,8,0.006864,-0.035637,0.045141,0.578
32,9,0.013569,-0.021075,0.046581,0.6625
32,10,-0.017856,-0.052679,0.016516,0.28125
32,11,-0.007141,-0.0402,0.023019,0.411
32,12,-0.032092,-0.065189,-0.002209,0.149
32,13,-0.016755,-0.046432,0.01469,0.299
32,14,0.013057,-0.022722,0.05148,0.65025
32,15,-0.054117,-0.087736,-0.02047,0.057
32,16,0.044768,0.004694,0.082517,0.89125
32,17,0.017371,-0.015615,0.051763,0.70025
32,18,0.028333,-0.003805,0.057877,0.8105
32,19,0.010958,-0.021831,0.040153,0.6355
32,20,-0.013313,-0.05365,0.028609,0.35125
32,21,-0.021764,-0.059669,0.020214,0.262
32,22,-0.026533,-0.062101,0.010608,0.20375
32,23,0.014427,-0.016746,0.047366,0.6715
32,24,-0.016173,-0.046394,0.014257,0.3005
32,25,0.071667,0.035876,0.103818,0.99025
32,26,0.044081,0.005725,0.081962,0.9155
32,27,-0.022387,-0.05526,0.011232,0.224
32,28,0.008113,-0.025161,0.037803,0.601
32,29,0.224837,0.186264,0.263227,1.0
32,30,0.029803,-0.005737,0.062475,0.8385
32,31,-0.009748,-0.045613,0.027456,0.38925
33,0,0.011553,-0.029649,0.051305,0.6395
33,1,-0.026138,-0.063046,0.016954,0.2145
33,2,-0.051717,-0.092283,-0.015307,0.0675
33,3,-0.023233,-0.060918,0.014471,0.235
33,4,0.01921,-0.023221,0.063002,0.70475
33,5,-0.004118,-0.04036,0.032863,0.463
33,6,0.040189,0.001121,0.081261,0.874
33,7,-0.00278,-0.044948,0.043343,0.46675
33,8,-0.006448,-0.045008,0.033922,0.42225
33,9,0.04407,0.003681,0.0824,0.91
33,10,-0.023086,-0.060697,0.015554,0.2295
33,11,-0.011408,-0.048934,0.029127,0.38575
33,12,0.014263,-0.0244,0.05087,0.6595
33,13,0.024647,-0.013841,0.058864,0.7615
33,14,0.023158,-0.020287,0.065082,0.7325
33,15,-0.006758,-0.047998,0.03872,0.42375
33,16,-0.038076,-0.08186,0.010393,0.16925
33,17,0.020425,-0.022839,0.069356,0.69525
33,18,0.010628,-0.027072,0.050436,0.6295
33,19,-0.006027,-0.04811,0.03343,0.43375
33,20,-0.006899,-0.049844,0.038845,0.43925
33,21,-0.01431,-0.056821,0.025266,0.34025
33,22,-0.004206,-0.045878,0.035157,0.4615
33,23,0.007051,-0.031178,0.046291,0.58125
33,24,0.012643,-0.026397,0.052408,0.647
33,25,0.029589,-0.00495,0.061963,0.845
33,26,-0.006982,-0.044748,0.028416,0.4035
33,27,-0.01589,-0.053176,0.018581,0.2985
33,28,0.010469,-0.022025,0.045621,0.6315
33,29,0.097873,0.049194,0.147289,0.996
33,30,-0.050285,-0.111711,0.006751,0.1475
33,31,0.024091,-0.027752,0.078177,0.717
33,32,0.044801,-0.006983,0.095963,0.87325
34,0,-0.026138,-0.059761,0.009806,0.20825
34,1,0.026121,-0.00596,0.054556,0.8215
34,2,-0.016332,-0.048945,0.015777,0.29675
34,3,0.017438,-0.015796,0.049646,0.69125
34,4,0.039936,-0.004694,0.080056,0.831
34,5,-0.014357,-0.044402,0.01444,0.32525
34,6,-0.018891,-0.055973,0.019201,0.29025
34,7,0.019954,-0.031851,0.065222,0.6655
34,8,-0.005336,-0.046658,0.031687,0.4225
34,9,-0.02958,-0.065027,0.004727,0.17725
34,10,0.012795,-0.018293,0.044067,0.668
34,11,0.029668,-0.006763,0.069325,0.76725
34,12,0.01014,-0.029249,0.049458,0.59975
34,13,-0.017416,-0.062162,0.025549,0.3575
34,14,-0.032984,-0.073928,0.010701,0.19325
34,15,0.034264,-0.020997,0.087354,0.76425
34,16,0.016933,-0.031993,0.064936,0.63275
34,17,0.01398,-0.060908,0.079293,0.6005
34,18,-0.014991,-0.048953,0.021136,0.341
34,19,0.005386,-0.034101,0.048402,0.55025
34,20,0.00431,-0.039102,0.049296,0.543
34,21,-0.009364,-0.055232,0.038992,0.407
34,22,0.0188,-0.024671,0.068317,0.6775
34,23,-0.022393,-0.060606,0.013239,0.26725
34,24,0.011993,-0.037979,0.060958,0.628
34,25,-0.001512,-0.027439,0.027292,0.47625
34,26,0.00274,-0.028296,0.033403,0.54525
34,27,0.003029,-0.02626,0.030543,0.54875
34,28,-0.012446,-0.04406,0.015674,0.332
34,29,-0.008767,-0.057121,0.040103,0.4205
34,30,-0.016965,-0.07713,0.041683,0.395
34,31,-0.048726,-0.092069,-0.001596,0.13325
34,32,-0.019798,-0.039297,0.000749,0.18025
34,33,0.081423,0.019128,0.144555,0.94925
35,0,-0.006088,-0.052389,0.033201,0.43575
35,1,0.021698,-0.017775,0.061073,0.74775
35,2,-0.026044,-0.063856,0.015269,0.23125
35,3,-0.005333,-0.045117,0.037442,0.44175
35,4,-0.004927,-0.046407,0.038809,0.4595
35,5,0.001381,-0.036414,0.041068,0.507
35,6,-0.018264,-0.060682,0.022258,0.3165
35,7,-0.012133,-0.053878,0.029495,0.38425
35,8,-0.005229,-0.045824,0.038614,0.4465
35,9,0.012228,-0.025816,0.051394,0.64575
35,10,-0.031725,-0.072031,0.005758,0.1695
35,11,-0.029888,-0.084895,0.029844,0.274
35,12,-0.076492,-0.13956,-0.012028,0.05975
35,13,-0.080563,-0.143976,-0.015769,0.05375
35,14,-0.016773,-0.062112,0.029852,0.345
35,15,0.017097,-0.035185,0.065931,0.6425
35,16,0.001454,-0.054136,0.054817,0.5165
35,17,-0.035459,-0.095906,0.023115,0.23675
35,18,-0.12439,-0.184882,-0.060054,0.005
35,19,-0.099938,-0.171369,-0.029226,0.04575
35,20,-0.027565,-0.07561,0.019063,0.23625
35,21,0.01588,-0.030337,0.062892,0.65025
35,22,-0.010676,-0.055436,0.037219,0.38825
35,23,-0.010209,-0.051001,0.032213,0.38725
35,24,-0.023729,-0.073879,0.021676,0.3015
35,25,0.014477,-0.019463,0.049555,0.689
35,26,-0.002564,-0.036865,0.030114,0.464
35,27,0.036118,-0.001432,0.069397,0.88
35,28,0.011967,-0.022343,0.049184,0.6425
35,29,0.066627,0.026548,0.104463,0.9725
35,30,0.051765,0.010295,0.095528,0.9125
35,31,0.190737,0.131678,0.240241,1.0
35,32,-0.008255,-0.04928,0.033716,0.402
35,33,0.008164,-0.042407,0.053289,0.56975
35,34,0.003404,-0.045756,0.049912,0.54275
36,0,-0.009694,-0.052797,0.033276,0.37925
36,1,0.001282,-0.039235,0.041662,0.51575
36,2,-0.037312,-0.075425,0.004318,0.15125
36,3,0.009716,-0.032946,0.048888,0.6055
36,4,0.010907,-0.033879,0.051419,0.6025
36,5,-0.02032,-0.058488,0.019121,0.28475
36,6,-0.036453,-0.076617,0.005748,0.15425
36,7,-0.030056,-0.070856,0.013396,0.2225
36,8,-0.00151,-0.045745,0.039116,0.48475
36,9,-0.024357,-0.064296,0.013389,0.2295
36,10,-0.000708,-0.039267,0.03986,0.49475
36,11,-0.037687,-0.095516,0.021879,0.2025
36,12,-0.067219,-0.133665,-0.003607,0.083
36,13,-0.072084,-0.142738,-0.009578,0.08325
36,14,0.013923,-0.032119,0.059843,0.63525
36,15,-0.03818,-0.088512,0.009883,0.197
36,16,-0.052434,-0.108341,0.002952,0.12475
36,17,-0.042355,-0.103665,0.015848,0.17875
36,18,-0.062322,-0.129233,0.001644,0.11075
36,19,-0.081223,-0.153489,-0.012421,0.0695
36,20,-0.007585,-0.055184,0.039073,0.419
36,21,-0.002229,-0.048446,0.04299,0.47575
36,22,-0.016348,-0.061477,0.028891,0.33625
36,23,0.00439,-0.039452,0.046029,0.562
36,24,0.035949,-0.010193,0.085417,0.81675
36,25,-0.013345,-0.049477,0.022244,0.33175
36,26,0.016892,-0.020288,0.053564,0.72425
36,27,0.03742,0.000176,0.071854,0.88925
36,28,0.005961,-0.030661,0.044079,0.569
36,29,0.03834,-0.000788,0.076473,0.8735
36,30,-0.027546,-0.069444,0.013647,0.2335
36,31,0.150448,0.102753,0.199686,1.0
36,32,0.010269,-0.030572,0.05359,0.6165
36,33,-0.019747,-0.065261,0.022775,0.299
36,34,0.000141,-0.043667,0.045804,0.506
36,35,0.336447,0.251038,0.426873,1.0
37,0,-0.0365,-0.072734,-0.001764,0.135
37,1,0.001563,-0.031767,0.030659,0.51625
37,2,-0.068803,-0.09691,-0.041684,0.0185
37,3,0.040937,0.019011,0.060342,0.891
37,4,0.018444,0.001366,0.035749,0.738
37,5,-0.118461,-0.143146,-0.093906,0.0
37,6,-0.049016,-0.077467,-0.023833,0.0725
37,7,-0.050214,-0.07071,-0.027836,0.06225
37,8,0.013358,-0.023015,0.051527,0.6695
37,9,0.00991,-0.0169,0.037119,0.63275
37,10,-0.052212,-0.079909,-0.023433,0.0465
37,11,0.007709,-0.013459,0.027727,0.6015
37,12,-0.041327,-0.061081,-0.023141,0.0985
37,13,-0.045869,-0.063528,-0.028377,0.06625
37,14,-0.058523,-0.091407,-0.018805,0.0575
37,15,-0.055996,-0.082512,-0.026313,0.05125
37,16,-0.006181,-0.033998,0.024933,0.43525
37,17,-0.037059,-0.062746,-0.010249,0.13675
37,18,0.009098,-0.010156,0.029658,0.61975
37,19,-0.018167,-0.0419,0.002949,0.271
37,20,-0.049757,-0.089807,-0.010285,0.08675
37,21,-0.046102,-0.083292,-0.006174,0.1015
37,22,-0.050022,-0.08269,-0.017014,0.07475
37,23,0.071861,0.04964,0.095735,0.98575
37,24,0.017847,-0.003554,0.040805,0.7185
37,25,-0.015587,-0.038751,0.008216,0.28175
37,26,0.010422,-0.018899,0.042627,0.64825
37,27,-0.021738,-0.044243,0.000167,0.2205
37,28,-0.027544,-0.049089,-0.005935,0.16125
37,29,-0.0008,-0.020603,0.017579,0.4865
37,30,0.022524,0.001557,0.040216,0.76825
37,31,0.039553,0.021504,0.058188,0.90525
37,32,-0.026457,-0.056205,0.005441,0.18375
37,33,-0.027267,-0.065295,0.008258,0.21
37,34,-0.007249,-0.038253,0.023749,0.4115
37,35,0.03108,-0.008396,0.072885,0.809
37,36,0.037081,-0.002661,0.078723,0.85525
38,0,-0.028901,-0.063674,0.004804,0.185
38,1,-0.010904,-0.041891,0.022268,0.37825
38,2,-0.019951,-0.043285,0.00541,0.25425
38,3,0.011953,-0.005735,0.028382,0.65825
38,4,0.008923,-0.002855,0.021167,0.6335
38,5,-0.105064,-0.126413,-0.083261,0.0
38,6,-0.090059,-0.111492,-0.069036,0.00125
38,7,-0.022237,-0.037735,-0.006889,0.2005
38,8,0.019867,-0.017199,0.05862,0.74475
38,9,-0.00534,-0.031035,0.018184,0.42675
38,10,-0.027724,-0.051995,-0.002403,0.17625
38,11,-0.037124,-0.052935,-0.02151,0.096
38,12,-0.017571,-0.031733,-0.002306,0.27025
38,13,-0.005486,-0.019597,0.008514,0.411
38,14,-0.039998,-0.067611,-0.005706,0.11575
38,15,-0.069607,-0.090441,-0.043639,0.01225
38,16,-0.002135,-0.027328,0.021637,0.47675
38,17,0.024405,0.004335,0.051265,0.78275
38,18,-0.009696,-0.025938,0.00536,0.35575
38,19,-0.013424,-0.029783,0.004508,0.316
38,20,0.019757,-0.015645,0.054701,0.7325
38,21,-0.006997,-0.038888,0.028861,0.40125
38,22,0.014662,-0.010607,0.039662,0.686
38,23,-0.049285,-0.066373,-0.032128,0.03925
38,24,-0.01093,-0.024586,0.002534,0.34425
38,25,-0.03618,-0.058743,-0.013145,0.08925
38,26,0.009576,-0.021934,0.039527,0.63125
38,27,0.016056,-0.003425,0.037261,0.718
38,28,0.004327,-0.014878,0.024072,0.5455
38,29,-0.000371,-0.01608,0.015217,0.49425
38,30,-0.032216,-0.047552,-0.018207,0.11975
38,31,0.062385,0.048043,0.077288,0.98725
38,32,-0.047285,-0.077319,-0.016541,0.05675
38,33,0.001841,-0.03594,0.032898,0.52275
38,34,0.010913,-0.016779,0.03651,0.6565
38,35,0.024982,-0.012467,0.058529,0.76625
38,36,0.021116,-0.014033,0.059907,0.73775
38,37,0.161962,0.144779,0.179606,1.0
39,0,-0.000955,-0.035628,0.03474,0.489
39,1,0.092221,0.05588,0.124426,0.99725
39,2,-0.065409,-0.09175,-0.042341,0.01625
39,3,-0.013877,-0.029434,0.00187,0.3055
39,4,-0.003726,-0.014568,0.008184,0.42925
39,5,-0.006379,-0.027936,0.016469,0.41325
39,6,-0.023736,-0.045093,-0.003518,0.19925
39,7,-0.017884,-0.031091,-0.004775,0.22175
39,8,-0.00516,-0.042765,0.033735,0.4335
39,9,-0.022406,-0.04747,0.001694,0.20325
39,10,-0.036007,-0.061214,-0.011341,0.10025
39,11,-0.024899,-0.038786,-0.011806,0.146
39,12,0.01255,0.000795,0.025201,0.69425
39,13,0.001365,-0.009457,0.013864,0.51475
39,14,-0.028787,-0.054565,0.005291,0.1765
39,15,-0.016968,-0.034903,0.00056,0.248
39,16,-0.018222,-0.039032,0.003585,0.23575
39,17,-0.012633,-0.031098,0.007689,0.30475
39,18,0.025049,0.009874,0.040941,0.8295
39,19,0.034035,0.018245,0.049731,0.9085
39,20,-0.005039,-0.038492,0.03182,0.43175
39,21,-0.01862,-0.048653,0.014123,0.265
39,22,-0.012858,-0.040002,0.012989,0.314
39,23,-0.069726,-0.087812,-0.051994,0.004
39,24,-0.044446,-0.061612,-0.026158,0.04025
39,25,-0.01503,-0.039265,0.010396,0.302
39,26,0.013843,-0.020384,0.045818,0.67475
39,27,0.038333,0.01579,0.059444,0.91075
39,28,0.041363,0.020204,0.061904,0.933
39,29,-0.024167,-0.040488,-0.006175,0.18325
39,30,-0.004642,-0.019728,0.010222,0.42825
39,31,-0.035605,-0.051992,-0.020429,0.08275
39,32,-0.018174,-0.048248,0.011069,0.276
39,33,0.008811,-0.025417,0.04416,0.6145
39,34,0.017645,-0.009266,0.043055,0.7375
39,35,-0.015544,-0.053127,0.017262,0.3125
39,36,0.012768,-0.026166,0.046272,0.65625
39,37,0.035484,0.016498,0.053414,0.9005
39,38,0.055086,0.039225,0.073804,0.97525
40,0,-0.023904,-0.05684,0.013234,0.24
40,1,0.025626,-0.006205,0.056908,0.78825
40,2,-0.057743,-0.086343,-0.031178,0.03875
40,3,-0.014154,-0.03465,0.006397,0.33775
40,4,-0.005949,-0.022424,0.009556,0.4125
40,5,-0.115575,-0.14094,-0.093135,0.00075
40,6,-0.062458,-0.089765,-0.035941,0.0305
40,7,0.045969,0.02864,0.063049,0.9415
40,8,-0.023307,-0.060202,0.011898,0.22425
40,9,0.012708,-0.01398,0.038266,0.6565
40,10,0.019662,-0.005772,0.045591,0.73225
40,11,0.027804,0.007728,0.04689,0.8185
40,12,-0.018854,-0.037253,-0.00031,0.275
40,13,-0.009525,-0.027243,0.00791,0.382
40,14,-0.094726,-0.125405,-0.04728,0.0075
40,15,-0.009211,-0.034445,0.017767,0.38
40,16,0.025348,-0.000285,0.053634,0.7685
40,17,-0.001389,-0.023981,0.026668,0.46675
40,18,-0.034693,-0.052926,-0.015421,0.1295
40,19,-0.002563,-0.02293,0.017152,0.463
40,20,-0.031743,-0.071316,0.008106,0.193
40,21,-0.008048,-0.045649,0.029098,0.40175
40,22,0.046548,0.017194,0.074451,0.921
40,23,-0.063416,-0.084326,-0.0418,0.0215
40,24,0.00508,-0.013142,0.024923,0.56575
40,25,2e-05,-0.021831,0.023269,0.498
40,26,-0.028065,-0.059268,0.001898,0.1605
40,27,-0.008822,-0.031182,0.011457,0.36425
40,28,0.050901,0.030908,0.072869,0.97225
40,29,0.001184,-0.016041,0.019645,0.51925
40,30,-0.00588,-0.024174,0.013458,0.4185
40,31,0.015825,-0.001467,0.035057,0.70675
40,32,-0.02337,-0.055673,0.010225,0.23625
40,33,-0.033456,-0.068858,0.003459,0.15425
40,34,0.029754,0.001271,0.059359,0.8205
40,35,0.015793,-0.022236,0.05616,0.67675
40,36,0.003174,-0.036286,0.04363,0.544
40,37,0.120703,0.099544,0.142214,0.99975
40,38,0.1729,0.155641,0.189497,1.0
40,39,0.152678,0.135401,0.169672,1.0
41,0,0.008022,-0.031811,0.045242,0.59875
41,1,-0.013519,-0.046257,0.019365,0.32975
41,2,0.013683,-0.0208,0.048449,0.66775
41,3,-0.033651,-0.070959,-0.001914,0.17
41,4,-0.022609,-0.0582,0.013446,0.27975
41,5,-0.004278,-0.035449,0.027067,0.45625
41,6,0.004059,-0.034319,0.037478,0.55525
41,7,0.014129,-0.023553,0.056045,0.63375
41,8,0.000743,-0.040248,0.040201,0.50475
41,9,0.013537,-0.018864,0.048936,0.6685
41,10,0.007881,-0.026867,0.040914,0.592
41,11,0.007286,-0.035664,0.049159,0.572
41,12,0.008161,-0.037479,0.049889,0.58925
41,13,-0.000547,-0.0434,0.043432,0.502
41,14,-0.013617,-0.054602,0.026718,0.35
41,15,-0.024229,-0.068303,0.014064,0.2865
41,16,-0.01535,-0.060014,0.035823,0.3585
41,17,-0.033615,-0.084453,0.014112,0.24075
41,18,-0.019156,-0.052663,0.01217,0.28325
41,19,-0.033421,-0.064934,0.000402,0.18325
41,20,-0.008994,-0.053862,0.038933,0.38925
41,21,0.051662,-0.000576,0.100428,0.89525
41,22,-0.028011,-0.069775,0.010661,0.238
41,23,-0.025336,-0.059142,0.012372,0.2405
41,24,0.036319,-0.004241,0.073239,0.822
41,25,0.047065,0.018714,0.076111,0.956
41,26,-0.018791,-0.053917,0.018048,0.25425
41,27,-0.021945,-0.052545,0.007561,0.21975
41,28,-0.004539,-0.034007,0.02554,0.44325
41,29,0.03042,-0.000369,0.061727,0.825
41,30,0.042858,0.005462,0.078696,0.87875
41,31,-0.026629,-0.059915,0.004713,0.21325
41,32,-0.003574,-0.040373,0.03261,0.459
41,33,0.001885,-0.039346,0.047493,0.526
41,34,0.02501,-0.020796,0.072579,0.74
41,35,-0.017796,-0.063897,0.027261,0.32275
41,36,0.010023,-0.038129,0.052801,0.61475
41,37,-0.029705,-0.067605,0.005021,0.2055
41,38,-0.046436,-0.079208,-0.016071,0.069
41,39,-0.00872,-0.03913,0.020261,0.38325
41,40,-0.007534,-0.0412,0.024047,0.4075
42,0,0.024287,-0.018012,0.064253,0.76875
42,1,-0.004327,-0.039556,0.031118,0.44625
42,2,-0.004477,-0.043435,0.034777,0.4585
42,3,0.021569,-0.016404,0.059909,0.72575
42,4,0.01302,-0.033027,0.056195,0.633
42,5,0.023539,-0.011034,0.061886,0.7555
42,6,0.019274,-0.023273,0.059963,0.7015
42,7,-0.018908,-0.058649,0.021027,0.3275
42,8,-0.034368,-0.075836,0.007861,0.1385
42,9,-0.045279,-0.082117,-0.010875,0.08475
42,10,0.067625,0.031065,0.106585,0.9785
42,11,0.000304,-0.042907,0.044091,0.5055
42,12,0.041445,-0.003478,0.086723,0.8435
42,13,0.01745,-0.024782,0.064332,0.66125
42,14,-0.04141,-0.086602,0.002539,0.13475
42,15,0.008434,-0.03712,0.055877,0.58375
42,16,-0.002545,-0.052189,0.047378,0.4855
42,17,0.018533,-0.037314,0.070031,0.6675
42,18,-0.017242,-0.053561,0.022614,0.31425
42,19,0.003342,-0.036521,0.042634,0.52925
42,20,0.008057,-0.039574,0.054686,0.58325
42,21,0.003846,-0.043026,0.057052,0.53825
42,22,-0.006136,-0.049511,0.038641,0.448
42,23,-0.017042,-0.056751,0.022993,0.32225
42,24,-0.033839,-0.072231,0.010584,0.20025
42,25,-0.015794,-0.050897,0.016079,0.301
42,26,-0.016648,-0.058457,0.020829,0.28325
42,27,-0.013036,-0.046943,0.021583,0.33325
42,28,-0.023119,-0.054615,0.010541,0.2155
42,29,-0.013091,-0.048824,0.020736,0.3505
42,30,-0.013701,-0.052151,0.026763,0.343
42,31,-0.016227,-0.054039,0.019227,0.3115
42,32,-0.016672,-0.059167,0.019523,0.30075
42,33,0.007242,-0.032796,0.049817,0.5765
42,34,0.011063,-0.032666,0.057154,0.626
42,35,-0.004171,-0.051557,0.044172,0.46775
42,36,-0.013786,-0.061646,0.031388,0.37225
42,37,-0.043451,-0.089155,0.005561,0.12475
42,38,0.004079,-0.035048,0.044033,0.55725
42,39,-0.001211,-0.032111,0.033867,0.47625
42,40,-0.000274,-0.038339,0.037141,0.5005
42,41,0.094234,0.006028,0.191371,0.91375
43,0,-0.032045,-0.069046,0.007178,0.17225
43,1,-0.0128,-0.043509,0.020396,0.32175
43,2,-0.038116,-0.073362,0.001256,0.12125
43,3,-0.013467,-0.054711,0.023892,0.3715
43,4,0.004293,-0.038904,0.046134,0.54
43,5,0.015318,-0.018645,0.047501,0.684
43,6,-0.004369,-0.045412,0.035332,0.45475
43,7,-0.041528,-0.09047,0.007361,0.193
43,8,-0.026467,-0.061854,0.01126,0.18
43,9,-0.005817,-0.042466,0.029283,0.437
43,10,0.036628,0.000234,0.071921,0.8645
43,11,0.074494,0.022653,0.122756,0.94825
43,12,-0.01633,-0.06314,0.028528,0.346
43,13,-3.4e-05,-0.042709,0.043937,0.509
43,14,-0.025166,-0.068717,0.0187,0.25425
43,15,-0.082642,-0.135363,-0.030821,0.04475
43,16,0.064744,-0.002858,0.124514,0.88525
43,17,0.02077,-0.044454,0.084774,0.6585
43,18,0.010486,-0.029897,0.047902,0.605
43,19,-0.004943,-0.048457,0.039912,0.46375
43,20,0.02242,-0.028008,0.070187,0.70275
43,21,0.031972,-0.026234,0.087999,0.75825
43,22,-0.019098,-0.071272,0.031213,0.34625
43,23,-0.008445,-0.049566,0.032096,0.4225
43,24,0.013608,-0.036462,0.065486,0.61975
43,25,-0.014101,-0.043885,0.016407,0.30525
43,26,-0.013142,-0.047605,0.021575,0.3195
43,27,-0.010527,-0.042463,0.021694,0.36225
43,28,-0.02228,-0.054487,0.008565,0.2245
43,29,0.017153,-0.01844,0.048867,0.68925
43,30,0.015353,-0.024433,0.056794,0.64975
43,31,-0.006474,-0.044586,0.03065,0.42975
43,32,0.00934,-0.027249,0.046577,0.60875
43,33,-0.012136,-0.055945,0.028963,0.3635
43,34,-0.002002,-0.050945,0.04902,0.488
43,35,-0.002602,-0.050294,0.048991,0.4735
43,36,0.004252,-0.044705,0.054447,0.55025
43,37,0.008293,-0.029611,0.046683,0.58925
43,38,0.006989,-0.026672,0.039639,0.58975
43,39,-0.048821,-0.077961,-0.015472,0.04675
43,40,-0.013799,-0.048381,0.023284,0.3535
43,41,0.084362,0.013316,0.157064,0.942
43,42,0.124593,0.06582,0.186893,0.9975
44,0,0.028409,-0.004815,0.063313,0.82225
44,1,-0.013869,-0.039995,0.012754,0.29825
44,2,0.014845,-0.013519,0.04554,0.67675
44,3,-0.015524,-0.045795,0.017645,0.3295
44,4,0.055341,0.015475,0.090644,0.90625
44,5,0.022714,-0.001955,0.048891,0.76425
44,6,0.04052,0.009236,0.074615,0.87875
44,7,0.052404,0.007948,0.09503,0.87125
44,8,0.004469,-0.026885,0.039548,0.56025
44,9,-0.025953,-0.057242,0.008952,0.201
44,10,0.022135,-0.010831,0.054224,0.75875
44,11,-0.026212,-0.064313,0.013815,0.27575
44,12,0.026633,-0.009651,0.063602,0.74575
44,13,0.014608,-0.023796,0.055319,0.65525
44,14,-0.01253,-0.047636,0.02674,0.38275
44,15,0.007965,-0.033308,0.053459,0.585
44,16,0.017613,-0.036494,0.070958,0.65325
44,17,-0.026975,-0.08104,0.027712,0.31175
44,18,-0.002098,-0.031825,0.029054,0.48425
44,19,0.037314,0.00091,0.073425,0.822
44,20,-0.035818,-0.079331,0.011958,0.18075
44,21,0.027922,-0.022727,0.077191,0.74625
44,22,-0.024395,-0.066185,0.020783,0.286
44,23,-0.014013,-0.047236,0.020626,0.34475
44,24,-0.007144,-0.050203,0.033425,0.44125
44,25,-0.000908,-0.026959,0.026036,0.48375
44,26,0.004951,-0.028836,0.036437,0.5565
44,27,-0.044139,-0.069923,-0.015488,0.05925
44,28,-0.026395,-0.051534,0.000411,0.17875
44,29,-0.037024,-0.063549,-0.010395,0.1195
44,30,-0.019632,-0.05366,0.014718,0.2955
44,31,0.018157,-0.012492,0.046792,0.69525
44,32,-0.02277,-0.055787,0.010168,0.232
44,33,-0.005049,-0.044173,0.033537,0.4575
44,34,0.037396,-0.008938,0.086495,0.822
44,35,-0.030651,-0.074867,0.014822,0.22075
44,36,-0.013136,-0.059176,0.031294,0.36075
44,37,-0.014895,-0.04404,0.013131,0.30675
44,38,-0.018353,-0.046345,0.007007,0.271
44,39,-0.001006,-0.025957,0.026221,0.479
44,40,0.01555,-0.012458,0.042662,0.689
44,41,0.067946,0.005185,0.135612,0.9055
44,42,0.058005,-0.001077,0.116862,0.89975
44,43,0.070363,-0.032077,0.170508,0.817
45,0,0.02187,-0.012035,0.053539,0.7685
45,1,-0.003787,-0.028091,0.020309,0.432
45,2,-0.069181,-0.094646,-0.045996,0.00925
45,3,-0.038501,-0.061625,-0.016038,0.1495
45,4,-0.073903,-0.096219,-0.049573,0.03475
45,5,-0.036094,-0.056087,-0.016538,0.10725
45,6,-0.034259,-0.062194,-0.006083,0.17525
45,7,-0.019999,-0.054132,0.014588,0.34625
45,8,-0.001841,-0.035611,0.032004,0.4605
45,9,0.009136,-0.017792,0.039038,0.61525
45,10,0.014951,-0.012129,0.041014,0.6855
45,11,-0.062508,-0.092221,-0.033344,0.0705
45,12,-0.010319,-0.037214,0.01735,0.417
45,13,-0.029078,-0.057129,-0.003088,0.25975
45,14,-0.036979,-0.071671,0.001477,0.16175
45,15,0.012987,-0.024855,0.052849,0.61275
45,16,-0.039681,-0.082046,0.004381,0.21675
45,17,-0.005394,-0.044584,0.037904,0.47275
45,18,0.03663,0.014606,0.0582,0.85525
45,19,-0.029885,-0.056707,-0.003565,0.23325
45,20,-0.020684,-0.064208,0.021405,0.3065
45,21,-0.00478,-0.050155,0.044242,0.453
45,22,0.036441,-0.000963,0.075809,0.79675
45,23,-0.002986,-0.028139,0.021513,0.474
45,24,-0.019264,-0.046491,0.010294,0.331
45,25,-0.009272,-0.030995,0.012096,0.3525
45,26,0.029552,0.001552,0.059607,0.879
45,27,-0.033767,-0.054469,-0.013051,0.09175
45,28,-0.017767,-0.037778,0.005237,0.259
45,29,-0.005927,-0.025623,0.01393,0.41425
45,30,0.050228,0.028753,0.074363,0.91725
45,31,0.001734,-0.017395,0.02231,0.53125
45,32,-0.026912,-0.05868,0.004694,0.18975
45,33,0.005088,-0.032636,0.045682,0.56525
45,34,-0.012717,-0.055208,0.024887,0.379
45,35,0.002952,-0.042169,0.044447,0.53325
45,36,0.028122,-0.013258,0.072589,0.7615
45,37,0.020489,0.000463,0.041185,0.73875
45,38,-0.005872,-0.022226,0.010327,0.422
45,39,-0.021051,-0.036004,-0.005321,0.19725
45,40,0.02235,0.003543,0.044193,0.75725
45,41,0.007356,-0.036516,0.052085,0.57
45,42,-0.021003,-0.065526,0.022908,0.3085
45,43,0.010678,-0.061102,0.078518,0.5785
45,44,-0.053283,-0.104517,-0.001253,0.13175
46,0,-0.001532,-0.030446,0.029342,0.47
46,1,-0.039598,-0.062315,-0.017994,0.05025
46,2,-0.011785,-0.031876,0.008997,0.32125
46,3,-0.006694,-0.029753,0.014755,0.421
46,4,0.025615,0.002335,0.049414,0.71725
46,5,-0.004796,-0.021234,0.011957,0.4255
46,6,0.00449,-0.021882,0.03123,0.53975
46,7,-0.009512,-0.046576,0.025567,0.43375
46,8,-0.009673,-0.037872,0.019394,0.35
46,9,-0.012546,-0.041362,0.015564,0.3495
46,10,0.033153,0.008924,0.058108,0.86
46,11,-0.02812,-0.059109,0.001701,0.278
46,12,-0.101578,-0.13018,-0.073445,0.0115
46,13,-0.005781,-0.034578,0.02709,0.45475
46,14,0.006403,-0.024979,0.041014,0.56975
46,15,0.007203,-0.034932,0.054686,0.5655
46,16,-0.08885,-0.135574,-0.033739,0.05525
46,17,-0.053785,-0.103904,0.005678,0.17725
46,18,0.061945,0.041093,0.08443,0.95175
46,19,-0.006047,-0.033803,0.021317,0.45925
46,20,-0.041207,-0.084288,0.006456,0.15575
46,21,-0.022272,-0.068521,0.022597,0.309
46,22,0.048393,0.007274,0.086076,0.84375
46,23,0.021176,-0.002765,0.046143,0.7135
46,24,-0.006943,-0.03646,0.023758,0.44475
46,25,-0.003633,-0.022047,0.015298,0.443
46,26,0.017526,-0.008542,0.043644,0.76925
46,27,0.019536,0.0013,0.038968,0.77325
46,28,0.003332,-0.017174,0.02237,0.55775
46,29,-0.04362,-0.062346,-0.025643,0.072
46,30,0.029708,0.005954,0.053535,0.79275
46,31,0.005866,-0.014688,0.023844,0.55975
46,32,0.00256,-0.027384,0.03165,0.5375
46,33,0.032656,-0.00873,0.075464,0.80775
46,34,-0.021592,-0.074627,0.024625,0.31725
46,35,0.012803,-0.033988,0.059696,0.622
46,36,0.001429,-0.045461,0.046551,0.519
46,37,0.013976,-0.004947,0.032531,0.66425
46,38,-0.023754,-0.038376,-0.00988,0.18925
46,39,-0.040519,-0.054973,-0.028538,0.0425
46,40,-0.037846,-0.056324,-0.020451,0.11025
46,41,-0.015509,-0.056202,0.030169,0.34675
46,42,-0.001133,-0.044381,0.043722,0.4865
46,43,-0.020607,-0.086185,0.039642,0.35625
46,44,-0.036719,-0.087194,0.013512,0.22525
46,45,0.345665,0.321939,0.371498,1.0
47,0,-0.017815,-0.057658,0.023045,0.2945
47,1,0.001713,-0.032194,0.039789,0.53875
47,2,-0.035684,-0.070328,-0.000786,0.134
47,3,0.054312,0.021326,0.086678,0.95375
47,4,0.001463,-0.029936,0.03322,0.52525
47,5,-0.039277,-0.072789,-0.006588,0.1085
47,6,-0.017393,-0.053829,0.016484,0.30125
47,7,-0.009022,-0.039573,0.024024,0.38125
47,8,0.010195,-0.030291,0.050675,0.628
47,9,0.041849,0.006884,0.075462,0.91575
47,10,-0.039503,-0.073399,-0.002671,0.108
47,11,-0.011251,-0.043271,0.020685,0.3655
47,12,-0.029513,-0.062403,0.001864,0.169
47,13,-0.056989,-0.090244,-0.023604,0.03775
47,14,-0.010318,-0.049593,0.028783,0.391
47,15,-0.052811,-0.092499,-0.013333,0.0675
47,16,-0.013919,-0.050909,0.024052,0.33325
47,17,-0.000679,-0.036826,0.034626,0.48375
47,18,0.007089,-0.022479,0.039434,0.593
47,19,-0.031001,-0.06253,0.000354,0.1535
47,20,0.033807,-0.008682,0.07526,0.82725
47,21,-0.026288,-0.068103,0.01671,0.22025
47,22,-0.041809,-0.078385,-0.006442,0.11125
47,23,0.011667,-0.017811,0.044031,0.643
47,24,0.020453,-0.014615,0.050422,0.74
47,25,0.005069,-0.027238,0.036853,0.5685
47,26,-0.003167,-0.041746,0.033058,0.4565
47,27,-0.018315,-0.048821,0.011745,0.26475
47,28,0.000356,-0.029356,0.032926,0.4955
47,29,-0.00881,-0.037028,0.02328,0.38125
47,30,-0.003079,-0.033684,0.025441,0.46875
47,31,0.013541,-0.016037,0.043719,0.68075
47,32,-0.041954,-0.078973,-0.00642,0.094
47,33,0.009094,-0.030105,0.051324,0.6025
47,34,0.024356,-0.016296,0.060407,0.78125
47,35,0.028174,-0.015213,0.071153,0.79
47,36,0.034427,-0.005898,0.078004,0.84125
47,37,0.108787,0.06752,0.143124,0.99875
47,38,0.051344,0.018709,0.084008,0.95025
47,39,0.017224,-0.019281,0.051759,0.71725
47,40,-0.02697,-0.06609,0.01134,0.221
47,41,-0.017393,-0.054056,0.018995,0.2835
47,42,-0.01673,-0.054031,0.024171,0.31025
47,43,0.018668,-0.018642,0.06047,0.71525
47,44,-0.026472,-0.061623,0.007049,0.2035
47,45,0.041719,0.008028,0.07696,0.90425
47,46,0.047301,0.014749,0.079054,0.93225
48,0,-0.020545,-0.056404,0.015759,0.2655
48,1,-0.021658,-0.053909,0.014127,0.24575
48,2,0.015433,-0.014422,0.04418,0.6935
48,3,0.015455,-0.009439,0.040208,0.71775
48,4,-0.025816,-0.04922,-0.000875,0.1825
48,5,-0.032021,-0.059386,-0.004946,0.1345
48,6,-0.034277,-0.064464,-0.004965,0.13475
48,7,0.00139,-0.021663,0.025668,0.51125
48,8,0.002922,-0.035714,0.04224,0.5285
48,9,0.012412,-0.019761,0.040263,0.66525
48,10,0.041666,0.012156,0.072108,0.92725
48,11,-0.004032,-0.028841,0.019966,0.4375
48,12,0.015251,-0.008344,0.038957,0.69825
48,13,0.00444,-0.019498,0.029372,0.5625
48,14,-0.027594,-0.061849,0.006352,0.20225
48,15,0.014475,-0.014669,0.042359,0.67325
48,16,0.001363,-0.031022,0.031218,0.50625
48,17,-0.036476,-0.063362,-0.005288,0.123
48,18,-0.000727,-0.024319,0.024647,0.491
48,19,-0.023491,-0.048474,0.001064,0.1905
48,20,0.028805,-0.011242,0.067732,0.80975
48,21,0.012068,-0.02399,0.046556,0.639
48,22,0.014505,-0.015633,0.042277,0.68075
48,23,0.02629,0.000377,0.049657,0.81425
48,24,-0.044622,-0.068384,-0.018419,0.05375
48,25,0.031504,0.003953,0.062121,0.8645
48,26,0.020102,-0.01292,0.055892,0.74675
48,27,0.014362,-0.01287,0.041074,0.692
48,28,-0.021197,-0.048156,0.004595,0.2305
48,29,0.011549,-0.013166,0.034393,0.666
48,30,0.038789,0.015633,0.064651,0.91875
48,31,0.022662,-0.003634,0.045752,0.779
48,32,0.0384,0.004336,0.072139,0.89325
48,33,-0.013901,-0.050559,0.022526,0.3335
48,34,-0.043544,-0.075277,-0.012075,0.08225
48,35,-0.012164,-0.047941,0.028753,0.34975
48,36,-0.012413,-0.050706,0.025815,0.34575
48,37,0.03116,0.004536,0.058373,0.85225
48,38,0.055111,0.030218,0.081209,0.96675
48,39,-0.088416,-0.115155,-0.058278,0.00275
48,40,0.004455,-0.030062,0.034243,0.55325
48,41,0.00587,-0.028704,0.038635,0.56675
48,42,-0.025846,-0.060676,0.01123,0.209
48,43,-0.011937,-0.047554,0.022928,0.3525
48,44,-0.014591,-0.044901,0.014159,0.3195
48,45,0.074675,0.04805,0.098406,0.994
48,46,0.058085,0.034373,0.082143,0.9815
48,47,0.001998,-0.06057,0.057405,0.52025
49,0,-0.002394,-0.034035,0.030894,0.4765
49,1,-0.020719,-0.05102,0.008124,0.2365
49,2,0.001151,-0.022184,0.024349,0.5125
49,3,-0.009311,-0.026925,0.007498,0.38175
49,4,-0.019042,-0.032994,-0.003826,0.24725
49,5,0.000509,-0.019443,0.021197,0.49775
49,6,-0.089971,-0.113531,-0.066734,0.00075
49,7,-0.005406,-0.021304,0.012907,0.428
49,8,-0.004847,-0.04034,0.032979,0.442
49,9,0.014594,-0.009308,0.039604,0.691
49,10,-0.043782,-0.068869,-0.01976,0.0665
49,11,0.014184,-0.004286,0.030458,0.6825
49,12,-0.006041,-0.022653,0.01007,0.4005
49,13,0.003043,-0.014346,0.018614,0.5505
49,14,0.012407,-0.017135,0.042418,0.651
49,15,-0.019434,-0.042247,0.001654,0.2745
49,16,0.030974,0.005404,0.058072,0.82675
49,17,0.006167,-0.020967,0.029553,0.58
49,18,0.035974,0.019012,0.051846,0.9025
49,19,0.011024,-0.006904,0.030284,0.652
49,20,-0.032021,-0.068178,0.003376,0.1685
49,21,-0.042937,-0.076622,-0.010657,0.094
49,22,-0.020611,-0.046736,0.006679,0.26375
49,23,0.033278,0.014361,0.051561,0.87025
49,24,0.009666,-0.008404,0.028955,0.6365
49,25,-0.014858,-0.039695,0.007597,0.292
49,26,0.014006,-0.017551,0.04493,0.6755
49,27,0.051136,0.031672,0.075007,0.9715
49,28,0.081664,0.061101,0.101813,0.99875
49,29,0.028728,0.010744,0.045774,0.84475
49,30,-0.013015,-0.029999,0.004245,0.32225
49,31,0.033527,0.015451,0.04883,0.87775
49,32,0.030666,-0.001378,0.059106,0.853
49,33,0.007911,-0.026926,0.043461,0.593
49,34,-0.013898,-0.044165,0.01465,0.32625
49,35,0.012346,-0.025973,0.049101,0.6535
49,36,0.027123,-0.009705,0.068193,0.79775
49,37,0.037947,0.017297,0.057807,0.902
49,38,0.043823,0.027603,0.061053,0.938
49,39,0.072921,0.055929,0.091672,0.99525
49,40,0.041645,0.023198,0.061561,0.92425
49,41,-0.034222,-0.06374,-0.003748,0.135
49,42,-0.075474,-0.110506,-0.039761,0.0105
49,43,-0.069605,-0.101729,-0.03671,0.01225
49,44,0.015286,-0.009966,0.040946,0.7045
49,45,-0.019782,-0.038475,-0.000923,0.24775
49,46,-0.048278,-0.065652,-0.030945,0.05275
49,47,-0.002864,-0.05638,0.048846,0.47375
49,48,0.01081,-0.039659,0.061702,0.613
50,0,0.006371,-0.02834,0.0425,0.57325
50,1,0.031616,0.000573,0.061506,0.8575
50,2,-0.050501,-0.080279,-0.020406,0.05925
50,3,0.043157,0.015425,0.071553,0.8905
50,4,-0.047067,-0.07337,-0.018366,0.09575
50,5,-0.06938,-0.095816,-0.042953,0.015
50,6,-0.016504,-0.048135,0.0155,0.3225
50,7,-0.037374,-0.067945,-0.00578,0.15675
50,8,-0.019739,-0.055972,0.016872,0.25675
50,9,-0.03074,-0.060428,-0.000806,0.15425
50,10,0.001888,-0.028649,0.031792,0.533
50,11,0.01731,-0.015689,0.047867,0.67925
50,12,0.017133,-0.01245,0.047928,0.676
50,13,-0.020555,-0.050399,0.006506,0.29275
50,14,-0.103345,-0.140807,-0.059047,0.004
50,15,-0.00491,-0.041243,0.036509,0.45475
50,16,-0.046871,-0.08715,-0.006109,0.12425
50,17,0.004406,-0.033879,0.040957,0.5575
50,18,-0.07227,-0.10056,-0.046097,0.01475
50,19,-0.047499,-0.076718,-0.018451,0.08825
50,20,0.007203,-0.034443,0.050684,0.565
50,21,-0.003319,-0.049905,0.038537,0.4685
50,22,-0.040955,-0.078127,-0.006104,0.13725
50,23,-0.028049,-0.055007,0.004533,0.20825
50,24,0.010412,-0.022344,0.039415,0.62275
50,25,-0.002345,-0.027166,0.025594,0.45125
50,26,-0.027233,-0.059985,0.006028,0.1715
50,27,-0.00832,-0.032668,0.017965,0.396
50,28,-0.014665,-0.038658,0.011754,0.30575
50,29,-0.029189,-0.056449,-0.005784,0.17675
50,30,0.000572,-0.027212,0.026541,0.517
50,31,-0.006608,-0.033238,0.017835,0.42325
50,32,-0.048206,-0.082027,-0.014056,0.0615
50,33,-0.002605,-0.041591,0.036862,0.465
50,34,0.023573,-0.011812,0.057432,0.75825
50,35,0.007558,-0.034572,0.050949,0.575
50,36,0.025937,-0.016921,0.068559,0.758
50,37,0.026187,-0.006737,0.058173,0.7805
50,38,-0.0481,-0.075098,-0.02054,0.054
50,39,0.032845,0.00966,0.056554,0.8735
50,40,0.00636,-0.020853,0.034327,0.5785
50,41,0.043914,-0.006337,0.098259,0.8615
50,42,0.024718,-0.03023,0.077318,0.7285
50,43,0.092689,0.023325,0.16623,0.95
50,44,0.010962,-0.042742,0.063359,0.597
50,45,0.013135,-0.035782,0.057538,0.6165
50,46,-0.042827,-0.08439,-0.003298,0.146
50,47,-0.018498,-0.049794,0.016345,0.27975
50,48,-0.061759,-0.090348,-0.032412,0.021
50,49,-0.017558,-0.041438,0.009176,0.27925
51,0,-0.000644,-0.038721,0.036506,0.5
51,1,0.030215,-0.000962,0.063701,0.83475
51,2,-0.050252,-0.082814,-0.020531,0.0635
51,3,-0.000938,-0.030567,0.027908,0.496
51,4,0.005944,-0.024426,0.035641,0.563
51,5,-0.107417,-0.135878,-0.076069,0.00025
51,6,-0.012164,-0.046199,0.020228,0.361
51,7,-0.066464,-0.098993,-0.031741,0.03325
51,8,0.006077,-0.030369,0.043635,0.575
51,9,0.002751,-0.027712,0.033486,0.538
51,10,-0.029623,-0.062617,0.001148,0.168
51,11,0.035647,0.003144,0.065444,0.83475
51,12,-0.004664,-0.037542,0.024578,0.4485
51,13,0.012335,-0.0165,0.042816,0.63175
51,14,-0.057661,-0.096145,-0.014322,0.05775
51,15,-0.052942,-0.093341,-0.011882,0.08825
51,16,0.019538,-0.020061,0.058218,0.6925
51,17,0.010804,-0.024476,0.048774,0.6165
51,18,-0.023377,-0.053121,0.004126,0.246
51,19,-0.007964,-0.03716,0.023739,0.411
51,20,-0.00626,-0.048,0.042386,0.427
51,21,-0.004676,-0.049463,0.037848,0.44425
51,22,-0.017764,-0.054531,0.020155,0.32025
51,23,-0.031379,-0.063483,-0.000797,0.18625
51,24,0.016574,-0.015669,0.047198,0.67125
51,25,-0.023513,-0.048032,0.004105,0.18725
51,26,0.002748,-0.028206,0.03436,0.5395
51,27,-0.018764,-0.045303,0.005687,0.25225
51,28,0.013944,-0.012244,0.039168,0.67525
51,29,-0.032955,-0.059781,-0.007727,0.1385
51,30,-0.021448,-0.050571,0.005643,0.264
51,31,-0.018544,-0.045882,0.007909,0.277
51,32,-0.030496,-0.063808,0.004164,0.164
51,33,0.010615,-0.027917,0.049315,0.63
51,34,0.014831,-0.022438,0.050553,0.676
51,35,-0.013969,-0.055099,0.031383,0.36375
51,36,0.00685,-0.03726,0.047571,0.56
51,37,0.08593,0.045154,0.12319,0.98925
51,38,-0.021148,-0.052776,0.009061,0.261
51,39,-0.025499,-0.049445,-0.002725,0.182
51,40,0.017824,-0.010271,0.047286,0.72
51,41,-0.005357,-0.048675,0.046671,0.457
51,42,0.047835,-0.018185,0.110729,0.84
51,43,0.052077,-0.001255,0.106686,0.88825
51,44,-0.031528,-0.075205,0.011733,0.2005
51,45,0.046387,0.009045,0.085499,0.891
51,46,0.001783,-0.034318,0.03665,0.525
51,47,-0.007436,-0.041358,0.027067,0.3905
51,48,-0.031101,-0.059556,-0.000605,0.14575
51,49,-0.00389,-0.030135,0.023174,0.46625
51,50,0.404117,0.360232,0.445771,1.0
