	Mean	MCSE	StdDev	5%	50%	95%	N_Eff	N_Eff/s	R_hat
theta[1,1]	-1.1	0.0048	0.45	-1.9	-1.0	-0.39	8860.0	8.0	1.0
theta[2,1]	-0.15	0.0032	0.31	-0.67	-0.14	0.34	9371.0	8.5	1.0
theta[3,1]	0.98	0.0028	0.28	0.53	0.98	1.4	9441.0	8.5	1.0
theta[4,1]	0.043	0.0027	0.29	-0.44	0.047	0.51	11635.0	10.0	1.0
theta[5,1]	1.2	0.003	0.27	0.77	1.2	1.7	8233.0	7.4	1.0
theta[6,1]	-0.52	0.0038	0.36	-1.1	-0.5	0.026	9074.0	8.2	1.0
theta[7,1]	0.66	0.0026	0.27	0.23	0.66	1.1	10301.0	9.3	1.0
theta[8,1]	0.83	0.0027	0.27	0.39	0.83	1.3	9968.0	9.0	1.0
theta[9,1]	0.74	0.0028	0.26	0.31	0.74	1.2	8353.0	7.5	1.0
theta[10,1]	0.41	0.0027	0.26	-0.0057	0.41	0.83	9036.0	8.2	1.0
theta[11,1]	1.1	0.003	0.28	0.66	1.1	1.6	8747.0	7.9	1.0
theta[12,1]	-1.5	0.0061	0.53	-2.4	-1.5	-0.68	7481.0	6.7	1.0
theta[13,1]	3.3	0.0043	0.39	2.7	3.3	4.0	8114.0	7.3	1.0
theta[14,1]	1.3	0.0028	0.29	0.8	1.2	1.7	10355.0	9.3	1.0
theta[15,1]	1.1	0.0026	0.27	0.62	1.1	1.5	10745.0	9.7	1.0
theta[16,1]	-0.81	0.0047	0.4	-1.5	-0.79	-0.21	6977.0	6.3	1.0
theta[17,1]	-0.62	0.004	0.37	-1.3	-0.59	-0.047	8700.0	7.8	1.0
theta[18,1]	0.22	0.0027	0.27	-0.24	0.22	0.64	10259.0	9.3	1.0
theta[19,1]	-0.64	0.0039	0.37	-1.3	-0.62	-0.067	8967.0	8.1	1.0
theta[20,1]	-0.7	0.0045	0.38	-1.3	-0.68	-0.12	7160.0	6.5	1.0
theta[21,1]	-1.3	0.0053	0.48	-2.2	-1.3	-0.57	8223.0	7.4	1.0
theta[22,1]	-0.4	0.0037	0.33	-0.96	-0.39	0.1	7835.0	7.1	1.0
theta[23,1]	0.044	0.003	0.27	-0.42	0.044	0.49	8068.0	7.3	1.0
theta[24,1]	-1.3	0.0059	0.5	-2.2	-1.3	-0.56	7346.0	6.6	1.0
theta[25,1]	-0.3	0.0034	0.32	-0.86	-0.29	0.17	8639.0	7.8	1.0
theta[26,1]	-1.4	0.0061	0.54	-2.4	-1.4	-0.59	7893.0	7.1	1.0
theta[27,1]	-0.16	0.0032	0.29	-0.65	-0.14	0.31	8240.0	7.4	1.0
theta[28,1]	0.57	0.0026	0.26	0.15	0.57	1.0	9956.0	9.0	1.0
theta[29,1]	0.56	0.0027	0.26	0.14	0.56	1.0	9311.0	8.4	1.0
theta[30,1]	-0.71	0.0043	0.39	-1.4	-0.69	-0.1	8132.0	7.3	1.0
theta[31,1]	0.6	0.0026	0.26	0.16	0.6	1.0	10148.0	9.2	1.0
theta[32,1]	-0.68	0.0041	0.37	-1.3	-0.65	-0.1	8258.0	7.5	1.0
theta[33,1]	-0.52	0.0039	0.34	-1.1	-0.51	0.013	7730.0	7.0	1.0
theta[34,1]	-0.89	0.0047	0.42	-1.6	-0.87	-0.24	8094.0	7.3	1.0
theta[35,1]	1.3	0.0028	0.28	0.81	1.2	1.7	9902.0	8.9	1.0
theta[36,1]	-0.7	0.0045	0.39	-1.4	-0.67	-0.1	7412.0	6.7	1.0
theta[37,1]	-1.2	0.0059	0.49	-2.1	-1.2	-0.49	7052.0	6.4	1.0
theta[38,1]	-0.27	0.0036	0.31	-0.8	-0.25	0.22	7472.0	6.7	1.0
theta[39,1]	-0.22	0.0034	0.3	-0.75	-0.22	0.25	7801.0	7.0	1.0
theta[40,1]	-1.9	0.0076	0.63	-3.0	-1.8	-0.91	6878.0	6.2	1.0
theta[41,1]	-1.9	0.007	0.61	-3.0	-1.9	-0.96	7519.0	6.8	1.0
theta[42,1]	-0.57	0.004	0.36	-1.2	-0.55	-0.0079	7989.0	7.2	1.0
theta[43,1]	0.1	0.003	0.28	-0.37	0.1	0.54	8644.0	7.8	1.0
theta[44,1]	0.028	0.0028	0.28	-0.45	0.032	0.47	9885.0	8.9	1.0
theta[45,1]	-1.1	0.0053	0.47	-1.9	-1.1	-0.42	7887.0	7.1	1.0
theta[46,1]	-1.5	0.0058	0.53	-2.4	-1.5	-0.7	8493.0	7.7	1.0
theta[47,1]	-0.99	0.005	0.44	-1.7	-0.95	-0.31	7930.0	7.2	1.0
theta[48,1]	0.13	0.003	0.28	-0.34	0.13	0.58	8833.0	8.0	1.0
theta[49,1]	-0.57	0.0038	0.36	-1.2	-0.54	-0.026	8718.0	7.9	1.0
theta[50,1]	0.32	0.0027	0.26	-0.1	0.32	0.73	9097.0	8.2	1.0
theta[51,1]	-0.62	0.004	0.37	-1.3	-0.6	-0.064	8486.0	7.7	1.0
theta[52,1]	-1.1	0.0055	0.45	-1.9	-1.1	-0.44	6702.0	6.0	1.0
theta[53,1]	1.2	0.003	0.28	0.77	1.2	1.7	8900.0	8.0	1.0
theta[54,1]	-1.9	0.0065	0.62	-3.0	-1.9	-0.96	9039.0	8.2	1.0
theta[55,1]	-1.4	0.0056	0.5	-2.3	-1.4	-0.61	8025.0	7.2	1.0
theta[56,1]	-1.2	0.0062	0.48	-2.1	-1.2	-0.52	5931.0	5.4	1.0
theta[57,1]	-0.58	0.0042	0.36	-1.2	-0.55	-0.027	7242.0	6.5	1.0
theta[58,1]	-0.57	0.0041	0.37	-1.2	-0.55	-0.0088	8250.0	7.4	1.0
theta[59,1]	0.39	0.0028	0.26	-0.043	0.39	0.83	8551.0	7.7	1.0
theta[60,1]	-0.29	0.0034	0.32	-0.84	-0.27	0.2	9020.0	8.1	1.0
theta[61,1]	-0.85	0.0045	0.41	-1.5	-0.83	-0.21	8266.0	7.5	1.0
theta[62,1]	-0.4	0.0035	0.34	-0.99	-0.38	0.13	9265.0	8.4	1.0
theta[63,1]	-1.9	0.0063	0.58	-2.9	-1.9	-1.0	8364.0	7.5	1.0
theta[64,1]	-0.47	0.0037	0.34	-1.1	-0.44	0.052	8258.0	7.5	1.0
theta[65,1]	-0.74	0.0042	0.4	-1.4	-0.72	-0.13	8819.0	8.0	1.0
theta[66,1]	-0.87	0.0045	0.42	-1.6	-0.85	-0.23	8608.0	7.8	1.0
theta[67,1]	-0.85	0.0047	0.41	-1.6	-0.83	-0.23	7696.0	6.9	1.0
theta[68,1]	1.1	0.003	0.28	0.61	1.1	1.5	8803.0	7.9	1.0
theta[69,1]	1.3	0.003	0.3	0.87	1.3	1.8	9515.0	8.6	1.0
theta[70,1]	-0.64	0.0037	0.37	-1.3	-0.62	-0.067	9654.0	8.7	1.0
theta[71,1]	-0.18	0.0033	0.31	-0.7	-0.17	0.32	9027.0	8.1	1.0
theta[72,1]	-0.34	0.0032	0.31	-0.86	-0.33	0.14	9632.0	8.7	1.0
theta[73,1]	-0.47	0.0035	0.34	-1.1	-0.45	0.071	9459.0	8.5	1.0
theta[74,1]	0.059	0.0026	0.27	-0.39	0.069	0.48	10346.0	9.3	1.0
theta[75,1]	-0.85	0.0044	0.41	-1.6	-0.83	-0.23	8560.0	7.7	1.0
theta[76,1]	0.03	0.0029	0.29	-0.47	0.036	0.49	9761.0	8.8	1.0
theta[77,1]	-0.9	0.0046	0.41	-1.6	-0.88	-0.29	7956.0	7.2	1.0
theta[78,1]	-0.65	0.0039	0.36	-1.3	-0.64	-0.085	8743.0	7.9	1.0
theta[79,1]	0.058	0.0031	0.29	-0.42	0.065	0.51	8783.0	7.9	1.0
theta[80,1]	-1.2	0.0055	0.49	-2.1	-1.2	-0.5	7767.0	7.0	1.0
theta[81,1]	-0.37	0.0033	0.33	-0.93	-0.36	0.15	9744.0	8.8	1.0
theta[82,1]	0.11	0.0027	0.27	-0.35	0.11	0.55	10053.0	9.1	1.0
theta[83,1]	-0.52	0.0041	0.37	-1.2	-0.49	0.055	8233.0	7.4	1.0
theta[84,1]	-1.1	0.0051	0.44	-1.8	-1.1	-0.41	7639.0	6.9	1.0
theta[85,1]	0.14	0.0027	0.28	-0.32	0.15	0.59	10370.0	9.4	1.0
theta[86,1]	-0.028	0.0029	0.28	-0.51	-0.022	0.42	9343.0	8.4	1.0
theta[87,1]	0.12	0.0026	0.27	-0.33	0.12	0.55	10756.0	9.7	1.0
theta[88,1]	-0.3	0.0033	0.32	-0.84	-0.28	0.21	9375.0	8.5	1.0
theta[89,1]	-0.61	0.0039	0.36	-1.2	-0.59	-0.051	8539.0	7.7	1.0
theta[90,1]	0.11	0.0026	0.28	-0.35	0.12	0.55	11731.0	11.0	1.0
theta[91,1]	0.56	0.0026	0.27	0.11	0.56	1.0	10861.0	9.8	1.0
theta[92,1]	0.25	0.0025	0.27	-0.19	0.25	0.68	11002.0	9.9	1.0
theta[93,1]	1.1	0.0026	0.27	0.64	1.1	1.5	11254.0	10.0	1.0
theta[94,1]	-0.7	0.0044	0.39	-1.4	-0.67	-0.11	7992.0	7.2	1.0
theta[95,1]	-0.74	0.0044	0.36	-1.4	-0.72	-0.19	6990.0	6.3	1.0
theta[96,1]	-0.23	0.0033	0.3	-0.76	-0.21	0.24	8457.0	7.6	1.0
theta[97,1]	0.72	0.0026	0.26	0.28	0.71	1.2	10518.0	9.5	1.0
theta[98,1]	-1.5	0.0064	0.53	-2.5	-1.5	-0.74	7032.0	6.3	1.0
theta[99,1]	-0.35	0.0036	0.33	-0.92	-0.33	0.17	8533.0	7.7	1.0
theta[100,1]	-1.1	0.0053	0.45	-1.8	-1.0	-0.37	7143.0	6.4	1.0
theta[101,1]	0.38	0.0026	0.26	-0.052	0.38	0.79	9817.0	8.9	1.0
theta[102,1]	1.1	0.0027	0.28	0.62	1.1	1.5	10206.0	9.2	1.0
theta[103,1]	-1.2	0.0052	0.47	-1.9	-1.1	-0.44	8012.0	7.2	1.0
theta[104,1]	-0.085	0.003	0.29	-0.57	-0.077	0.37	9197.0	8.3	1.0
theta[105,1]	1.1	0.003	0.27	0.63	1.1	1.5	8526.0	7.7	1.0
theta[106,1]	-0.25	0.0031	0.32	-0.79	-0.23	0.26	10254.0	9.3	1.0
theta[107,1]	0.99	0.0028	0.28	0.55	0.99	1.5	10131.0	9.1	1.0
theta[108,1]	-0.22	0.0029	0.3	-0.73	-0.21	0.25	10472.0	9.4	1.0
theta[109,1]	-0.94	0.0046	0.44	-1.7	-0.9	-0.27	8991.0	8.1	1.0
theta[110,1]	-0.37	0.0033	0.31	-0.9	-0.36	0.12	8865.0	8.0	1.0
theta[111,1]	0.54	0.0027	0.27	0.092	0.55	0.97	9399.0	8.5	1.0
theta[112,1]	-0.67	0.004	0.38	-1.3	-0.65	-0.085	9196.0	8.3	1.0
theta[113,1]	-0.2	0.003	0.3	-0.71	-0.19	0.27	10479.0	9.5	1.0
theta[114,1]	-0.22	0.0033	0.31	-0.74	-0.21	0.26	8535.0	7.7	1.0
theta[115,1]	-0.41	0.0034	0.33	-0.97	-0.39	0.093	9190.0	8.3	1.0
theta[116,1]	0.57	0.0026	0.27	0.13	0.57	1.0	10558.0	9.5	1.0
theta[117,1]	-0.24	0.0032	0.3	-0.76	-0.22	0.24	8806.0	7.9	1.0
theta[118,1]	-0.89	0.0045	0.42	-1.6	-0.87	-0.22	8569.0	7.7	1.0
theta[119,1]	-1.9	0.0067	0.61	-3.0	-1.9	-0.98	8480.0	7.7	1.0
theta[120,1]	-0.86	0.0045	0.42	-1.6	-0.84	-0.21	8684.0	7.8	1.0
theta[121,1]	-0.33	0.0036	0.32	-0.88	-0.31	0.17	7847.0	7.1	1.0
theta[122,1]	-0.58	0.004	0.35	-1.2	-0.56	-0.042	7990.0	7.2	1.0
theta[123,1]	0.74	0.0027	0.27	0.31	0.74	1.2	9396.0	8.5	1.0
theta[124,1]	0.45	0.0024	0.27	0.0086	0.45	0.89	12234.0	11.0	1.0
theta[125,1]	-0.91	0.0051	0.42	-1.6	-0.87	-0.28	6602.0	6.0	1.0
theta[126,1]	-0.36	0.0034	0.33	-0.91	-0.35	0.14	9490.0	8.6	1.0
theta[127,1]	2.0	0.003	0.29	1.5	2.0	2.4	9560.0	8.6	1.0
theta[128,1]	-1.1	0.0059	0.46	-1.9	-1.1	-0.41	5940.0	5.4	1.0
theta[129,1]	-0.47	0.0037	0.33	-1.0	-0.45	0.054	8014.0	7.2	1.0
theta[130,1]	0.24	0.0027	0.27	-0.2	0.24	0.66	9503.0	8.6	1.0
theta[131,1]	-0.91	0.0044	0.4	-1.6	-0.89	-0.28	8290.0	7.5	1.0
theta[132,1]	0.072	0.0029	0.27	-0.4	0.081	0.5	8742.0	7.9	1.0
theta[133,1]	1.7	0.0031	0.3	1.2	1.7	2.2	9379.0	8.5	1.0
theta[134,1]	0.57	0.0026	0.26	0.13	0.57	0.98	10353.0	9.3	1.0
theta[135,1]	1.0	0.0026	0.27	0.58	1.0	1.5	10810.0	9.8	1.0
theta[136,1]	1.3	0.0029	0.28	0.86	1.3	1.8	8919.0	8.0	1.0
theta[137,1]	0.51	0.0027	0.27	0.067	0.51	0.96	9626.0	8.7	1.0
theta[138,1]	0.69	0.0025	0.26	0.27	0.69	1.1	10724.0	9.7	1.0
theta[139,1]	0.47	0.0027	0.26	0.032	0.47	0.91	9759.0	8.8	1.0
theta[140,1]	-0.42	0.0039	0.34	-1.0	-0.41	0.11	7302.0	6.6	1.0
theta[141,1]	-0.021	0.0026	0.27	-0.47	-0.02	0.41	10574.0	9.5	1.0
theta[142,1]	-0.38	0.0037	0.34	-0.97	-0.37	0.16	8220.0	7.4	1.0
theta[143,1]	-0.45	0.0038	0.33	-1.0	-0.43	0.059	7376.0	6.7	1.0
theta[144,1]	-1.6	0.0071	0.57	-2.6	-1.6	-0.75	6499.0	5.9	1.0
theta[145,1]	-0.26	0.0029	0.3	-0.78	-0.24	0.22	11061.0	10.0	1.0
theta[146,1]	-0.17	0.003	0.29	-0.65	-0.16	0.29	9064.0	8.2	1.0
theta[147,1]	0.53	0.0027	0.27	0.096	0.53	0.98	10012.0	9.0	1.0
theta[148,1]	-0.31	0.0031	0.31	-0.84	-0.29	0.18	9706.0	8.8	1.0
theta[149,1]	1.4	0.0026	0.27	0.92	1.4	1.8	10738.0	9.7	1.0
theta[150,1]	-1.0	0.005	0.45	-1.8	-0.98	-0.32	7958.0	7.2	1.0
theta[151,1]	-0.17	0.0034	0.3	-0.68	-0.16	0.31	8109.0	7.3	1.0
theta[152,1]	0.34	0.0026	0.26	-0.094	0.34	0.77	10421.0	9.4	1.0
theta[153,1]	0.78	0.0028	0.28	0.34	0.78	1.2	9462.0	8.5	1.0
theta[154,1]	-1.9	0.0071	0.61	-3.0	-1.9	-0.97	7528.0	6.8	1.0
theta[155,1]	-1.5	0.0064	0.54	-2.4	-1.5	-0.68	7130.0	6.4	1.0
theta[156,1]	0.46	0.0027	0.27	0.0026	0.46	0.9	9796.0	8.8	1.0
theta[157,1]	-1.0	0.0047	0.44	-1.8	-1.0	-0.37	8873.0	8.0	1.0
theta[158,1]	-0.23	0.003	0.3	-0.74	-0.21	0.23	9654.0	8.7	1.0
theta[159,1]	0.94	0.0027	0.26	0.52	0.93	1.4	9318.0	8.4	1.0
theta[160,1]	0.91	0.0027	0.27	0.46	0.9	1.4	10179.0	9.2	1.0
theta[161,1]	0.57	0.0025	0.27	0.13	0.57	1.0	11017.0	9.9	1.0
theta[162,1]	-0.43	0.0041	0.36	-1.1	-0.41	0.11	7433.0	6.7	1.0
theta[163,1]	-0.3	0.0032	0.31	-0.84	-0.29	0.21	9583.0	8.6	1.0
theta[164,1]	0.78	0.003	0.28	0.32	0.77	1.2	8949.0	8.1	1.0
theta[165,1]	-0.2	0.0031	0.31	-0.73	-0.19	0.28	9808.0	8.8	1.0
theta[166,1]	0.62	0.0023	0.26	0.2	0.62	1.1	12333.0	11.0	1.0
theta[167,1]	-1.9	0.0068	0.61	-3.0	-1.9	-0.97	8015.0	7.2	1.0
theta[168,1]	0.15	0.0026	0.26	-0.28	0.15	0.56	9533.0	8.6	1.0
theta[169,1]	-0.58	0.004	0.36	-1.2	-0.56	-0.026	8301.0	7.5	1.0
theta[170,1]	-1.5	0.0067	0.53	-2.5	-1.5	-0.71	6371.0	5.7	1.0
theta[171,1]	0.053	0.003	0.29	-0.43	0.062	0.52	9505.0	8.6	1.0
theta[172,1]	-0.61	0.0043	0.38	-1.3	-0.58	-0.011	7763.0	7.0	1.0
theta[173,1]	0.4	0.0027	0.26	-0.033	0.4	0.81	9259.0	8.4	1.0
theta[174,1]	-0.29	0.0032	0.31	-0.82	-0.28	0.2	9569.0	8.6	1.0
theta[175,1]	1.3	0.003	0.29	0.8	1.3	1.8	9448.0	8.5	1.0
theta[176,1]	-1.9	0.0068	0.6	-2.9	-1.8	-0.97	7750.0	7.0	1.0
theta[177,1]	0.47	0.0027	0.26	0.043	0.47	0.9	8893.0	8.0	1.0
theta[178,1]	-0.83	0.0052	0.4	-1.6	-0.81	-0.21	6121.0	5.5	1.0
theta[179,1]	-0.26	0.0031	0.3	-0.76	-0.24	0.21	9188.0	8.3	1.0
theta[180,1]	-0.15	0.0031	0.3	-0.65	-0.14	0.31	9358.0	8.4	1.0
theta[181,1]	0.71	0.0027	0.27	0.26	0.7	1.2	10222.0	9.2	1.0
theta[182,1]	-0.34	0.0036	0.32	-0.88	-0.32	0.16	8011.0	7.2	1.0
theta[183,1]	1.3	0.003	0.3	0.84	1.3	1.8	10143.0	9.2	1.0
theta[184,1]	0.69	0.0028	0.27	0.24	0.69	1.1	9192.0	8.3	1.0
theta[185,1]	-0.54	0.0039	0.36	-1.2	-0.52	0.018	8521.0	7.7	1.0
theta[186,1]	0.43	0.0026	0.26	-0.0026	0.43	0.84	9541.0	8.6	1.0
theta[187,1]	1.2	0.0029	0.28	0.74	1.2	1.6	9313.0	8.4	1.0
theta[188,1]	-1.1	0.0051	0.43	-1.9	-1.1	-0.48	7188.0	6.5	1.0
theta[189,1]	-0.32	0.0035	0.32	-0.87	-0.3	0.18	8614.0	7.8	1.0
theta[190,1]	1.7	0.0029	0.29	1.2	1.7	2.2	10105.0	9.1	1.0
theta[191,1]	-1.5	0.0064	0.53	-2.4	-1.5	-0.7	6979.0	6.3	1.0
theta[192,1]	0.69	0.0025	0.27	0.25	0.69	1.1	11217.0	10.0	1.0
theta[193,1]	-0.46	0.0036	0.34	-1.1	-0.44	0.054	8892.0	8.0	1.0
theta[194,1]	0.73	0.0028	0.26	0.29	0.73	1.2	8926.0	8.1	1.0
theta[195,1]	-0.31	0.0037	0.32	-0.86	-0.3	0.21	7828.0	7.1	1.0
theta[196,1]	1.4	0.0033	0.3	0.94	1.4	1.9	7953.0	7.2	1.0
theta[197,1]	-0.75	0.0045	0.4	-1.4	-0.72	-0.14	7894.0	7.1	1.0
theta[198,1]	-1.1	0.0051	0.46	-1.9	-1.0	-0.37	8029.0	7.2	1.0
theta[199,1]	1.2	0.0031	0.27	0.76	1.2	1.6	7647.0	6.9	1.0
theta[200,1]	-0.26	0.0032	0.31	-0.78	-0.24	0.22	9193.0	8.3	1.0
theta[201,1]	-0.068	0.0029	0.29	-0.56	-0.057	0.39	9981.0	9.0	1.0
theta[202,1]	-0.2	0.0035	0.3	-0.73	-0.18	0.27	7622.0	6.9	1.0
theta[203,1]	0.21	0.0026	0.27	-0.25	0.21	0.65	10567.0	9.5	1.0
theta[204,1]	-0.42	0.0036	0.33	-0.99	-0.4	0.095	8416.0	7.6	1.0
theta[205,1]	0.92	0.0025	0.26	0.5	0.92	1.4	11054.0	10.0	1.0
theta[206,1]	-1.1	0.0052	0.45	-1.9	-1.1	-0.43	7450.0	6.7	1.0
theta[207,1]	-1.2	0.0053	0.48	-2.1	-1.2	-0.5	8156.0	7.4	1.0
theta[208,1]	-0.74	0.0041	0.38	-1.4	-0.72	-0.15	8905.0	8.0	1.0
theta[209,1]	-0.093	0.0028	0.29	-0.59	-0.084	0.37	10657.0	9.6	1.0
theta[210,1]	1.6	0.003	0.28	1.1	1.6	2.0	8671.0	7.8	1.0
theta[211,1]	-0.17	0.0033	0.3	-0.68	-0.16	0.3	7942.0	7.2	1.0
theta[212,1]	-0.69	0.0044	0.37	-1.3	-0.67	-0.13	7100.0	6.4	1.0
theta[213,1]	0.13	0.0027	0.27	-0.34	0.13	0.56	10054.0	9.1	1.0
theta[214,1]	-0.025	0.0029	0.28	-0.49	-0.015	0.43	9564.0	8.6	1.0
theta[215,1]	1.4	0.0028	0.28	0.94	1.4	1.9	9720.0	8.8	1.0
theta[216,1]	-0.73	0.0041	0.38	-1.4	-0.71	-0.14	8694.0	7.8	1.0
theta[217,1]	0.081	0.0027	0.27	-0.39	0.088	0.53	10045.0	9.1	1.0
theta[218,1]	1.3	0.0029	0.29	0.85	1.3	1.8	9849.0	8.9	1.0
theta[219,1]	-0.15	0.0031	0.29	-0.65	-0.14	0.31	9140.0	8.2	1.0
theta[220,1]	-0.4	0.0037	0.33	-0.97	-0.39	0.11	7690.0	6.9	1.0
theta[221,1]	1.2	0.0028	0.27	0.78	1.2	1.7	9417.0	8.5	1.0
theta[222,1]	0.17	0.0026	0.26	-0.26	0.18	0.59	9874.0	8.9	1.0
theta[223,1]	1.1	0.0029	0.27	0.64	1.1	1.5	8776.0	7.9	1.0
theta[224,1]	-1.0	0.0048	0.44	-1.8	-1.0	-0.36	8619.0	7.8	1.0
theta[225,1]	-0.19	0.0029	0.3	-0.71	-0.18	0.28	10454.0	9.4	1.0
theta[226,1]	-0.51	0.0038	0.34	-1.1	-0.49	0.032	8076.0	7.3	1.0
theta[227,1]	-0.12	0.0034	0.3	-0.64	-0.11	0.35	7774.0	7.0	1.0
theta[228,1]	-0.037	0.0035	0.3	-0.54	-0.026	0.43	7427.0	6.7	1.0
theta[229,1]	-0.27	0.0032	0.31	-0.8	-0.26	0.2	9027.0	8.1	1.0
theta[230,1]	-0.83	0.0047	0.4	-1.5	-0.8	-0.24	7278.0	6.6	1.0
theta[231,1]	-1.1	0.0055	0.45	-1.9	-1.1	-0.41	6729.0	6.1	1.0
theta[232,1]	-1.2	0.0057	0.48	-2.1	-1.2	-0.51	7252.0	6.5	1.0
theta[233,1]	-0.46	0.0044	0.35	-1.1	-0.44	0.083	6358.0	5.7	1.0
theta[234,1]	-0.83	0.0044	0.4	-1.5	-0.8	-0.22	8243.0	7.4	1.0
theta[235,1]	-0.43	0.0038	0.33	-1.0	-0.4	0.069	7201.0	6.5	1.0
theta[236,1]	1.6	0.0029	0.31	1.1	1.6	2.2	11362.0	10.0	1.0
theta[237,1]	-0.85	0.0043	0.4	-1.5	-0.82	-0.23	8704.0	7.9	1.0
theta[238,1]	0.43	0.0027	0.26	0.0074	0.43	0.86	9443.0	8.5	1.0
theta[239,1]	0.0034	0.003	0.29	-0.49	0.012	0.46	9114.0	8.2	1.0
theta[240,1]	-1.3	0.0056	0.5	-2.1	-1.2	-0.51	7952.0	7.2	1.0
theta[241,1]	-0.49	0.0039	0.36	-1.1	-0.47	0.067	8721.0	7.9	1.0
theta[242,1]	0.65	0.0026	0.26	0.23	0.65	1.1	9700.0	8.8	1.0
theta[243,1]	0.92	0.0028	0.29	0.46	0.91	1.4	10730.0	9.7	1.0
theta[244,1]	0.8	0.0025	0.27	0.37	0.8	1.2	11328.0	10.0	1.0
theta[245,1]	-0.8	0.0045	0.39	-1.5	-0.78	-0.19	7453.0	6.7	1.0
theta[246,1]	0.83	0.0024	0.26	0.41	0.83	1.3	11333.0	10.0	1.0
theta[247,1]	0.59	0.0026	0.26	0.16	0.6	1.0	9958.0	9.0	1.0
theta[248,1]	-1.3	0.006	0.49	-2.2	-1.3	-0.57	6717.0	6.1	1.0
theta[249,1]	0.12	0.003	0.28	-0.34	0.12	0.57	8716.0	7.9	1.0
theta[250,1]	-1.3	0.0055	0.49	-2.2	-1.3	-0.55	7831.0	7.1	1.0
theta[251,1]	-1.2	0.0054	0.48	-2.1	-1.2	-0.52	7826.0	7.1	1.0
theta[252,1]	-1.0	0.005	0.45	-1.8	-1.0	-0.35	8338.0	7.5	1.0
theta[253,1]	0.78	0.0028	0.26	0.36	0.78	1.2	8200.0	7.4	1.0
theta[254,1]	-0.41	0.0036	0.32	-0.96	-0.4	0.083	7986.0	7.2	1.0
theta[255,1]	-0.13	0.0032	0.29	-0.64	-0.12	0.33	8328.0	7.5	1.0
theta[256,1]	-0.72	0.0042	0.39	-1.4	-0.7	-0.12	8637.0	7.8	1.0
theta[257,1]	-1.3	0.0056	0.51	-2.2	-1.3	-0.56	8127.0	7.3	1.0
theta[258,1]	-0.27	0.0034	0.31	-0.8	-0.26	0.21	8611.0	7.8	1.0
theta[259,1]	0.37	0.0028	0.26	-0.057	0.38	0.8	8894.0	8.0	1.0
theta[260,1]	-0.51	0.0037	0.35	-1.1	-0.49	0.032	8655.0	7.8	1.0
theta[261,1]	-0.039	0.003	0.29	-0.51	-0.029	0.42	9084.0	8.2	1.0
theta[262,1]	0.39	0.0028	0.28	-0.064	0.39	0.84	9896.0	8.9	1.0
theta[263,1]	0.69	0.0023	0.27	0.25	0.69	1.1	13331.0	12.0	1.0
theta[264,1]	-0.93	0.0049	0.43	-1.7	-0.9	-0.26	7816.0	7.1	1.0
theta[265,1]	-0.88	0.0042	0.39	-1.6	-0.86	-0.27	8857.0	8.0	1.0
theta[266,1]	1.5	0.0028	0.29	1.0	1.5	2.0	10241.0	9.2	1.0
theta[267,1]	-0.022	0.0028	0.28	-0.5	-0.01	0.42	9750.0	8.8	1.0
theta[268,1]	0.57	0.0027	0.27	0.13	0.56	1.0	10539.0	9.5	1.0
theta[269,1]	-0.57	0.0043	0.36	-1.2	-0.55	-0.013	7223.0	6.5	1.0
theta[270,1]	0.13	0.003	0.28	-0.35	0.14	0.6	9218.0	8.3	1.0
theta[271,1]	-1.6	0.0063	0.54	-2.6	-1.6	-0.8	7321.0	6.6	1.0
theta[272,1]	0.38	0.0028	0.27	-0.066	0.38	0.81	9774.0	8.8	1.0
theta[273,1]	-0.89	0.0049	0.41	-1.6	-0.87	-0.26	7062.0	6.4	1.0
theta[274,1]	-0.17	0.0031	0.31	-0.68	-0.16	0.31	9432.0	8.5	1.0
theta[275,1]	-0.093	0.003	0.27	-0.55	-0.086	0.34	8250.0	7.4	1.0
theta[276,1]	1.2	0.0028	0.27	0.81	1.2	1.7	9088.0	8.2	1.0
theta[277,1]	0.15	0.0028	0.27	-0.32	0.15	0.59	9247.0	8.3	1.0
theta[278,1]	-0.31	0.0034	0.33	-0.87	-0.29	0.21	9268.0	8.4	1.0
theta[279,1]	-0.81	0.0041	0.39	-1.5	-0.79	-0.2	9179.0	8.3	1.0
theta[280,1]	-0.74	0.0042	0.38	-1.4	-0.72	-0.15	8486.0	7.7	1.0
theta[281,1]	-1.0	0.0049	0.44	-1.8	-0.98	-0.33	8121.0	7.3	1.0
theta[282,1]	1.8	0.0031	0.29	1.3	1.8	2.3	8641.0	7.8	1.0
theta[283,1]	-0.77	0.0045	0.4	-1.5	-0.75	-0.15	8049.0	7.3	1.0
theta[284,1]	-1.9	0.0071	0.63	-3.0	-1.9	-0.93	7750.0	7.0	1.0
theta[285,1]	-1.1	0.005	0.45	-2.0	-1.1	-0.45	8084.0	7.3	1.0
theta[286,1]	-0.28	0.0035	0.31	-0.82	-0.26	0.19	7870.0	7.1	1.0
theta[287,1]	-0.066	0.0028	0.29	-0.55	-0.058	0.41	10281.0	9.3	1.0
theta[288,1]	-1.9	0.0067	0.6	-2.9	-1.8	-0.97	8230.0	7.4	1.0
theta[289,1]	1.1	0.0027	0.26	0.64	1.1	1.5	8910.0	8.0	1.0
theta[290,1]	1.4	0.0028	0.28	0.98	1.4	1.9	9721.0	8.8	1.0
theta[291,1]	-0.32	0.0036	0.33	-0.89	-0.31	0.2	8308.0	7.5	1.0
theta[292,1]	-0.96	0.0052	0.44	-1.7	-0.92	-0.3	7240.0	6.5	1.0
theta[293,1]	-0.98	0.0051	0.44	-1.7	-0.95	-0.3	7502.0	6.8	1.0
theta[294,1]	0.17	0.0026	0.27	-0.3	0.17	0.6	10958.0	9.9	1.0
theta[295,1]	3.2	0.0039	0.37	2.6	3.1	3.8	8964.0	8.1	1.0
theta[296,1]	0.82	0.0029	0.26	0.39	0.82	1.3	8173.0	7.4	1.0
theta[297,1]	-1.6	0.0067	0.57	-2.6	-1.6	-0.78	7240.0	6.5	1.0
theta[298,1]	0.51	0.0028	0.26	0.08	0.51	0.92	8483.0	7.7	1.0
theta[299,1]	0.44	0.0025	0.26	0.029	0.44	0.87	11091.0	10.0	1.0
theta[300,1]	-0.44	0.0037	0.35	-1.0	-0.42	0.094	8923.0	8.1	1.0
theta[301,1]	-0.99	0.0047	0.44	-1.8	-0.96	-0.32	8527.0	7.7	1.0
theta[302,1]	1.6	0.0029	0.28	1.2	1.6	2.1	9820.0	8.9	1.0
theta[303,1]	-0.55	0.004	0.35	-1.1	-0.52	-0.016	7602.0	6.9	1.0
theta[304,1]	-1.5	0.0063	0.55	-2.5	-1.5	-0.71	7598.0	6.9	1.0
theta[305,1]	-0.72	0.0041	0.38	-1.4	-0.7	-0.13	8455.0	7.6	1.0
theta[306,1]	-1.3	0.0058	0.5	-2.2	-1.3	-0.53	7404.0	6.7	1.0
theta[307,1]	-1.6	0.006	0.54	-2.5	-1.5	-0.75	8099.0	7.3	1.0
theta[308,1]	-0.24	0.0036	0.31	-0.75	-0.23	0.23	7114.0	6.4	1.0
theta[309,1]	-1.3	0.0057	0.5	-2.2	-1.3	-0.57	7778.0	7.0	1.0
theta[310,1]	1.3	0.0025	0.28	0.86	1.3	1.8	12797.0	12.0	1.0
theta[311,1]	-0.55	0.004	0.36	-1.2	-0.54	-0.0066	8274.0	7.5	1.0
theta[312,1]	-1.6	0.0065	0.54	-2.5	-1.5	-0.72	7095.0	6.4	1.0
theta[313,1]	1.6	0.003	0.29	1.1	1.6	2.0	9513.0	8.6	1.0
theta[314,1]	-0.55	0.0039	0.36	-1.2	-0.53	0.004	8411.0	7.6	1.0
theta[315,1]	-1.1	0.0053	0.47	-2.0	-1.1	-0.44	7983.0	7.2	1.0
theta[316,1]	-0.73	0.0042	0.37	-1.4	-0.71	-0.16	7876.0	7.1	1.0
theta[317,1]	-1.9	0.0069	0.6	-3.0	-1.9	-0.98	7499.0	6.8	1.0
theta[318,1]	-1.3	0.0057	0.49	-2.1	-1.2	-0.53	7347.0	6.6	1.0
theta[319,1]	0.44	0.0029	0.26	0.01	0.44	0.87	8182.0	7.4	1.0
theta[320,1]	-1.1	0.0052	0.45	-1.9	-1.1	-0.37	7772.0	7.0	1.0
theta[321,1]	-0.98	0.0052	0.45	-1.8	-0.95	-0.29	7623.0	6.9	1.0
theta[322,1]	-0.2	0.0032	0.3	-0.71	-0.18	0.26	8744.0	7.9	1.0
theta[323,1]	-0.36	0.0034	0.33	-0.94	-0.35	0.15	9379.0	8.5	1.0
theta[324,1]	-1.2	0.0058	0.48	-2.1	-1.2	-0.51	7036.0	6.3	1.0
theta[325,1]	0.66	0.0027	0.27	0.23	0.66	1.1	9467.0	8.5	1.0
theta[326,1]	1.8	0.0033	0.3	1.4	1.8	2.3	8170.0	7.4	1.0
theta[327,1]	0.36	0.0028	0.28	-0.097	0.36	0.81	9706.0	8.8	1.0
theta[328,1]	0.78	0.0027	0.26	0.35	0.77	1.2	9451.0	8.5	1.0
theta[329,1]	0.9	0.0029	0.26	0.48	0.89	1.3	8258.0	7.5	1.0
theta[330,1]	-0.18	0.0041	0.39	-0.84	-0.17	0.43	9048.0	8.2	1.0
theta[331,1]	-0.53	0.0039	0.36	-1.2	-0.52	0.018	8707.0	7.9	1.0
theta[332,1]	1.3	0.0029	0.28	0.82	1.3	1.7	9771.0	8.8	1.0
theta[333,1]	-1.9	0.0066	0.59	-3.0	-1.9	-0.96	7992.0	7.2	1.0
theta[334,1]	1.0	0.0027	0.28	0.6	1.0	1.5	10216.0	9.2	1.0
theta[335,1]	-0.25	0.0032	0.31	-0.76	-0.24	0.23	9358.0	8.4	1.0
theta[336,1]	-0.088	0.003	0.3	-0.6	-0.08	0.38	9782.0	8.8	1.0
theta[337,1]	-1.9	0.007	0.6	-3.0	-1.9	-0.98	7262.0	6.6	1.0
theta[338,1]	-1.1	0.0047	0.44	-1.9	-1.0	-0.39	8945.0	8.1	1.0
theta[339,1]	-1.9	0.0068	0.62	-3.0	-1.9	-0.96	8320.0	7.5	1.0
theta[340,1]	-0.14	0.0036	0.3	-0.65	-0.13	0.34	7160.0	6.5	1.0
theta[341,1]	0.41	0.0024	0.26	-0.022	0.41	0.86	12346.0	11.0	1.0
theta[342,1]	0.73	0.0028	0.26	0.3	0.72	1.2	8798.0	7.9	1.0
theta[343,1]	1.0	0.0029	0.27	0.59	1.0	1.5	8404.0	7.6	1.0
theta[344,1]	-1.2	0.005	0.47	-2.1	-1.2	-0.49	8970.0	8.1	1.0
theta[345,1]	-0.58	0.0044	0.36	-1.2	-0.56	-0.017	6776.0	6.1	1.0
theta[346,1]	-0.19	0.0031	0.3	-0.71	-0.17	0.29	9654.0	8.7	1.0
theta[347,1]	-1.5	0.0059	0.55	-2.5	-1.5	-0.71	8510.0	7.7	1.0
theta[348,1]	-0.94	0.0049	0.42	-1.7	-0.92	-0.3	7374.0	6.7	1.0
theta[349,1]	-0.7	0.0046	0.37	-1.3	-0.68	-0.13	6687.0	6.0	1.0
theta[350,1]	-0.2	0.0033	0.31	-0.73	-0.19	0.28	8756.0	7.9	1.0
theta[351,1]	-0.41	0.0039	0.33	-0.98	-0.39	0.11	7119.0	6.4	1.0
theta[352,1]	-0.63	0.004	0.38	-1.3	-0.61	-0.044	8784.0	7.9	1.0
theta[353,1]	-1.2	0.0058	0.49	-2.1	-1.2	-0.47	7132.0	6.4	1.0
theta[354,1]	-1.1	0.0048	0.45	-1.9	-1.1	-0.42	8733.0	7.9	1.0
theta[355,1]	0.42	0.0026	0.26	-0.021	0.42	0.85	10141.0	9.1	1.0
theta[356,1]	-0.47	0.0039	0.34	-1.1	-0.44	0.051	7504.0	6.8	1.0
theta[357,1]	-1.2	0.0056	0.48	-2.0	-1.1	-0.42	7412.0	6.7	1.0
theta[358,1]	-1.9	0.0068	0.6	-3.0	-1.9	-0.97	7897.0	7.1	1.0
theta[359,1]	-0.6	0.004	0.37	-1.2	-0.58	-0.034	8259.0	7.5	1.0
theta[360,1]	-0.86	0.0044	0.43	-1.6	-0.83	-0.2	9265.0	8.4	1.0
theta[361,1]	-0.24	0.0034	0.31	-0.78	-0.22	0.25	8618.0	7.8	1.0
theta[362,1]	0.51	0.0027	0.26	0.079	0.51	0.94	9476.0	8.5	1.0
theta[363,1]	0.41	0.0026	0.27	-0.038	0.41	0.85	11044.0	10.0	1.0
theta[364,1]	-1.3	0.0056	0.48	-2.1	-1.2	-0.54	7504.0	6.8	1.0
theta[365,1]	-1.4	0.0054	0.51	-2.3	-1.4	-0.6	8951.0	8.1	1.0
theta[366,1]	-0.19	0.003	0.3	-0.71	-0.18	0.29	10094.0	9.1	1.0
theta[367,1]	-0.072	0.0031	0.28	-0.55	-0.063	0.37	8485.0	7.7	1.0
theta[368,1]	0.69	0.0028	0.27	0.25	0.69	1.1	9362.0	8.4	1.0
theta[369,1]	0.23	0.0027	0.28	-0.22	0.22	0.67	10605.0	9.6	1.0
theta[370,1]	-1.9	0.0071	0.62	-3.0	-1.9	-0.92	7640.0	6.9	1.0
theta[371,1]	-1.9	0.0066	0.59	-2.9	-1.9	-1.0	7867.0	7.1	1.0
theta[372,1]	-1.9	0.0071	0.61	-3.0	-1.9	-0.99	7226.0	6.5	1.0
theta[373,1]	-1.9	0.0067	0.6	-3.0	-1.8	-0.96	8042.0	7.3	1.0
theta[374,1]	0.16	0.0028	0.27	-0.3	0.17	0.59	9425.0	8.5	1.0
theta[375,1]	-0.45	0.0034	0.34	-1.0	-0.43	0.07	9682.0	8.7	1.0
theta[376,1]	-1.2	0.0055	0.48	-2.1	-1.2	-0.49	7667.0	6.9	1.0
theta[377,1]	-1.1	0.0051	0.46	-1.9	-1.1	-0.39	8235.0	7.4	1.0
theta[378,1]	-0.35	0.0036	0.33	-0.91	-0.33	0.17	8550.0	7.7	1.0
theta[379,1]	-0.58	0.0038	0.35	-1.2	-0.56	-0.036	8697.0	7.8	1.0
theta[380,1]	-0.21	0.003	0.31	-0.76	-0.2	0.27	10692.0	9.6	1.0
theta[381,1]	-0.31	0.0035	0.31	-0.85	-0.29	0.17	7939.0	7.2	1.0
theta[382,1]	-1.1	0.0052	0.45	-1.9	-1.1	-0.42	7550.0	6.8	1.0
theta[383,1]	-1.1	0.0051	0.45	-1.9	-1.0	-0.38	7842.0	7.1	1.0
theta[384,1]	-1.6	0.0062	0.53	-2.5	-1.5	-0.74	7320.0	6.6	1.0
theta[385,1]	0.26	0.0028	0.27	-0.18	0.26	0.7	8725.0	7.9	1.0
theta[386,1]	-1.4	0.0058	0.5	-2.2	-1.3	-0.58	7557.0	6.8	1.0
theta[387,1]	-1.3	0.0055	0.5	-2.1	-1.2	-0.52	8372.0	7.6	1.0
theta[388,1]	0.032	0.0028	0.28	-0.43	0.036	0.47	9970.0	9.0	1.0
theta[389,1]	0.71	0.0027	0.27	0.27	0.71	1.1	9809.0	8.9	1.0
theta[390,1]	1.0	0.0032	0.27	0.58	1.0	1.5	7163.0	6.5	1.0
theta[391,1]	-1.3	0.0054	0.49	-2.1	-1.2	-0.49	8293.0	7.5	1.0
theta[392,1]	0.17	0.0026	0.27	-0.27	0.18	0.6	10680.0	9.6	1.0
theta[393,1]	-1.9	0.0063	0.59	-2.9	-1.9	-0.99	8802.0	7.9	1.0
theta[394,1]	0.61	0.0029	0.27	0.18	0.62	1.1	8440.0	7.6	1.0
theta[395,1]	-0.36	0.0034	0.32	-0.9	-0.35	0.13	8507.0	7.7	1.0
theta[396,1]	-1.3	0.0054	0.48	-2.1	-1.2	-0.55	7965.0	7.2	1.0
theta[397,1]	-1.1	0.0047	0.44	-1.8	-1.0	-0.39	8765.0	7.9	1.0
theta[398,1]	-1.5	0.0061	0.55	-2.5	-1.5	-0.69	8095.0	7.3	1.0
theta[399,1]	-0.18	0.003	0.29	-0.68	-0.17	0.28	9516.0	8.6	1.0
theta[400,1]	0.42	0.0025	0.26	-0.0018	0.42	0.84	10874.0	9.8	1.0
theta[401,1]	0.72	0.0028	0.27	0.28	0.71	1.2	8860.0	8.0	1.0
theta[402,1]	0.24	0.0025	0.26	-0.2	0.24	0.67	10850.0	9.8	1.0
theta[403,1]	-1.6	0.0059	0.53	-2.6	-1.6	-0.81	8299.0	7.5	1.0
theta[404,1]	-0.33	0.0035	0.31	-0.85	-0.31	0.14	7640.0	6.9	1.0
theta[405,1]	0.4	0.0025	0.27	-0.05	0.4	0.84	11494.0	10.0	1.0
theta[406,1]	0.071	0.003	0.28	-0.4	0.08	0.52	8317.0	7.5	1.0
theta[407,1]	0.83	0.0027	0.26	0.4	0.82	1.3	9222.0	8.3	1.0
theta[408,1]	-1.6	0.0062	0.56	-2.5	-1.5	-0.71	7988.0	7.2	1.0
theta[409,1]	-1.9	0.0073	0.63	-3.0	-1.9	-0.94	7323.0	6.6	1.0
theta[410,1]	-1.3	0.0056	0.49	-2.1	-1.2	-0.51	7545.0	6.8	1.0
theta[411,1]	-0.95	0.0047	0.44	-1.7	-0.93	-0.26	8711.0	7.9	1.0
theta[412,1]	-1.6	0.0062	0.56	-2.6	-1.6	-0.79	8096.0	7.3	1.0
theta[413,1]	-1.0	0.005	0.44	-1.8	-0.96	-0.33	7630.0	6.9	1.0
theta[414,1]	1.3	0.0027	0.27	0.89	1.3	1.8	9978.0	9.0	1.0
theta[415,1]	-1.2	0.005	0.45	-2.0	-1.2	-0.51	8200.0	7.4	1.0
theta[416,1]	-0.63	0.0044	0.38	-1.3	-0.6	-0.052	7672.0	6.9	1.0
theta[417,1]	-1.9	0.0069	0.61	-3.0	-1.9	-0.95	7700.0	6.9	1.0
theta[418,1]	0.19	0.0027	0.27	-0.27	0.2	0.64	10077.0	9.1	1.0
theta[419,1]	-1.9	0.0071	0.62	-3.0	-1.9	-0.96	7583.0	6.8	1.0
theta[420,1]	-1.1	0.0052	0.46	-1.8	-1.0	-0.35	7855.0	7.1	1.0
theta[421,1]	-0.69	0.0042	0.38	-1.3	-0.67	-0.11	8201.0	7.4	1.0
theta[422,1]	0.23	0.0028	0.27	-0.22	0.24	0.67	9519.0	8.6	1.0
theta[423,1]	-1.6	0.0058	0.56	-2.6	-1.6	-0.78	9105.0	8.2	1.0
theta[424,1]	-0.18	0.003	0.29	-0.66	-0.17	0.28	9295.0	8.4	1.0
theta[425,1]	0.35	0.0029	0.28	-0.11	0.35	0.8	9616.0	8.7	1.0
theta[426,1]	-1.1	0.0049	0.45	-1.9	-1.1	-0.43	8229.0	7.4	1.0
theta[427,1]	-0.22	0.0035	0.31	-0.75	-0.2	0.27	7819.0	7.1	1.0
theta[428,1]	-0.14	0.0033	0.31	-0.66	-0.13	0.33	8940.0	8.1	1.0
theta[429,1]	0.69	0.0028	0.27	0.24	0.69	1.1	9380.0	8.5	1.0
theta[430,1]	-1.9	0.0069	0.61	-3.0	-1.9	-0.98	7838.0	7.1	1.0
theta[431,1]	-1.1	0.0052	0.44	-1.9	-1.0	-0.39	7255.0	6.5	1.0
theta[432,1]	-1.6	0.0062	0.55	-2.5	-1.5	-0.72	7833.0	7.1	1.0
theta[433,1]	-1.9	0.0067	0.61	-3.0	-1.9	-0.96	8361.0	7.5	1.0
theta[434,1]	1.1	0.0026	0.27	0.7	1.1	1.6	10642.0	9.6	1.0
theta[435,1]	0.29	0.0029	0.28	-0.17	0.29	0.74	9237.0	8.3	1.0
theta[436,1]	-0.43	0.0037	0.34	-1.1	-0.41	0.093	8549.0	7.7	1.0
theta[437,1]	-0.53	0.0039	0.34	-1.1	-0.52	-0.007	7479.0	6.7	1.0
theta[438,1]	0.49	0.0025	0.26	0.054	0.49	0.92	10729.0	9.7	1.0
theta[439,1]	-1.6	0.0061	0.55	-2.6	-1.6	-0.81	8103.0	7.3	1.0
theta[440,1]	-1.9	0.0073	0.62	-3.0	-1.9	-0.96	7146.0	6.4	1.0
theta[441,1]	-0.77	0.0046	0.4	-1.5	-0.75	-0.15	7608.0	6.9	1.0
theta[442,1]	1.2	0.0029	0.27	0.75	1.2	1.6	8974.0	8.1	1.0
theta[443,1]	-0.66	0.0043	0.37	-1.3	-0.64	-0.093	7458.0	6.7	1.0
theta[444,1]	-0.35	0.0035	0.33	-0.92	-0.34	0.17	9110.0	8.2	1.0
theta[445,1]	-0.0087	0.0028	0.28	-0.49	-0.0027	0.44	10221.0	9.2	1.0
theta[446,1]	0.082	0.0027	0.26	-0.35	0.093	0.5	9150.0	8.3	1.0
theta[447,1]	0.15	0.0026	0.27	-0.31	0.16	0.59	10510.0	9.5	1.0
theta[448,1]	-1.5	0.0055	0.52	-2.4	-1.5	-0.68	8969.0	8.1	1.0
theta[449,1]	-1.1	0.005	0.44	-1.9	-1.1	-0.44	7714.0	7.0	1.0
theta[450,1]	-0.5	0.004	0.34	-1.1	-0.49	0.02	7176.0	6.5	1.0
theta[451,1]	-1.6	0.006	0.54	-2.6	-1.6	-0.81	7976.0	7.2	1.0
theta[452,1]	0.97	0.0026	0.28	0.51	0.97	1.5	11715.0	11.0	1.0
theta[453,1]	-1.5	0.0058	0.52	-2.4	-1.5	-0.7	7841.0	7.1	1.0
theta[454,1]	0.59	0.0029	0.26	0.16	0.59	1.0	8302.0	7.5	1.0
theta[455,1]	0.63	0.0026	0.26	0.2	0.63	1.1	9987.0	9.0	1.0
theta[456,1]	-1.6	0.0066	0.56	-2.6	-1.6	-0.8	7211.0	6.5	1.0
theta[457,1]	-0.96	0.005	0.44	-1.8	-0.93	-0.29	7819.0	7.1	1.0
theta[458,1]	-0.31	0.0033	0.32	-0.86	-0.3	0.18	9662.0	8.7	1.0
theta[459,1]	-1.5	0.0059	0.54	-2.5	-1.5	-0.71	8533.0	7.7	1.0
theta[460,1]	-1.3	0.0057	0.5	-2.2	-1.3	-0.56	7837.0	7.1	1.0
theta[461,1]	-0.9	0.0048	0.42	-1.6	-0.88	-0.27	7498.0	6.8	1.0
theta[462,1]	-0.17	0.0031	0.3	-0.7	-0.17	0.3	9316.0	8.4	1.0
theta[463,1]	-0.36	0.0035	0.32	-0.91	-0.35	0.14	8687.0	7.8	1.0
theta[464,1]	0.42	0.0024	0.25	0.01	0.42	0.84	11150.0	10.0	1.0
theta[465,1]	-1.9	0.0067	0.58	-2.9	-1.8	-0.96	7652.0	6.9	1.0
theta[466,1]	0.43	0.0027	0.27	0.00026	0.43	0.88	9940.0	9.0	1.0
theta[467,1]	-1.3	0.0055	0.49	-2.1	-1.2	-0.52	7933.0	7.2	1.0
theta[468,1]	0.58	0.0025	0.26	0.15	0.58	1.0	10537.0	9.5	1.0
theta[469,1]	-1.9	0.0068	0.61	-3.0	-1.8	-0.95	8032.0	7.2	1.0
theta[470,1]	-1.9	0.0081	0.61	-3.0	-1.9	-0.98	5620.0	5.1	1.0
theta[471,1]	-0.39	0.0036	0.34	-0.97	-0.38	0.13	8804.0	7.9	1.0
theta[472,1]	-1.9	0.0066	0.59	-2.9	-1.9	-1.0	7869.0	7.1	1.0
theta[473,1]	-0.82	0.0045	0.39	-1.5	-0.8	-0.23	7365.0	6.6	1.0
theta[474,1]	0.38	0.0026	0.28	-0.075	0.39	0.84	11626.0	10.0	1.0
theta[475,1]	-0.47	0.0036	0.34	-1.1	-0.46	0.054	8629.0	7.8	1.0
theta[476,1]	-0.061	0.0028	0.29	-0.55	-0.056	0.39	10216.0	9.2	1.0
theta[477,1]	-1.1	0.0051	0.46	-1.9	-1.1	-0.41	7962.0	7.2	1.0
theta[478,1]	-1.3	0.0054	0.5	-2.1	-1.2	-0.51	8516.0	7.7	1.0
theta[479,1]	0.65	0.0026	0.26	0.22	0.65	1.1	10115.0	9.1	1.0
theta[480,1]	-0.68	0.0044	0.38	-1.3	-0.65	-0.092	7405.0	6.7	1.0
theta[481,1]	-0.4	0.0033	0.32	-0.95	-0.38	0.1	9142.0	8.2	1.0
theta[482,1]	-0.46	0.0037	0.34	-1.0	-0.45	0.083	8636.0	7.8	1.0
theta[483,1]	-1.1	0.0051	0.46	-1.9	-1.1	-0.42	8077.0	7.3	1.0
theta[484,1]	-0.78	0.0044	0.39	-1.5	-0.75	-0.18	8105.0	7.3	1.0
theta[485,1]	-0.19	0.0033	0.31	-0.72	-0.17	0.3	8799.0	7.9	1.0
theta[486,1]	-1.3	0.0057	0.48	-2.2	-1.3	-0.56	7288.0	6.6	1.0
theta[487,1]	-0.46	0.0038	0.35	-1.1	-0.44	0.077	8363.0	7.5	1.0
theta[488,1]	-1.6	0.0055	0.53	-2.6	-1.6	-0.82	9270.0	8.4	1.0
theta[489,1]	0.2	0.0029	0.27	-0.24	0.2	0.64	8924.0	8.1	1.0
theta[490,1]	0.17	0.003	0.28	-0.3	0.17	0.61	8265.0	7.5	1.0
theta[491,1]	1.2	0.0029	0.28	0.78	1.2	1.7	8974.0	8.1	1.0
theta[492,1]	0.17	0.0026	0.26	-0.27	0.17	0.59	10341.0	9.3	1.0
theta[493,1]	-0.76	0.0042	0.39	-1.4	-0.74	-0.18	8591.0	7.8	1.0
theta[494,1]	-1.4	0.0056	0.5	-2.3	-1.3	-0.61	8222.0	7.4	1.0
theta[495,1]	-1.0	0.0051	0.44	-1.8	-1.0	-0.36	7441.0	6.7	1.0
theta[496,1]	-0.69	0.0041	0.38	-1.4	-0.67	-0.13	8526.0	7.7	1.0
theta[497,1]	-0.28	0.0038	0.31	-0.83	-0.26	0.22	7019.0	6.3	1.0
theta[498,1]	-1.2	0.0056	0.49	-2.1	-1.2	-0.5	7621.0	6.9	1.0
theta[499,1]	0.38	0.0027	0.26	-0.043	0.38	0.81	9362.0	8.4	1.0
theta[500,1]	1.6	0.0032	0.29	1.2	1.6	2.1	8524.0	7.7	1.0
theta[501,1]	0.45	0.0026	0.27	0.0078	0.45	0.89	10665.0	9.6	1.0
theta[502,1]	-1.3	0.0057	0.49	-2.1	-1.3	-0.53	7399.0	6.7	1.0
theta[503,1]	-0.49	0.0033	0.35	-1.1	-0.48	0.047	10848.0	9.8	1.0
theta[504,1]	0.66	0.0027	0.26	0.24	0.66	1.1	9041.0	8.2	1.0
theta[505,1]	-1.5	0.0058	0.53	-2.5	-1.5	-0.72	8556.0	7.7	1.0
theta[506,1]	-0.94	0.0047	0.43	-1.7	-0.92	-0.28	8160.0	7.4	1.0
theta[507,1]	-0.98	0.0049	0.43	-1.8	-0.95	-0.32	7868.0	7.1	1.0
theta[508,1]	-0.93	0.0048	0.43	-1.7	-0.9	-0.27	8209.0	7.4	1.0
theta[509,1]	0.71	0.0025	0.27	0.27	0.71	1.1	11935.0	11.0	1.0
theta[510,1]	-1.3	0.0055	0.49	-2.2	-1.3	-0.6	7995.0	7.2	1.0
theta[511,1]	-0.7	0.0043	0.39	-1.4	-0.67	-0.11	8100.0	7.3	1.0
theta[512,1]	-0.45	0.0037	0.34	-1.0	-0.43	0.081	8417.0	7.6	1.0
theta[513,1]	-0.48	0.0034	0.32	-1.0	-0.46	0.021	8682.0	7.8	1.0
theta[514,1]	-0.23	0.0032	0.3	-0.75	-0.21	0.24	8728.0	7.9	1.0
theta[515,1]	-0.28	0.0036	0.31	-0.8	-0.26	0.21	7519.0	6.8	1.0
theta[516,1]	0.096	0.0027	0.27	-0.35	0.1	0.52	9656.0	8.7	1.0
theta[517,1]	-1.6	0.0064	0.56	-2.6	-1.6	-0.77	7768.0	7.0	1.0
theta[518,1]	-0.75	0.0046	0.39	-1.5	-0.72	-0.13	7462.0	6.7	1.0
theta[519,1]	-1.0	0.0046	0.44	-1.8	-0.97	-0.33	9283.0	8.4	1.0
theta[520,1]	0.31	0.0027	0.27	-0.14	0.32	0.77	10136.0	9.1	1.0
theta[521,1]	-0.75	0.0045	0.4	-1.4	-0.74	-0.13	7814.0	7.1	1.0
theta[522,1]	-0.91	0.005	0.42	-1.6	-0.88	-0.27	7071.0	6.4	1.0
theta[523,1]	-0.14	0.0031	0.3	-0.65	-0.13	0.33	9091.0	8.2	1.0
theta[524,1]	-0.6	0.0039	0.37	-1.3	-0.58	-0.043	8754.0	7.9	1.0
theta[525,1]	0.3	0.0028	0.27	-0.14	0.3	0.73	9156.0	8.3	1.0
theta[526,1]	1.0	0.0028	0.26	0.62	1.0	1.5	9148.0	8.3	1.0
theta[527,1]	-0.21	0.0034	0.31	-0.74	-0.2	0.26	8393.0	7.6	1.0
theta[528,1]	-1.4	0.0057	0.51	-2.3	-1.3	-0.61	8024.0	7.2	1.0
theta[529,1]	0.45	0.0028	0.28	-0.011	0.45	0.92	10282.0	9.3	1.0
theta[530,1]	0.79	0.0027	0.27	0.35	0.79	1.2	9636.0	8.7	1.0
theta[531,1]	0.38	0.0029	0.27	-0.076	0.38	0.83	9051.0	8.2	1.0
theta[532,1]	-1.3	0.0053	0.47	-2.1	-1.3	-0.56	7940.0	7.2	1.0
theta[533,1]	-1.4	0.006	0.51	-2.3	-1.4	-0.62	7161.0	6.5	1.0
theta[534,1]	-1.6	0.006	0.55	-2.6	-1.6	-0.76	8381.0	7.6	1.0
theta[535,1]	-1.0	0.0049	0.44	-1.8	-0.97	-0.33	8059.0	7.3	1.0
theta[536,1]	-1.1	0.0058	0.46	-1.9	-1.1	-0.43	6085.0	5.5	1.0
theta[537,1]	0.087	0.0028	0.28	-0.37	0.094	0.53	9762.0	8.8	1.0
theta[538,1]	-0.84	0.0048	0.41	-1.6	-0.82	-0.22	7232.0	6.5	1.0
theta[539,1]	-0.43	0.0036	0.33	-1.0	-0.41	0.078	8605.0	7.8	1.0
theta[540,1]	-0.26	0.0036	0.31	-0.8	-0.24	0.23	7740.0	7.0	1.0
theta[541,1]	-1.9	0.0064	0.61	-3.0	-1.9	-0.96	9001.0	8.1	1.0
theta[542,1]	0.16	0.0026	0.27	-0.29	0.17	0.6	10735.0	9.7	1.0
theta[543,1]	-0.43	0.0036	0.34	-1.0	-0.42	0.092	8857.0	8.0	1.0
theta[544,1]	0.49	0.0027	0.27	0.052	0.49	0.93	9525.0	8.6	1.0
theta[545,1]	-1.1	0.0052	0.45	-1.9	-1.1	-0.41	7668.0	6.9	1.0
theta[546,1]	-0.62	0.0041	0.37	-1.3	-0.6	-0.076	8177.0	7.4	1.0
theta[547,1]	-0.22	0.0033	0.3	-0.73	-0.21	0.26	8358.0	7.5	1.0
theta[548,1]	-0.21	0.0031	0.29	-0.71	-0.2	0.25	8903.0	8.0	1.0
theta[549,1]	0.24	0.0026	0.27	-0.2	0.25	0.68	10260.0	9.3	1.0
theta[550,1]	-1.9	0.0061	0.59	-2.9	-1.9	-0.98	9341.0	8.4	1.0
theta[551,1]	-0.49	0.0034	0.34	-1.1	-0.48	0.036	10038.0	9.1	1.0
theta[552,1]	-0.83	0.0046	0.42	-1.5	-0.81	-0.2	8157.0	7.4	1.0
theta[553,1]	0.95	0.0027	0.28	0.5	0.94	1.4	10427.0	9.4	1.0
theta[554,1]	0.18	0.0029	0.27	-0.27	0.18	0.61	8822.0	8.0	1.0
theta[555,1]	0.99	0.0027	0.27	0.55	0.99	1.4	9790.0	8.8	1.0
theta[556,1]	0.95	0.0028	0.27	0.5	0.95	1.4	9159.0	8.3	1.0
theta[557,1]	0.54	0.0027	0.26	0.12	0.54	0.97	8891.0	8.0	1.0
theta[558,1]	-0.73	0.0043	0.39	-1.4	-0.7	-0.12	8066.0	7.3	1.0
theta[559,1]	-0.69	0.0041	0.37	-1.3	-0.67	-0.11	8247.0	7.4	1.0
theta[560,1]	0.036	0.0028	0.28	-0.44	0.044	0.48	9503.0	8.6	1.0
theta[561,1]	0.74	0.0025	0.27	0.29	0.74	1.2	11841.0	11.0	1.0
theta[562,1]	1.2	0.0026	0.28	0.78	1.2	1.7	11439.0	10.0	1.0
theta[563,1]	0.43	0.0025	0.26	0.0015	0.43	0.86	10977.0	9.9	1.0
theta[564,1]	0.81	0.0026	0.26	0.38	0.81	1.2	10189.0	9.2	1.0
theta[565,1]	-1.9	0.0071	0.6	-2.9	-1.9	-0.97	7283.0	6.6	1.0
theta[566,1]	0.18	0.0028	0.28	-0.31	0.19	0.63	10406.0	9.4	1.0
theta[567,1]	-0.64	0.004	0.37	-1.3	-0.62	-0.091	8639.0	7.8	1.0
theta[568,1]	-1.2	0.0054	0.47	-2.1	-1.2	-0.5	7810.0	7.0	1.0
theta[569,1]	-1.1	0.0052	0.44	-1.8	-1.1	-0.42	7188.0	6.5	1.0
theta[570,1]	1.3	0.0029	0.27	0.91	1.3	1.8	8827.0	8.0	1.0
theta[571,1]	-0.34	0.0039	0.33	-0.88	-0.33	0.17	6839.0	6.2	1.0
theta[572,1]	-0.77	0.0045	0.4	-1.5	-0.75	-0.16	7796.0	7.0	1.0
theta[573,1]	1.1	0.0025	0.26	0.64	1.1	1.5	10314.0	9.3	1.0
theta[574,1]	-0.65	0.0044	0.38	-1.3	-0.62	-0.056	7660.0	6.9	1.0
theta[575,1]	1.1	0.0028	0.27	0.67	1.1	1.6	9563.0	8.6	1.0
theta[576,1]	-1.9	0.007	0.61	-2.9	-1.9	-0.95	7435.0	6.7	1.0
theta[577,1]	-1.6	0.0062	0.56	-2.6	-1.5	-0.7	8230.0	7.4	1.0
theta[578,1]	-1.1	0.005	0.45	-1.9	-1.1	-0.4	8090.0	7.3	1.0
theta[579,1]	-1.0	0.0048	0.43	-1.7	-1.0	-0.37	7856.0	7.1	1.0
theta[580,1]	-1.9	0.0067	0.62	-3.0	-1.9	-0.94	8535.0	7.7	1.0
theta[581,1]	0.77	0.0026	0.28	0.31	0.77	1.2	11473.0	10.0	1.0
theta[582,1]	-1.6	0.0066	0.54	-2.6	-1.6	-0.79	6853.0	6.2	1.0
theta[583,1]	0.71	0.0027	0.26	0.3	0.71	1.1	9295.0	8.4	1.0
theta[584,1]	-0.042	0.0032	0.29	-0.53	-0.028	0.41	8169.0	7.4	1.0
theta[585,1]	-0.25	0.0033	0.31	-0.77	-0.24	0.23	9126.0	8.2	1.0
theta[586,1]	-1.6	0.0064	0.55	-2.5	-1.5	-0.69	7365.0	6.6	1.0
theta[587,1]	-0.75	0.0046	0.39	-1.4	-0.72	-0.16	6950.0	6.3	1.0
theta[588,1]	1.5	0.0027	0.28	1.0	1.5	1.9	10917.0	9.8	1.0
theta[589,1]	0.56	0.0026	0.27	0.11	0.56	1.0	11201.0	10.0	1.0
theta[590,1]	-1.9	0.0071	0.62	-3.0	-1.9	-0.97	7444.0	6.7	1.0
theta[591,1]	0.58	0.0029	0.26	0.15	0.58	1.0	8267.0	7.5	1.0
theta[592,1]	-0.78	0.0046	0.38	-1.4	-0.76	-0.2	6901.0	6.2	1.0
theta[593,1]	-0.9	0.0046	0.41	-1.6	-0.87	-0.27	8244.0	7.4	1.0
theta[594,1]	0.29	0.0028	0.26	-0.14	0.29	0.73	8599.0	7.8	1.0
theta[595,1]	0.48	0.0026	0.25	0.071	0.48	0.89	9614.0	8.7	1.0
theta[596,1]	-0.78	0.0045	0.4	-1.5	-0.76	-0.17	7931.0	7.2	1.0
theta[597,1]	-0.47	0.0043	0.35	-1.1	-0.45	0.076	6636.0	6.0	1.0
theta[598,1]	-0.0059	0.0029	0.29	-0.51	0.0057	0.45	10528.0	9.5	1.0
theta[599,1]	-1.9	0.0069	0.61	-2.9	-1.8	-0.93	7951.0	7.2	1.0
theta[600,1]	-1.0	0.0049	0.44	-1.8	-0.99	-0.36	7947.0	7.2	1.0
theta[601,1]	-0.29	0.0031	0.31	-0.83	-0.28	0.19	9701.0	8.8	1.0
theta[602,1]	0.39	0.0027	0.26	-0.038	0.39	0.83	9169.0	8.3	1.0
theta[603,1]	-1.5	0.006	0.52	-2.4	-1.5	-0.68	7603.0	6.9	1.0
theta[604,1]	-1.6	0.006	0.56	-2.6	-1.5	-0.71	8547.0	7.7	1.0
theta[605,1]	0.1	0.0028	0.27	-0.34	0.11	0.53	8958.0	8.1	1.0
theta[606,1]	-0.95	0.0047	0.43	-1.7	-0.92	-0.31	8267.0	7.5	1.0
theta[607,1]	-1.0	0.005	0.43	-1.8	-1.0	-0.37	7629.0	6.9	1.0
theta[608,1]	0.5	0.0025	0.26	0.086	0.5	0.93	10483.0	9.5	1.0
theta[609,1]	-0.98	0.0047	0.43	-1.7	-0.95	-0.31	8250.0	7.4	1.0
theta[610,1]	-0.93	0.0046	0.42	-1.7	-0.91	-0.29	8311.0	7.5	1.0
theta[611,1]	-1.6	0.0062	0.54	-2.5	-1.5	-0.74	7592.0	6.8	1.0
theta[612,1]	-1.9	0.0064	0.62	-3.0	-1.9	-0.93	9441.0	8.5	1.0
theta[613,1]	0.68	0.0029	0.27	0.24	0.68	1.1	8735.0	7.9	1.0
theta[614,1]	-0.46	0.0038	0.34	-1.0	-0.44	0.056	8021.0	7.2	1.0
theta[615,1]	0.39	0.0028	0.27	-0.05	0.39	0.82	9395.0	8.5	1.0
theta[616,1]	-0.73	0.0046	0.4	-1.4	-0.71	-0.12	7495.0	6.8	1.0
theta[617,1]	0.83	0.003	0.29	0.35	0.83	1.3	9037.0	8.2	1.0
theta[618,1]	-1.5	0.0059	0.54	-2.5	-1.5	-0.71	8412.0	7.6	1.0
theta[619,1]	-0.69	0.0043	0.38	-1.4	-0.67	-0.11	7941.0	7.2	1.0
theta[620,1]	0.16	0.0029	0.28	-0.31	0.16	0.62	9348.0	8.4	1.0
theta[621,1]	0.77	0.0029	0.27	0.33	0.76	1.2	8816.0	8.0	1.0
theta[622,1]	1.2	0.0027	0.28	0.71	1.2	1.6	10294.0	9.3	1.0
theta[623,1]	-1.3	0.0054	0.49	-2.1	-1.2	-0.52	8243.0	7.4	1.0
theta[624,1]	0.17	0.0028	0.27	-0.28	0.18	0.62	9509.0	8.6	1.0
theta[625,1]	-1.9	0.0061	0.6	-3.0	-1.9	-0.95	9834.0	8.9	1.0
theta[626,1]	-0.047	0.0032	0.3	-0.56	-0.036	0.42	8952.0	8.1	1.0
theta[627,1]	-0.58	0.0038	0.37	-1.2	-0.57	-0.0086	9528.0	8.6	1.0
theta[628,1]	-0.65	0.0041	0.37	-1.3	-0.64	-0.088	8102.0	7.3	1.0
theta[629,1]	-1.5	0.0057	0.52	-2.4	-1.5	-0.72	8448.0	7.6	1.0
theta[630,1]	-0.72	0.0045	0.38	-1.4	-0.69	-0.13	7097.0	6.4	1.0
theta[631,1]	-0.13	0.003	0.29	-0.61	-0.12	0.32	8862.0	8.0	1.0
theta[632,1]	-0.057	0.0029	0.28	-0.53	-0.045	0.38	9667.0	8.7	1.0
theta[633,1]	-0.65	0.0039	0.37	-1.3	-0.64	-0.073	9180.0	8.3	1.0
theta[634,1]	-1.1	0.0047	0.44	-1.8	-1.0	-0.4	8763.0	7.9	1.0
theta[635,1]	-0.44	0.004	0.34	-1.0	-0.41	0.1	7288.0	6.6	1.0
theta[636,1]	0.71	0.0027	0.25	0.28	0.71	1.1	8911.0	8.0	1.0
theta[637,1]	0.65	0.0026	0.27	0.22	0.64	1.1	10522.0	9.5	1.0
theta[638,1]	-1.3	0.0052	0.5	-2.2	-1.3	-0.58	9168.0	8.3	1.0
theta[639,1]	0.46	0.0027	0.27	0.013	0.46	0.9	10018.0	9.0	1.0
theta[640,1]	-0.93	0.0047	0.44	-1.7	-0.9	-0.26	8683.0	7.8	1.0
theta[641,1]	-1.9	0.0068	0.61	-2.9	-1.9	-0.95	8056.0	7.3	1.0
theta[642,1]	-1.9	0.0073	0.61	-3.0	-1.9	-0.96	6968.0	6.3	1.0
theta[643,1]	0.14	0.0029	0.28	-0.31	0.15	0.6	9190.0	8.3	1.0
theta[644,1]	-0.56	0.004	0.35	-1.2	-0.53	-0.015	7705.0	7.0	1.0
theta[645,1]	0.45	0.0025	0.27	0.01	0.45	0.89	11477.0	10.0	1.0
theta[646,1]	0.37	0.0027	0.27	-0.058	0.37	0.81	9455.0	8.5	1.0
theta[647,1]	0.019	0.0029	0.28	-0.45	0.025	0.46	8972.0	8.1	1.0
theta[648,1]	-0.89	0.0046	0.41	-1.6	-0.86	-0.25	8167.0	7.4	1.0
theta[649,1]	-0.046	0.003	0.29	-0.54	-0.037	0.42	9668.0	8.7	1.0
theta[650,1]	-0.11	0.0032	0.3	-0.63	-0.1	0.37	8898.0	8.0	1.0
theta[651,1]	-0.093	0.003	0.29	-0.58	-0.086	0.37	9095.0	8.2	1.0
theta[652,1]	-1.6	0.0067	0.57	-2.6	-1.6	-0.74	7152.0	6.5	1.0
theta[653,1]	0.61	0.0026	0.26	0.2	0.61	1.0	9942.0	9.0	1.0
theta[654,1]	1.2	0.0028	0.29	0.74	1.2	1.7	10160.0	9.2	1.0
theta[655,1]	-1.1	0.0051	0.46	-1.9	-1.1	-0.44	8230.0	7.4	1.0
theta[656,1]	0.27	0.0026	0.27	-0.18	0.27	0.71	10667.0	9.6	1.0
theta[657,1]	-1.6	0.0062	0.55	-2.5	-1.5	-0.71	7985.0	7.2	1.0
theta[658,1]	-1.3	0.0055	0.48	-2.2	-1.3	-0.61	7777.0	7.0	1.0
theta[659,1]	-0.69	0.0043	0.39	-1.4	-0.67	-0.084	8351.0	7.5	1.0
theta[660,1]	-1.9	0.0073	0.61	-3.0	-1.9	-0.98	6949.0	6.3	1.0
theta[661,1]	-0.49	0.0036	0.33	-1.1	-0.47	0.03	8411.0	7.6	1.0
theta[662,1]	-1.9	0.0074	0.59	-3.0	-1.9	-0.99	6330.0	5.7	1.0
theta[663,1]	-1.0	0.0049	0.43	-1.7	-1.0	-0.35	7833.0	7.1	1.0
theta[664,1]	-1.5	0.0069	0.53	-2.5	-1.5	-0.73	5838.0	5.3	1.0
theta[665,1]	-0.33	0.0036	0.32	-0.87	-0.32	0.17	7531.0	6.8	1.0
theta[666,1]	-1.2	0.0054	0.46	-2.0	-1.2	-0.47	7258.0	6.5	1.0
theta[667,1]	-0.26	0.0032	0.33	-0.83	-0.25	0.25	10166.0	9.2	1.0
theta[668,1]	1.1	0.0029	0.28	0.65	1.1	1.6	9342.0	8.4	1.0
theta[669,1]	0.23	0.0025	0.27	-0.23	0.23	0.68	11205.0	10.0	1.0
theta[670,1]	1.1	0.0026	0.27	0.65	1.1	1.5	10762.0	9.7	1.0
theta[671,1]	-1.9	0.0069	0.61	-2.9	-1.8	-0.97	7705.0	7.0	1.0
theta[672,1]	-1.1	0.0048	0.43	-1.8	-1.1	-0.42	8039.0	7.3	1.0
theta[673,1]	-0.69	0.0041	0.38	-1.3	-0.66	-0.097	8285.0	7.5	1.0
theta[674,1]	-0.23	0.0033	0.31	-0.75	-0.22	0.25	8809.0	7.9	1.0
theta[675,1]	-0.6	0.0039	0.36	-1.2	-0.57	-0.047	8489.0	7.7	1.0
theta[676,1]	-0.83	0.005	0.4	-1.5	-0.81	-0.23	6233.0	5.6	1.0
theta[677,1]	-1.9	0.0066	0.61	-3.0	-1.9	-0.97	8406.0	7.6	1.0
theta[678,1]	-0.12	0.0032	0.3	-0.62	-0.11	0.36	8909.0	8.0	1.0
theta[679,1]	1.5	0.003	0.29	1.0	1.5	2.0	9501.0	8.6	1.0
theta[680,1]	-1.9	0.0064	0.6	-2.9	-1.9	-0.96	9009.0	8.1	1.0
theta[681,1]	-0.42	0.0033	0.34	-0.99	-0.4	0.12	10233.0	9.2	1.0
theta[682,1]	-0.47	0.0035	0.34	-1.1	-0.45	0.056	9007.0	8.1	1.0
theta[683,1]	-0.16	0.0031	0.3	-0.65	-0.15	0.31	8927.0	8.1	1.0
theta[684,1]	-1.3	0.0056	0.49	-2.1	-1.2	-0.52	7576.0	6.8	1.0
theta[685,1]	-0.76	0.0043	0.4	-1.4	-0.73	-0.14	8623.0	7.8	1.0
theta[686,1]	0.19	0.0027	0.27	-0.27	0.19	0.63	10211.0	9.2	1.0
theta[687,1]	0.017	0.0029	0.29	-0.46	0.018	0.48	9556.0	8.6	1.0
theta[688,1]	0.24	0.0029	0.27	-0.2	0.25	0.69	9239.0	8.3	1.0
theta[689,1]	0.24	0.0027	0.27	-0.21	0.24	0.68	9979.0	9.0	1.0
theta[690,1]	-0.73	0.0043	0.39	-1.4	-0.71	-0.14	8256.0	7.4	1.0
theta[691,1]	-1.3	0.006	0.49	-2.2	-1.3	-0.55	6757.0	6.1	1.0
theta[692,1]	-0.33	0.0032	0.33	-0.88	-0.33	0.18	10421.0	9.4	1.0
theta[693,1]	-0.68	0.0042	0.37	-1.3	-0.66	-0.11	7902.0	7.1	1.0
theta[694,1]	1.0	0.0026	0.27	0.56	1.0	1.5	11368.0	10.0	1.0
theta[695,1]	-0.94	0.0048	0.42	-1.7	-0.91	-0.31	7610.0	6.9	1.0
theta[696,1]	0.64	0.0027	0.26	0.21	0.64	1.0	9258.0	8.4	1.0
theta[697,1]	-0.65	0.004	0.36	-1.3	-0.63	-0.092	8376.0	7.6	1.0
theta[698,1]	0.17	0.0029	0.27	-0.27	0.18	0.61	8946.0	8.1	1.0
theta[699,1]	2.7	0.0033	0.31	2.2	2.7	3.2	8625.0	7.8	1.0
theta[700,1]	-0.62	0.0036	0.36	-1.2	-0.6	-0.066	9986.0	9.0	1.0
theta[701,1]	0.069	0.0029	0.28	-0.4	0.071	0.53	9634.0	8.7	1.0
theta[702,1]	1.2	0.003	0.28	0.7	1.2	1.6	8513.0	7.7	1.0
theta[703,1]	1.2	0.0028	0.28	0.7	1.2	1.6	10226.0	9.2	1.0
theta[704,1]	0.62	0.0027	0.27	0.19	0.62	1.1	10105.0	9.1	1.0
theta[705,1]	0.4	0.0026	0.27	-0.036	0.4	0.84	10772.0	9.7	1.0
theta[706,1]	0.42	0.0026	0.27	-0.017	0.41	0.86	10560.0	9.5	1.0
theta[707,1]	0.38	0.0026	0.26	-0.051	0.38	0.8	9838.0	8.9	1.0
theta[708,1]	0.99	0.0028	0.27	0.55	0.98	1.4	9154.0	8.3	1.0
theta[709,1]	-0.96	0.0048	0.41	-1.7	-0.93	-0.33	7520.0	6.8	1.0
theta[710,1]	0.55	0.0027	0.27	0.13	0.55	0.99	10017.0	9.0	1.0
theta[711,1]	-0.77	0.0044	0.39	-1.5	-0.75	-0.18	7776.0	7.0	1.0
theta[712,1]	0.68	0.0028	0.27	0.24	0.68	1.1	9355.0	8.4	1.0
theta[713,1]	0.41	0.003	0.28	-0.038	0.42	0.86	8296.0	7.5	1.0
theta[714,1]	2.0	0.0029	0.3	1.5	2.0	2.5	10835.0	9.8	1.0
theta[715,1]	-0.85	0.0044	0.41	-1.5	-0.82	-0.21	8878.0	8.0	1.0
theta[716,1]	0.61	0.0028	0.26	0.17	0.61	1.1	8321.0	7.5	1.0
theta[717,1]	-0.22	0.0035	0.31	-0.75	-0.21	0.27	7823.0	7.1	1.0
theta[718,1]	-0.29	0.0033	0.32	-0.84	-0.28	0.2	9388.0	8.5	1.0
theta[719,1]	0.9	0.0027	0.26	0.48	0.9	1.3	9397.0	8.5	1.0
theta[720,1]	-0.62	0.0038	0.35	-1.2	-0.6	-0.07	8830.0	8.0	1.0
theta[721,1]	0.7	0.0028	0.26	0.27	0.7	1.1	8486.0	7.7	1.0
theta[722,1]	-0.86	0.0044	0.4	-1.6	-0.83	-0.24	8102.0	7.3	1.0
theta[723,1]	0.2	0.0026	0.27	-0.25	0.2	0.64	10316.0	9.3	1.0
theta[724,1]	-0.79	0.0044	0.41	-1.5	-0.77	-0.16	8668.0	7.8	1.0
theta[725,1]	0.26	0.0029	0.28	-0.21	0.27	0.73	9748.0	8.8	1.0
theta[726,1]	-0.56	0.0041	0.36	-1.2	-0.54	0.0044	7522.0	6.8	1.0
theta[727,1]	-0.38	0.0034	0.32	-0.92	-0.36	0.11	8703.0	7.9	1.0
theta[728,1]	2.1	0.0037	0.32	1.6	2.1	2.7	7488.0	6.8	1.0
theta[729,1]	-0.32	0.0034	0.32	-0.87	-0.3	0.19	8901.0	8.0	1.0
theta[730,1]	-0.5	0.0037	0.34	-1.1	-0.49	0.036	8506.0	7.7	1.0
theta[731,1]	0.094	0.0029	0.28	-0.39	0.098	0.54	9227.0	8.3	1.0
theta[732,1]	0.09	0.0027	0.27	-0.37	0.098	0.53	10072.0	9.1	1.0
theta[733,1]	0.85	0.0027	0.26	0.42	0.85	1.3	9094.0	8.2	1.0
theta[734,1]	1.3	0.0028	0.28	0.87	1.3	1.8	9929.0	9.0	1.0
theta[735,1]	-0.3	0.0029	0.31	-0.83	-0.28	0.19	11434.0	10.0	1.0
theta[736,1]	0.49	0.0027	0.27	0.034	0.49	0.95	10513.0	9.5	1.0
theta[737,1]	0.74	0.0026	0.27	0.3	0.73	1.2	10515.0	9.5	1.0
theta[738,1]	1.1	0.0027	0.27	0.68	1.1	1.6	10150.0	9.2	1.0
theta[739,1]	0.41	0.0027	0.26	-0.0082	0.41	0.83	9064.0	8.2	1.0
theta[740,1]	0.63	0.0025	0.26	0.2	0.64	1.1	10973.0	9.9	1.0
theta[741,1]	-1.3	0.0057	0.48	-2.1	-1.2	-0.53	7308.0	6.6	1.0
theta[742,1]	0.42	0.0028	0.26	-0.019	0.42	0.84	8631.0	7.8	1.0
theta[743,1]	0.36	0.0028	0.26	-0.072	0.36	0.79	8687.0	7.8	1.0
theta[744,1]	-0.0086	0.0029	0.28	-0.49	0.002	0.44	9516.0	8.6	1.0
theta[745,1]	0.15	0.0027	0.26	-0.28	0.15	0.56	9391.0	8.5	1.0
theta[746,1]	-1.4	0.006	0.51	-2.3	-1.3	-0.58	7211.0	6.5	1.0
theta[747,1]	0.37	0.0028	0.26	-0.049	0.38	0.79	8692.0	7.8	1.0
theta[748,1]	-0.78	0.0045	0.4	-1.5	-0.76	-0.17	7727.0	7.0	1.0
theta[749,1]	1.1	0.0028	0.28	0.61	1.1	1.5	9871.0	8.9	1.0
theta[750,1]	0.77	0.0027	0.26	0.35	0.77	1.2	9525.0	8.6	1.0
theta[751,1]	0.13	0.0027	0.28	-0.35	0.13	0.58	10681.0	9.6	1.0
theta[752,1]	1.6	0.0029	0.3	1.1	1.6	2.1	10249.0	9.2	1.0
theta[753,1]	2.8	0.0034	0.31	2.3	2.8	3.3	7922.0	7.1	1.0
theta[754,1]	-0.36	0.0036	0.33	-0.92	-0.34	0.15	8338.0	7.5	1.0
theta[755,1]	0.022	0.0028	0.28	-0.46	0.035	0.47	10410.0	9.4	1.0
theta[756,1]	-0.45	0.0037	0.34	-1.1	-0.44	0.079	8593.0	7.8	1.0
theta[757,1]	0.71	0.0027	0.27	0.26	0.71	1.2	9967.0	9.0	1.0
theta[758,1]	-1.0	0.0049	0.43	-1.8	-1.0	-0.38	7726.0	7.0	1.0
theta[759,1]	0.7	0.0028	0.27	0.27	0.69	1.1	9255.0	8.4	1.0
theta[760,1]	0.68	0.0028	0.27	0.25	0.68	1.1	9452.0	8.5	1.0
theta[761,1]	-0.97	0.0044	0.42	-1.7	-0.94	-0.32	9113.0	8.2	1.0
theta[762,1]	-0.13	0.0033	0.29	-0.63	-0.12	0.33	7670.0	6.9	1.0
theta[763,1]	1.3	0.0029	0.26	0.87	1.3	1.7	8185.0	7.4	1.0
theta[764,1]	-0.18	0.0031	0.29	-0.68	-0.17	0.28	8662.0	7.8	1.0
theta[765,1]	-0.92	0.005	0.44	-1.7	-0.9	-0.25	7877.0	7.1	1.0
theta[766,1]	-1.2	0.0057	0.47	-2.0	-1.1	-0.47	6769.0	6.1	1.0
theta[767,1]	0.55	0.0026	0.27	0.13	0.55	1.0	10367.0	9.4	1.0
theta[768,1]	-0.57	0.0043	0.37	-1.2	-0.55	-0.01	7274.0	6.6	1.0
theta[769,1]	0.45	0.0026	0.26	0.016	0.45	0.88	9806.0	8.8	1.0
theta[770,1]	-0.084	0.0028	0.29	-0.58	-0.074	0.36	10512.0	9.5	1.0
theta[771,1]	-0.41	0.0035	0.33	-0.98	-0.39	0.12	8998.0	8.1	1.0
theta[772,1]	0.77	0.0025	0.26	0.34	0.77	1.2	11056.0	10.0	1.0
theta[773,1]	-1.2	0.0046	0.45	-1.9	-1.1	-0.47	9643.0	8.7	1.0
theta[774,1]	1.0	0.0029	0.29	0.58	1.0	1.5	9998.0	9.0	1.0
theta[775,1]	0.17	0.0028	0.28	-0.28	0.17	0.62	9838.0	8.9	1.0
theta[776,1]	0.35	0.0026	0.26	-0.08	0.35	0.78	9914.0	8.9	1.0
theta[777,1]	0.79	0.0024	0.25	0.37	0.79	1.2	11017.0	9.9	1.0
theta[778,1]	0.067	0.0027	0.27	-0.39	0.079	0.5	10392.0	9.4	1.0
theta[779,1]	1.2	0.0028	0.28	0.75	1.2	1.7	10278.0	9.3	1.0
theta[780,1]	-1.0	0.0052	0.44	-1.8	-1.0	-0.35	7370.0	6.6	1.0
theta[781,1]	1.5	0.0027	0.27	1.0	1.5	1.9	9924.0	9.0	1.0
theta[782,1]	0.19	0.0026	0.27	-0.26	0.19	0.61	10458.0	9.4	1.0
theta[783,1]	-0.25	0.0033	0.3	-0.78	-0.23	0.22	8170.0	7.4	1.0
theta[784,1]	0.98	0.0028	0.28	0.53	0.98	1.4	9591.0	8.7	1.0
theta[785,1]	-0.57	0.0038	0.36	-1.2	-0.55	-0.027	8985.0	8.1	1.0
theta[786,1]	0.31	0.0027	0.25	-0.13	0.31	0.72	8674.0	7.8	1.0
theta[787,1]	0.7	0.0026	0.27	0.27	0.7	1.1	10177.0	9.2	1.0
theta[788,1]	-0.73	0.0043	0.38	-1.4	-0.71	-0.14	7717.0	7.0	1.0
theta[789,1]	1.0	0.0026	0.26	0.62	1.0	1.5	10270.0	9.3	1.0
theta[790,1]	-1.4	0.0061	0.52	-2.3	-1.4	-0.61	7333.0	6.6	1.0
theta[791,1]	-0.66	0.0043	0.37	-1.3	-0.63	-0.085	7490.0	6.8	1.0
theta[792,1]	1.1	0.0029	0.27	0.63	1.1	1.5	8817.0	8.0	1.0
theta[793,1]	-0.29	0.0033	0.31	-0.82	-0.27	0.21	8887.0	8.0	1.0
theta[794,1]	-0.097	0.0032	0.29	-0.6	-0.09	0.37	8106.0	7.3	1.0
theta[795,1]	-0.0021	0.0029	0.29	-0.49	0.002	0.47	10230.0	9.2	1.0
theta[796,1]	0.66	0.0025	0.26	0.24	0.66	1.1	10153.0	9.2	1.0
theta[797,1]	-0.35	0.0037	0.32	-0.91	-0.34	0.15	7805.0	7.0	1.0
theta[798,1]	0.54	0.0024	0.27	0.11	0.54	0.98	11933.0	11.0	1.0
theta[799,1]	-1.6	0.0061	0.55	-2.5	-1.6	-0.77	7951.0	7.2	1.0
theta[800,1]	-0.22	0.0031	0.31	-0.75	-0.21	0.26	9754.0	8.8	1.0
theta[801,1]	1.8	0.0032	0.32	1.3	1.8	2.3	9655.0	8.7	1.0
theta[802,1]	-0.72	0.0046	0.39	-1.4	-0.71	-0.14	7190.0	6.5	1.0
theta[803,1]	-0.34	0.0032	0.32	-0.9	-0.33	0.17	10225.0	9.2	1.0
theta[804,1]	-0.3	0.0034	0.31	-0.81	-0.29	0.19	8304.0	7.5	1.0
theta[805,1]	-1.1	0.0053	0.46	-1.9	-1.1	-0.43	7487.0	6.8	1.0
theta[806,1]	-0.039	0.003	0.3	-0.54	-0.03	0.42	9601.0	8.7	1.0
theta[807,1]	1.1	0.0026	0.27	0.63	1.1	1.5	10962.0	9.9	1.0
theta[808,1]	0.75	0.0028	0.27	0.3	0.75	1.2	9357.0	8.4	1.0
theta[809,1]	1.5	0.0029	0.28	1.0	1.5	1.9	9475.0	8.5	1.0
theta[810,1]	0.13	0.0029	0.27	-0.34	0.13	0.57	9099.0	8.2	1.0
theta[811,1]	0.55	0.0026	0.26	0.11	0.54	0.98	10051.0	9.1	1.0
theta[812,1]	1.1	0.0025	0.26	0.72	1.1	1.6	10180.0	9.2	1.0
theta[813,1]	-0.76	0.0044	0.4	-1.5	-0.73	-0.14	8419.0	7.6	1.0
theta[814,1]	-0.13	0.0034	0.3	-0.64	-0.12	0.32	7858.0	7.1	1.0
theta[815,1]	1.4	0.0029	0.28	0.97	1.4	1.9	9550.0	8.6	1.0
theta[816,1]	1.2	0.0028	0.29	0.77	1.2	1.7	10672.0	9.6	1.0
theta[817,1]	0.29	0.0028	0.27	-0.17	0.29	0.72	9786.0	8.8	1.0
theta[818,1]	-0.089	0.0032	0.3	-0.59	-0.084	0.39	8773.0	7.9	1.0
theta[819,1]	0.53	0.0025	0.25	0.13	0.53	0.94	10120.0	9.1	1.0
theta[820,1]	-0.65	0.0039	0.37	-1.3	-0.63	-0.077	9222.0	8.3	1.0
theta[821,1]	0.54	0.0024	0.25	0.13	0.54	0.95	10897.0	9.8	1.0
theta[822,1]	-0.097	0.0031	0.29	-0.59	-0.091	0.37	8949.0	8.1	1.0
theta[823,1]	0.25	0.0028	0.27	-0.21	0.25	0.7	9401.0	8.5	1.0
theta[824,1]	-1.5	0.0065	0.56	-2.5	-1.5	-0.69	7367.0	6.6	1.0
theta[825,1]	-0.73	0.0042	0.39	-1.4	-0.71	-0.12	8560.0	7.7	1.0
theta[826,1]	-1.4	0.0056	0.49	-2.2	-1.3	-0.6	7741.0	7.0	1.0
theta[827,1]	0.22	0.0028	0.27	-0.23	0.22	0.65	9009.0	8.1	1.0
theta[828,1]	-0.61	0.004	0.36	-1.2	-0.58	-0.061	8004.0	7.2	1.0
theta[829,1]	-0.74	0.0044	0.38	-1.4	-0.71	-0.17	7352.0	6.6	1.0
theta[830,1]	-1.9	0.0066	0.6	-2.9	-1.8	-0.98	8277.0	7.5	1.0
theta[831,1]	-0.21	0.0031	0.3	-0.71	-0.2	0.26	9101.0	8.2	1.0
theta[832,1]	0.65	0.0026	0.28	0.21	0.65	1.1	11692.0	11.0	1.0
theta[833,1]	1.4	0.0025	0.27	0.95	1.4	1.8	12369.0	11.0	1.0
theta[834,1]	-0.34	0.0037	0.33	-0.91	-0.32	0.17	8056.0	7.3	1.0
theta[835,1]	-0.39	0.0033	0.32	-0.96	-0.38	0.12	9844.0	8.9	1.0
theta[836,1]	-0.088	0.0031	0.3	-0.59	-0.08	0.38	9148.0	8.3	1.0
theta[837,1]	0.23	0.0029	0.27	-0.22	0.24	0.67	8939.0	8.1	1.0
theta[838,1]	-0.97	0.0049	0.45	-1.8	-0.94	-0.28	8416.0	7.6	1.0
theta[839,1]	-0.047	0.0029	0.29	-0.53	-0.032	0.41	9563.0	8.6	1.0
theta[840,1]	1.8	0.0031	0.32	1.3	1.8	2.4	10685.0	9.6	1.0
theta[841,1]	-0.043	0.0029	0.28	-0.52	-0.035	0.42	9391.0	8.5	1.0
theta[842,1]	1.1	0.0027	0.28	0.66	1.1	1.6	10431.0	9.4	1.0
theta[843,1]	-0.83	0.0047	0.4	-1.5	-0.8	-0.23	7185.0	6.5	1.0
theta[844,1]	-0.16	0.0033	0.31	-0.7	-0.15	0.32	8481.0	7.7	1.0
theta[845,1]	-1.2	0.0051	0.48	-2.1	-1.2	-0.49	9009.0	8.1	1.0
theta[846,1]	0.66	0.003	0.27	0.22	0.66	1.1	8278.0	7.5	1.0
theta[847,1]	0.68	0.0027	0.26	0.25	0.68	1.1	9200.0	8.3	1.0
theta[848,1]	-0.86	0.0049	0.41	-1.6	-0.83	-0.23	7159.0	6.5	1.0
theta[849,1]	-0.44	0.0035	0.32	-0.99	-0.42	0.063	8123.0	7.3	1.0
theta[850,1]	-0.4	0.0036	0.33	-0.95	-0.39	0.1	8239.0	7.4	1.0
theta[851,1]	1.2	0.0029	0.28	0.74	1.2	1.7	9112.0	8.2	1.0
theta[852,1]	-0.34	0.0035	0.33	-0.89	-0.32	0.18	8904.0	8.0	1.0
theta[853,1]	0.57	0.0027	0.26	0.15	0.57	1.0	9187.0	8.3	1.0
theta[854,1]	-0.9	0.0046	0.41	-1.6	-0.87	-0.28	8004.0	7.2	1.0
theta[855,1]	-1.6	0.0064	0.55	-2.6	-1.6	-0.78	7423.0	6.7	1.0
theta[856,1]	-0.01	0.003	0.28	-0.48	-0.009	0.44	8951.0	8.1	1.0
theta[857,1]	0.36	0.0027	0.25	-0.064	0.36	0.79	8442.0	7.6	1.0
theta[858,1]	-0.62	0.0042	0.36	-1.3	-0.6	-0.073	7555.0	6.8	1.0
theta[859,1]	0.28	0.0027	0.26	-0.16	0.28	0.7	9231.0	8.3	1.0
theta[860,1]	0.5	0.0028	0.28	0.046	0.51	0.96	10127.0	9.1	1.0
theta[861,1]	1.0	0.0026	0.27	0.58	1.0	1.5	10274.0	9.3	1.0
theta[862,1]	0.69	0.0027	0.27	0.25	0.69	1.1	10240.0	9.2	1.0
theta[863,1]	1.1	0.0028	0.27	0.69	1.1	1.6	9587.0	8.6	1.0
theta[864,1]	-0.73	0.0046	0.38	-1.4	-0.7	-0.14	6829.0	6.2	1.0
theta[865,1]	-0.33	0.0035	0.33	-0.89	-0.31	0.19	8966.0	8.1	1.0
theta[866,1]	0.58	0.0026	0.26	0.15	0.57	1.0	10645.0	9.6	1.0
theta[867,1]	-1.3	0.0055	0.49	-2.2	-1.3	-0.59	8000.0	7.2	1.0
theta[868,1]	0.14	0.0027	0.27	-0.3	0.15	0.58	10285.0	9.3	1.0
theta[869,1]	0.16	0.0028	0.28	-0.32	0.16	0.61	10006.0	9.0	1.0
theta[870,1]	0.096	0.0026	0.27	-0.36	0.1	0.54	10495.0	9.5	1.0
theta[871,1]	-0.16	0.0032	0.31	-0.69	-0.15	0.33	9427.0	8.5	1.0
theta[872,1]	2.1	0.0031	0.3	1.6	2.1	2.6	9638.0	8.7	1.0
theta[873,1]	-0.85	0.005	0.41	-1.6	-0.83	-0.22	6887.0	6.2	1.0
theta[874,1]	-0.7	0.0044	0.39	-1.4	-0.67	-0.11	7674.0	6.9	1.0
theta[875,1]	0.33	0.0026	0.27	-0.11	0.33	0.77	10307.0	9.3	1.0
theta[876,1]	-1.2	0.0053	0.47	-2.0	-1.2	-0.5	8066.0	7.3	1.0
theta[877,1]	0.4	0.0029	0.27	-0.037	0.4	0.83	8976.0	8.1	1.0
theta[878,1]	0.4	0.0025	0.27	-0.03	0.41	0.85	11089.0	10.0	1.0
theta[879,1]	0.3	0.0026	0.26	-0.12	0.3	0.73	10294.0	9.3	1.0
theta[880,1]	1.1	0.0028	0.28	0.61	1.1	1.5	10174.0	9.2	1.0
theta[881,1]	-1.3	0.0057	0.49	-2.1	-1.2	-0.52	7374.0	6.7	1.0
theta[882,1]	-0.57	0.0039	0.36	-1.2	-0.54	-0.018	8309.0	7.5	1.0
theta[883,1]	0.98	0.0026	0.27	0.55	0.98	1.4	10841.0	9.8	1.0
theta[884,1]	-0.45	0.0036	0.34	-1.0	-0.43	0.092	8848.0	8.0	1.0
theta[885,1]	1.1	0.0029	0.29	0.67	1.1	1.6	9816.0	8.9	1.0
theta[886,1]	-0.43	0.0035	0.34	-1.0	-0.42	0.1	9428.0	8.5	1.0
theta[887,1]	1.1	0.0028	0.28	0.6	1.1	1.6	10529.0	9.5	1.0
theta[888,1]	1.1	0.0026	0.28	0.7	1.1	1.6	11274.0	10.0	1.0
theta[889,1]	-0.53	0.0041	0.36	-1.1	-0.51	0.034	7647.0	6.9	1.0
theta[890,1]	-1.4	0.0056	0.5	-2.2	-1.3	-0.59	8002.0	7.2	1.0
theta[891,1]	0.74	0.0026	0.26	0.3	0.73	1.2	9906.0	8.9	1.0
theta[892,1]	0.24	0.0029	0.27	-0.21	0.24	0.67	8962.0	8.1	1.0
theta[893,1]	0.25	0.0026	0.27	-0.2	0.25	0.69	10961.0	9.9	1.0
theta[894,1]	-0.4	0.0039	0.32	-0.96	-0.38	0.11	6968.0	6.3	1.0
theta[895,1]	-0.65	0.0041	0.37	-1.3	-0.63	-0.085	8183.0	7.4	1.0
theta[896,1]	-0.66	0.004	0.37	-1.3	-0.63	-0.099	8331.0	7.5	1.0
theta[897,1]	-1.9	0.007	0.59	-2.9	-1.9	-1.0	7241.0	6.5	1.0
theta[898,1]	-0.73	0.0044	0.4	-1.4	-0.7	-0.09	8577.0	7.7	1.0
theta[899,1]	-1.9	0.0065	0.58	-2.9	-1.9	-1.0	8118.0	7.3	1.0
theta[900,1]	1.3	0.003	0.28	0.88	1.3	1.8	8686.0	7.8	1.0
theta[901,1]	-0.48	0.0036	0.35	-1.1	-0.46	0.05	9218.0	8.3	1.0
theta[902,1]	0.33	0.0025	0.27	-0.12	0.33	0.76	12250.0	11.0	1.0
theta[903,1]	-0.14	0.0033	0.29	-0.64	-0.13	0.32	8001.0	7.2	1.0
theta[904,1]	-1.0	0.0052	0.44	-1.8	-0.96	-0.33	7105.0	6.4	1.0
theta[905,1]	0.51	0.0028	0.27	0.072	0.51	0.94	8935.0	8.1	1.0
theta[906,1]	-0.062	0.0031	0.29	-0.55	-0.054	0.41	8553.0	7.7	1.0
theta[907,1]	-0.28	0.0032	0.3	-0.8	-0.27	0.2	8796.0	7.9	1.0
theta[908,1]	0.72	0.0027	0.26	0.28	0.72	1.2	9254.0	8.3	1.0
theta[909,1]	-1.6	0.0066	0.57	-2.6	-1.6	-0.78	7321.0	6.6	1.0
theta[910,1]	0.23	0.0025	0.27	-0.21	0.24	0.66	11249.0	10.0	1.0
theta[911,1]	0.071	0.0028	0.28	-0.4	0.076	0.52	9973.0	9.0	1.0
theta[912,1]	0.12	0.0027	0.27	-0.33	0.13	0.54	9451.0	8.5	1.0
theta[913,1]	-1.5	0.006	0.53	-2.4	-1.5	-0.7	7812.0	7.0	1.0
theta[914,1]	0.94	0.0026	0.27	0.5	0.94	1.4	10346.0	9.3	1.0
theta[915,1]	-0.36	0.0035	0.33	-0.91	-0.35	0.15	8855.0	8.0	1.0
theta[916,1]	-0.62	0.0039	0.35	-1.2	-0.59	-0.079	7997.0	7.2	1.0
theta[917,1]	-0.54	0.0038	0.34	-1.1	-0.52	-0.016	8126.0	7.3	1.0
theta[918,1]	-0.48	0.0038	0.34	-1.1	-0.45	0.056	8282.0	7.5	1.0
theta[919,1]	-0.14	0.0032	0.29	-0.63	-0.13	0.32	8141.0	7.3	1.0
theta[920,1]	-0.82	0.0045	0.39	-1.5	-0.8	-0.24	7478.0	6.7	1.0
theta[921,1]	0.92	0.0028	0.27	0.48	0.92	1.4	8860.0	8.0	1.0
theta[922,1]	0.56	0.0026	0.27	0.13	0.56	1.0	10389.0	9.4	1.0
theta[923,1]	-0.61	0.0039	0.36	-1.3	-0.58	-0.051	8840.0	8.0	1.0
theta[924,1]	-1.2	0.0058	0.49	-2.1	-1.2	-0.51	7051.0	6.4	1.0
theta[925,1]	-0.023	0.0027	0.28	-0.51	-0.015	0.42	10932.0	9.9	1.0
theta[926,1]	0.72	0.0027	0.28	0.27	0.71	1.2	10403.0	9.4	1.0
theta[927,1]	-1.0	0.005	0.45	-1.8	-1.0	-0.34	8372.0	7.6	1.0
theta[928,1]	0.59	0.0028	0.27	0.14	0.59	1.0	9564.0	8.6	1.0
theta[929,1]	0.22	0.0027	0.27	-0.23	0.22	0.66	9996.0	9.0	1.0
theta[930,1]	0.15	0.003	0.28	-0.32	0.15	0.6	9156.0	8.3	1.0
theta[931,1]	-0.46	0.0037	0.35	-1.1	-0.45	0.07	8778.0	7.9	1.0
theta[932,1]	-0.5	0.0037	0.35	-1.1	-0.49	0.028	8585.0	7.7	1.0
theta[933,1]	-0.4	0.0035	0.32	-0.95	-0.38	0.087	8106.0	7.3	1.0
theta[934,1]	0.86	0.0029	0.27	0.43	0.86	1.3	8376.0	7.6	1.0
theta[935,1]	3.5	0.004	0.36	3.0	3.5	4.2	7946.0	7.2	1.0
theta[936,1]	0.36	0.0027	0.27	-0.094	0.37	0.81	10481.0	9.5	1.0
theta[937,1]	-0.47	0.0037	0.34	-1.0	-0.46	0.058	8377.0	7.6	1.0
theta[938,1]	-0.24	0.0032	0.3	-0.77	-0.23	0.23	8837.0	8.0	1.0
theta[939,1]	0.22	0.0025	0.27	-0.23	0.22	0.67	11345.0	10.0	1.0
theta[940,1]	-0.95	0.0045	0.42	-1.7	-0.92	-0.3	8771.0	7.9	1.0
theta[941,1]	-0.023	0.0028	0.28	-0.5	-0.012	0.42	10073.0	9.1	1.0
theta[942,1]	-0.42	0.0039	0.33	-0.99	-0.39	0.089	7241.0	6.5	1.0
theta[943,1]	2.4	0.0031	0.28	1.9	2.4	2.8	8208.0	7.4	1.0
theta[944,1]	0.32	0.0028	0.27	-0.14	0.32	0.77	9722.0	8.8	1.0
theta[945,1]	0.55	0.0026	0.27	0.11	0.55	1.0	10861.0	9.8	1.0
theta[946,1]	-0.49	0.0032	0.33	-1.1	-0.47	0.033	10712.0	9.7	1.0
theta[947,1]	0.58	0.0026	0.26	0.15	0.58	1.0	10134.0	9.1	1.0
theta[948,1]	-0.52	0.0037	0.35	-1.1	-0.5	0.024	8852.0	8.0	1.0
theta[949,1]	0.62	0.0029	0.27	0.17	0.62	1.1	9131.0	8.2	1.0
theta[950,1]	-0.019	0.0029	0.28	-0.48	-0.0075	0.43	9257.0	8.4	1.0
theta[951,1]	0.051	0.0029	0.29	-0.44	0.057	0.52	10112.0	9.1	1.0
theta[952,1]	1.3	0.0029	0.28	0.89	1.3	1.8	9637.0	8.7	1.0
theta[953,1]	0.57	0.0029	0.28	0.11	0.57	1.0	9250.0	8.3	1.0
theta[954,1]	-0.73	0.0042	0.38	-1.4	-0.71	-0.15	8308.0	7.5	1.0
theta[955,1]	1.2	0.0027	0.27	0.74	1.2	1.6	9946.0	9.0	1.0
theta[956,1]	1.1	0.0029	0.27	0.64	1.1	1.5	8714.0	7.9	1.0
theta[957,1]	1.1	0.0028	0.28	0.62	1.1	1.5	9733.0	8.8	1.0
theta[958,1]	-0.86	0.0056	0.42	-1.6	-0.83	-0.23	5677.0	5.1	1.0
theta[959,1]	0.069	0.0027	0.28	-0.39	0.08	0.5	10781.0	9.7	1.0
theta[960,1]	-0.48	0.0038	0.35	-1.1	-0.46	0.054	8354.0	7.5	1.0
theta[961,1]	-0.21	0.003	0.31	-0.73	-0.2	0.29	10314.0	9.3	1.0
theta[962,1]	-0.57	0.0041	0.36	-1.2	-0.55	-0.023	7684.0	6.9	1.0
theta[963,1]	0.47	0.0025	0.25	0.067	0.47	0.89	9892.0	8.9	1.0
theta[964,1]	-0.23	0.0032	0.3	-0.74	-0.21	0.24	8732.0	7.9	1.0
theta[965,1]	2.2	0.0033	0.32	1.7	2.2	2.8	9595.0	8.7	1.0
theta[966,1]	-1.1	0.0048	0.43	-1.8	-1.0	-0.38	8093.0	7.3	1.0
theta[967,1]	0.81	0.0028	0.27	0.37	0.81	1.3	9156.0	8.3	1.0
theta[968,1]	-0.31	0.0033	0.32	-0.87	-0.29	0.19	9413.0	8.5	1.0
theta[969,1]	-0.12	0.0029	0.28	-0.6	-0.11	0.32	9136.0	8.2	1.0
theta[970,1]	-0.39	0.0033	0.33	-0.96	-0.38	0.12	10450.0	9.4	1.0
theta[971,1]	-0.41	0.0035	0.34	-1.0	-0.39	0.1	9237.0	8.3	1.0
theta[972,1]	0.79	0.0027	0.26	0.36	0.79	1.2	9462.0	8.5	1.0
theta[973,1]	0.6	0.0027	0.27	0.16	0.6	1.1	10558.0	9.5	1.0
theta[974,1]	0.57	0.0027	0.26	0.14	0.57	0.98	9105.0	8.2	1.0
theta[975,1]	-1.0	0.0053	0.44	-1.8	-0.96	-0.33	6911.0	6.2	1.0
theta[976,1]	1.4	0.0031	0.28	0.97	1.4	1.9	8035.0	7.2	1.0
theta[977,1]	0.25	0.0028	0.26	-0.19	0.25	0.68	8928.0	8.1	1.0
theta[978,1]	0.17	0.0026	0.26	-0.27	0.17	0.58	9800.0	8.8	1.0
theta[979,1]	0.084	0.0028	0.27	-0.37	0.094	0.52	9436.0	8.5	1.0
theta[980,1]	-0.13	0.0031	0.3	-0.66	-0.12	0.34	9463.0	8.5	1.0
theta[981,1]	0.86	0.0027	0.26	0.44	0.85	1.3	9766.0	8.8	1.0
theta[982,1]	0.59	0.0024	0.26	0.16	0.59	1.0	11813.0	11.0	1.0
theta[983,1]	0.43	0.0026	0.26	0.0084	0.43	0.85	10014.0	9.0	1.0
theta[984,1]	0.19	0.0028	0.27	-0.26	0.2	0.64	9565.0	8.6	1.0
theta[985,1]	0.85	0.0028	0.27	0.41	0.85	1.3	8858.0	8.0	1.0
theta[986,1]	-0.32	0.0033	0.32	-0.87	-0.31	0.18	9404.0	8.5	1.0
theta[987,1]	-0.59	0.0039	0.36	-1.2	-0.57	-0.046	8595.0	7.8	1.0
theta[988,1]	0.31	0.0027	0.27	-0.13	0.31	0.76	9628.0	8.7	1.0
theta[989,1]	-1.2	0.0053	0.48	-2.1	-1.2	-0.5	8426.0	7.6	1.0
theta[990,1]	-0.87	0.0045	0.41	-1.6	-0.84	-0.24	8538.0	7.7	1.0
theta[991,1]	-1.5	0.0061	0.55	-2.5	-1.5	-0.7	8009.0	7.2	1.0
theta[992,1]	0.29	0.003	0.27	-0.16	0.29	0.72	8366.0	7.5	1.0
theta[993,1]	1.3	0.0026	0.27	0.81	1.3	1.7	10842.0	9.8	1.0
theta[994,1]	-0.097	0.0029	0.3	-0.61	-0.086	0.36	10769.0	9.7	1.0
theta[995,1]	0.5	0.0027	0.26	0.074	0.5	0.92	9030.0	8.1	1.0
theta[996,1]	0.2	0.0028	0.27	-0.24	0.2	0.63	9106.0	8.2	1.0
theta[997,1]	-0.6	0.004	0.37	-1.2	-0.58	-0.015	8467.0	7.6	1.0
theta[998,1]	0.079	0.0029	0.28	-0.38	0.086	0.53	9250.0	8.3	1.0
theta[999,1]	0.59	0.0027	0.27	0.15	0.59	1.0	10050.0	9.1	1.0
theta[1000,1]	-0.17	0.0031	0.3	-0.69	-0.15	0.31	9457.0	8.5	1.0
theta[1001,1]	0.73	0.0028	0.27	0.31	0.73	1.2	9202.0	8.3	1.0
theta[1002,1]	0.75	0.0027	0.26	0.32	0.75	1.2	9139.0	8.2	1.0
theta[1003,1]	0.34	0.0024	0.26	-0.097	0.34	0.77	11836.0	11.0	1.0
theta[1004,1]	-0.098	0.003	0.3	-0.6	-0.088	0.37	9546.0	8.6	1.0
theta[1005,1]	1.0	0.0027	0.27	0.61	1.0	1.5	9935.0	9.0	1.0
theta[1006,1]	0.45	0.0025	0.26	0.029	0.45	0.89	10865.0	9.8	1.0
theta[1007,1]	-0.89	0.0044	0.41	-1.6	-0.86	-0.27	8517.0	7.7	1.0
theta[1008,1]	-1.1	0.0053	0.45	-1.9	-1.0	-0.38	7147.0	6.4	1.0
theta[1009,1]	0.43	0.0028	0.27	-0.0079	0.44	0.87	9063.0	8.2	1.0
theta[1010,1]	0.69	0.0026	0.27	0.26	0.7	1.1	10407.0	9.4	1.0
theta[1011,1]	0.78	0.0026	0.26	0.36	0.78	1.2	9856.0	8.9	1.0
theta[1012,1]	0.28	0.0026	0.26	-0.15	0.28	0.71	9773.0	8.8	1.0
theta[1013,1]	-0.46	0.0039	0.35	-1.0	-0.44	0.086	8120.0	7.3	1.0
theta[1014,1]	0.54	0.0026	0.26	0.12	0.54	0.96	9914.0	8.9	1.0
theta[1015,1]	-0.76	0.0043	0.4	-1.5	-0.73	-0.15	8621.0	7.8	1.0
theta[1016,1]	0.59	0.0025	0.26	0.17	0.58	1.0	10442.0	9.4	1.0
theta[1017,1]	-0.64	0.0042	0.38	-1.3	-0.62	-0.062	8210.0	7.4	1.0
theta[1018,1]	-0.79	0.0043	0.4	-1.5	-0.77	-0.18	8716.0	7.9	1.0
theta[1019,1]	1.1	0.0027	0.27	0.7	1.1	1.6	9987.0	9.0	1.0
theta[1020,1]	-0.27	0.0032	0.32	-0.82	-0.26	0.24	9881.0	8.9	1.0
theta[1021,1]	-0.76	0.005	0.38	-1.4	-0.73	-0.17	5810.0	5.2	1.0
theta[1022,1]	1.2	0.0029	0.28	0.77	1.2	1.7	9002.0	8.1	1.0
theta[1023,1]	-0.81	0.0043	0.38	-1.5	-0.79	-0.23	7916.0	7.1	1.0
theta[1024,1]	-0.33	0.0034	0.33	-0.88	-0.33	0.18	9404.0	8.5	1.0
theta[1025,1]	-0.14	0.0031	0.29	-0.63	-0.13	0.32	8530.0	7.7	1.0
theta[1026,1]	0.00061	0.0027	0.29	-0.48	0.011	0.46	11446.0	10.0	1.0
theta[1027,1]	0.19	0.0027	0.28	-0.27	0.2	0.64	10625.0	9.6	1.0
theta[1028,1]	1.1	0.0027	0.28	0.7	1.1	1.6	11198.0	10.0	1.0
theta[1029,1]	-0.12	0.003	0.29	-0.61	-0.11	0.33	9775.0	8.8	1.0
theta[1030,1]	-0.18	0.003	0.3	-0.7	-0.17	0.3	10100.0	9.1	1.0
theta[1031,1]	0.047	0.0028	0.27	-0.4	0.047	0.48	9297.0	8.4	1.0
theta[1032,1]	-0.4	0.0035	0.34	-0.98	-0.39	0.12	9453.0	8.5	1.0
theta[1033,1]	-0.19	0.003	0.31	-0.69	-0.17	0.3	10276.0	9.3	1.0
theta[1034,1]	0.83	0.0027	0.26	0.41	0.83	1.2	8803.0	7.9	1.0
theta[1035,1]	-0.09	0.0029	0.29	-0.58	-0.085	0.39	10065.0	9.1	1.0
theta[1036,1]	0.32	0.0028	0.27	-0.12	0.33	0.74	9267.0	8.4	1.0
theta[1037,1]	0.22	0.0027	0.26	-0.22	0.23	0.65	9432.0	8.5	1.0
theta[1038,1]	0.31	0.0026	0.26	-0.13	0.31	0.74	10372.0	9.4	1.0
theta[1039,1]	0.85	0.0026	0.26	0.43	0.85	1.3	10138.0	9.1	1.0
theta[1040,1]	-0.84	0.0044	0.4	-1.5	-0.83	-0.24	8005.0	7.2	1.0
theta[1041,1]	0.26	0.0027	0.25	-0.15	0.25	0.68	9116.0	8.2	1.0
theta[1042,1]	-0.99	0.0046	0.43	-1.7	-0.97	-0.33	8418.0	7.6	1.0
theta[1043,1]	0.81	0.0026	0.27	0.37	0.81	1.3	10458.0	9.4	1.0
theta[1044,1]	-0.093	0.0029	0.29	-0.59	-0.079	0.37	10059.0	9.1	1.0
theta[1045,1]	-0.6	0.004	0.36	-1.2	-0.59	-0.037	8425.0	7.6	1.0
theta[1046,1]	1.2	0.0026	0.28	0.72	1.2	1.6	11621.0	10.0	1.0
theta[1047,1]	1.3	0.0029	0.27	0.84	1.3	1.7	9051.0	8.2	1.0
theta[1048,1]	2.5	0.0035	0.32	2.0	2.5	3.0	8148.0	7.4	1.0
theta[1049,1]	1.4	0.0027	0.28	0.96	1.4	1.9	10224.0	9.2	1.0
theta[1050,1]	1.0	0.0025	0.26	0.58	1.0	1.5	10837.0	9.8	1.0
theta[1051,1]	0.56	0.0027	0.27	0.12	0.56	1.0	9373.0	8.5	1.0
alpha[1,1]	2.7	0.0026	0.19	2.3	2.6	3.0	5367.0	4.8	1.0
alpha[2,1]	2.9	0.0034	0.23	2.6	2.9	3.3	4568.0	4.1	1.0
alpha[3,1]	2.6	0.0025	0.19	2.3	2.6	2.9	5687.0	5.1	1.0
alpha[4,1]	1.5	0.0017	0.13	1.3	1.5	1.8	6368.0	5.7	1.0
alpha[5,1]	1.3	0.0021	0.17	1.0	1.3	1.6	6164.0	5.6	1.0
alpha[6,1]	1.8	0.0015	0.11	1.7	1.8	2.0	5016.0	4.5	1.0
alpha[7,1]	0.91	0.00085	0.071	0.8	0.91	1.0	6893.0	6.2	1.0
alpha[8,1]	1.6	0.0021	0.17	1.3	1.6	1.9	6665.0	6.0	1.0
alpha[9,1]	1.5	0.0021	0.17	1.2	1.5	1.8	7155.0	6.5	1.0
alpha[10,1]	1.5	0.0017	0.13	1.3	1.5	1.7	5578.0	5.0	1.0
alpha[11,1]	1.4	0.0031	0.24	0.99	1.4	1.8	5780.0	5.2	1.0
alpha[12,1]	1.3	0.0038	0.27	0.82	1.3	1.7	5115.0	4.6	1.0
alpha[13,1]	1.1	0.0013	0.12	0.91	1.1	1.3	7646.0	6.9	1.0
alpha[14,1]	1.4	0.0014	0.12	1.2	1.4	1.6	7251.0	6.5	1.0
alpha[15,1]	1.3	0.0014	0.13	1.1	1.3	1.5	7489.0	6.8	1.0
alpha[16,1]	1.2	0.0013	0.098	1.1	1.2	1.4	6075.0	5.5	1.0
alpha[17,1]	1.1	0.0012	0.094	0.96	1.1	1.3	5933.0	5.4	1.0
alpha[18,1]	1.0	0.0012	0.093	0.88	1.0	1.2	6389.0	5.8	1.0
alpha[19,1]	0.82	0.001	0.085	0.69	0.82	0.97	7302.0	6.6	1.0
alpha[20,1]	1.0	0.0013	0.11	0.87	1.0	1.2	7120.0	6.4	1.0
alpha[21,1]	1.2	0.0018	0.14	0.98	1.2	1.5	6553.0	5.9	1.0
alpha[22,1]	1.1	0.0016	0.12	0.89	1.1	1.3	5654.0	5.1	1.0
alpha[23,1]	0.93	0.001	0.083	0.8	0.93	1.1	6788.0	6.1	1.0
alpha[24,1]	0.91	0.0014	0.12	0.72	0.91	1.1	8012.0	7.2	1.0
alpha[25,1]	1.5	0.0016	0.13	1.3	1.5	1.7	6336.0	5.7	1.0
alpha[26,1]	1.3	0.0013	0.11	1.1	1.3	1.5	7682.0	6.9	1.0
alpha[27,1]	1.7	0.0016	0.13	1.5	1.7	1.9	7012.0	6.3	1.0
alpha[28,1]	1.8	0.0018	0.14	1.6	1.8	2.0	6070.0	5.5	1.0
alpha[29,1]	0.51	0.0035	0.22	0.14	0.5	0.86	3873.0	3.5	1.0
alpha[30,1]	0.73	0.0022	0.16	0.46	0.73	0.99	5224.0	4.7	1.0
alpha[31,1]	1.2	0.0023	0.18	0.93	1.2	1.5	5723.0	5.2	1.0
alpha[32,1]	1.1	0.0023	0.19	0.79	1.1	1.4	6610.0	6.0	1.0
alpha[33,1]	1.6	0.002	0.16	1.4	1.6	1.9	6357.0	5.7	1.0
alpha[34,1]	1.6	0.0021	0.17	1.3	1.6	1.9	6789.0	6.1	1.0
alpha[35,1]	1.1	0.0013	0.1	0.95	1.1	1.3	6375.0	5.8	1.0
alpha[36,1]	1.2	0.0012	0.1	1.0	1.2	1.4	7605.0	6.9	1.0
alpha[37,1]	1.0	0.0011	0.1	0.87	1.0	1.2	7990.0	7.2	1.0
alpha[38,1]	1.0	0.0014	0.12	0.8	1.0	1.2	8152.0	7.4	1.0
alpha[39,1]	1.2	0.0016	0.12	1.0	1.2	1.4	6315.0	5.7	1.0
tau_pr[1]	2.5	0.0015	0.14	2.3	2.5	2.7	7945.0	7.2	1.0
tau_pr[2]	1.4	0.0008	0.076	1.3	1.4	1.5	8977.0	8.1	1.0
tau_pr[3]	2.6	0.0015	0.15	2.4	2.6	2.8	9612.0	8.7	1.0
tau_pr[4]	7.4	0.0066	0.56	6.5	7.3	8.3	7093.0	6.4	1.0
tau_pr[5]	38.0	0.066	5.5	30.0	37.0	47.0	6876.0	6.2	1.0
tau_pr[6]	45.0	0.11	6.9	35.0	45.0	57.0	3753.0	3.4	1.0
tau_pr[7]	15.0	0.038	2.4	12.0	15.0	20.0	4023.0	3.6	1.0
tau_pr[8]	5.9	0.014	0.93	4.5	5.8	7.5	4279.0	3.9	1.0
tau_pr[9]	3.3	0.0037	0.25	2.9	3.3	3.7	4722.0	4.3	1.0
tau_pr[10]	2.8	0.0032	0.23	2.5	2.8	3.2	5088.0	4.6	1.0
tau_pr[11]	2.7	0.0031	0.22	2.4	2.7	3.1	4921.0	4.4	1.0
tau_pr[12]	37.0	0.064	5.3	29.0	36.0	46.0	6746.0	6.1	1.0
tau_pr[13]	106.0	0.3	22.0	75.0	104.0	146.0	5430.0	4.9	1.0
tau_pr[14]	1.4	0.0041	0.35	0.92	1.4	2.1	7563.0	6.8	1.0
tau_pr[15]	57.0	0.14	11.0	41.0	56.0	77.0	5796.0	5.2	1.0
tau_pr[16]	18.0	0.046	3.5	13.0	18.0	24.0	5779.0	5.2	1.0
tau_pr[17]	80.0	0.23	18.0	55.0	77.0	113.0	6385.0	5.8	1.0
tau_pr[18]	119.0	0.35	29.0	79.0	115.0	172.0	6808.0	6.1	1.0
tau_pr[19]	33.0	0.055	4.3	26.0	32.0	40.0	6257.0	5.6	1.0
tau_pr[20]	2.5	0.0046	0.37	1.9	2.4	3.1	6325.0	5.7	1.0
tau_pr[21]	57.0	0.13	9.2	44.0	56.0	74.0	4906.0	4.4	1.0
tau_pr[22]	4.7	0.011	0.81	3.5	4.6	6.1	5033.0	4.5	1.0
tau_pr[23]	1.3	0.0037	0.26	0.88	1.2	1.7	5091.0	4.6	1.0
tau_pr[24]	52.0	0.1	8.1	40.0	51.0	66.0	6324.0	5.7	1.0
tau_pr[25]	3.6	0.0073	0.6	2.7	3.5	4.7	6767.0	6.1	1.0
tau_pr[26]	0.59	0.00031	0.029	0.54	0.59	0.64	8763.0	7.9	1.0
tau_pr[27]	0.46	0.00026	0.023	0.42	0.46	0.5	8175.0	7.4	1.0
tau_pr[28]	0.99	0.00048	0.045	0.92	0.99	1.1	9065.0	8.2	1.0
tau_pr[29]	1.1	0.00052	0.05	0.99	1.1	1.2	9462.0	8.5	1.0
tau_pr[30]	3.7	0.0023	0.21	3.3	3.7	4.0	8222.0	7.4	1.0
tau_pr[31]	18.0	0.021	1.9	15.0	18.0	21.0	7713.0	7.0	1.0
tau_pr[32]	8.9	0.0074	0.68	7.8	8.9	10.0	8519.0	7.7	1.0
tau_pr[33]	26.0	0.053	3.6	21.0	26.0	32.0	4593.0	4.1	1.0
tau_pr[34]	9.4	0.02	1.3	7.4	9.3	12.0	4273.0	3.9	1.0
tau_pr[35]	3.1	0.007	0.47	2.4	3.1	3.9	4538.0	4.1	1.0
tau_pr[36]	13.0	0.015	1.2	11.0	13.0	15.0	6754.0	6.1	1.0
tau_pr[37]	0.4	0.00076	0.066	0.3	0.4	0.52	7560.0	6.8	1.0
tau_pr[38]	3.9	0.0025	0.23	3.5	3.9	4.3	8726.0	7.9	1.0
tau_pr[39]	2.3	0.0012	0.12	2.1	2.3	2.5	9837.0	8.9	1.0
tau_pr[40]	1.2	0.00063	0.059	1.1	1.2	1.3	8755.0	7.9	1.0
tau_pr[41]	3.5	0.0022	0.2	3.2	3.5	3.8	8943.0	8.1	1.0
tau_pr[42]	46.0	0.079	7.2	36.0	45.0	59.0	8292.0	7.5	1.0
tau_pr[43]	23.0	0.031	2.7	19.0	23.0	28.0	7811.0	7.0	1.0
tau_pr[44]	40.0	0.075	6.2	32.0	40.0	52.0	6752.0	6.1	1.0
tau_pr[45]	52.0	0.1	8.6	39.0	51.0	67.0	6659.0	6.0	1.0
tau_pr[46]	24.0	0.033	2.8	19.0	23.0	29.0	7456.0	6.7	1.0
tau_pr[47]	38.0	0.068	5.7	30.0	38.0	48.0	7097.0	6.4	1.0
tau_pr[48]	1.9	0.00091	0.094	1.8	1.9	2.1	10691.0	9.6	1.0
tau_pr[49]	1.6	0.00081	0.078	1.5	1.6	1.7	9128.0	8.2	1.0
tau_pr[50]	2.3	0.0012	0.11	2.1	2.3	2.5	8875.0	8.0	1.0
tau_pr[51]	10.0	0.0094	0.85	9.1	10.0	12.0	8144.0	7.3	1.0
tau_pr[52]	9.5	0.0086	0.75	8.4	9.5	11.0	7536.0	6.8	1.0
tau_pr[53]	21.0	0.31	22.0	0.97	14.0	64.0	5019.0	4.5	1.0
tau_pr[54]	21.0	0.27	22.0	1.2	15.0	65.0	6398.0	5.8	1.0
tau_pr[55]	21.0	0.27	20.0	0.98	15.0	62.0	5657.0	5.1	1.0
tau_pr[56]	21.0	0.29	22.0	1.1	15.0	64.0	5953.0	5.4	1.0
tau_pr[57]	21.0	0.28	22.0	1.3	15.0	62.0	6029.0	5.4	1.0
tau_pr[58]	21.0	0.26	21.0	1.2	15.0	61.0	6129.0	5.5	1.0
tau_pr[59]	22.0	0.29	22.0	1.1	15.0	66.0	5823.0	5.3	1.0
tau_pr[60]	21.0	0.29	22.0	1.1	15.0	66.0	5707.0	5.1	1.0
tau_pr[61]	22.0	0.3	22.0	1.1	15.0	67.0	5418.0	4.9	1.0
tau_pr[62]	22.0	0.29	22.0	0.98	15.0	65.0	5522.0	5.0	1.0
tau_pr[63]	21.0	0.26	21.0	1.2	15.0	62.0	6205.0	5.6	1.0
tau_pr[64]	21.0	0.27	21.0	1.1	15.0	65.0	6243.0	5.6	1.0
tau_pr[65]	21.0	0.28	20.0	1.2	15.0	62.0	5278.0	4.8	1.0
tau_pr[66]	21.0	0.28	21.0	1.2	14.0	63.0	5676.0	5.1	1.0
tau_pr[67]	22.0	0.32	24.0	0.82	14.0	68.0	5401.0	4.9	1.0
tau_pr[68]	21.0	0.26	21.0	1.3	14.0	62.0	6164.0	5.6	1.0
tau_pr[69]	21.0	0.29	22.0	0.92	14.0	66.0	5747.0	5.2	1.0
tau_pr[70]	21.0	0.28	21.0	1.1	14.0	64.0	6062.0	5.5	1.0
tau_pr[71]	21.0	0.32	22.0	1.1	14.0	67.0	4826.0	4.4	1.0
tau_pr[72]	21.0	0.28	21.0	1.1	15.0	62.0	5885.0	5.3	1.0
tau_pr[73]	22.0	0.29	22.0	1.1	14.0	65.0	6093.0	5.5	1.0
tau_pr[74]	21.0	0.29	22.0	0.95	14.0	64.0	6056.0	5.5	1.0
tau_pr[75]	21.0	0.29	22.0	1.2	15.0	64.0	5839.0	5.3	1.0
tau_pr[76]	21.0	0.27	21.0	0.99	14.0	63.0	6042.0	5.5	1.0
tau_pr[77]	21.0	0.28	21.0	1.1	15.0	62.0	5293.0	4.8	1.0
tau_pr[78]	21.0	0.26	20.0	1.1	15.0	62.0	6076.0	5.5	1.0
tau_pr[79]	21.0	0.28	22.0	1.3	15.0	64.0	5951.0	5.4	1.0
tau_pr[80]	21.0	0.3	22.0	1.1	15.0	64.0	5455.0	4.9	1.0
tau_pr[81]	21.0	0.29	22.0	0.98	14.0	65.0	5634.0	5.1	1.0
tau_pr[82]	21.0	0.3	22.0	1.0	14.0	64.0	5355.0	4.8	1.0
tau_pr[83]	21.0	0.28	22.0	0.97	14.0	63.0	6366.0	5.7	1.0
tau_pr[84]	21.0	0.29	22.0	0.97	14.0	66.0	5977.0	5.4	1.0
tau_pr[85]	21.0	0.27	22.0	1.1	14.0	64.0	6723.0	6.1	1.0
tau_pr[86]	22.0	0.28	22.0	1.1	15.0	66.0	6058.0	5.5	1.0
tau_pr[87]	21.0	0.29	21.0	1.2	14.0	65.0	5479.0	4.9	1.0
tau_pr[88]	22.0	0.3	23.0	1.1	15.0	67.0	5629.0	5.1	1.0
tau_pr[89]	21.0	0.28	22.0	1.2	14.0	65.0	6057.0	5.5	1.0
tau_pr[90]	21.0	0.27	22.0	1.1	15.0	64.0	6203.0	5.6	1.0
tau_pr[91]	21.0	0.28	22.0	1.1	14.0	64.0	6107.0	5.5	1.0
lambda[1,1]	0.84	0.00024	0.018	0.81	0.84	0.87	5268.0	4.8	1.0
lambda[2,1]	0.86	0.00025	0.017	0.84	0.86	0.89	4561.0	4.1	1.0
lambda[3,1]	0.83	0.00025	0.019	0.8	0.83	0.86	5894.0	5.3	1.0
lambda[4,1]	0.67	0.0004	0.032	0.61	0.67	0.72	6362.0	5.7	1.0
lambda[5,1]	0.6	0.00065	0.05	0.52	0.6	0.68	6034.0	5.4	1.0
lambda[6,1]	0.73	0.00028	0.02	0.7	0.74	0.77	4971.0	4.5	1.0
lambda[7,1]	0.47	0.00034	0.029	0.42	0.47	0.52	6880.0	6.2	1.0
lambda[8,1]	0.68	0.00047	0.039	0.62	0.69	0.74	6858.0	6.2	1.0
lambda[9,1]	0.66	0.00053	0.044	0.58	0.66	0.72	6868.0	6.2	1.0
lambda[10,1]	0.67	0.0004	0.03	0.62	0.67	0.72	5640.0	5.1	1.0
lambda[11,1]	0.63	0.00095	0.068	0.5	0.63	0.72	5070.0	4.6	1.0
lambda[12,1]	0.59	0.0013	0.085	0.44	0.6	0.71	4189.0	3.8	1.0
lambda[13,1]	0.54	0.00047	0.041	0.47	0.54	0.6	7637.0	6.9	1.0
lambda[14,1]	0.63	0.00038	0.033	0.58	0.63	0.69	7254.0	6.5	1.0
lambda[15,1]	0.61	0.00043	0.037	0.55	0.61	0.67	7195.0	6.5	1.0
lambda[16,1]	0.59	0.00039	0.03	0.54	0.59	0.64	6130.0	5.5	1.0
lambda[17,1]	0.55	0.00042	0.032	0.49	0.55	0.6	5912.0	5.3	1.0
lambda[18,1]	0.51	0.00043	0.034	0.46	0.51	0.57	6302.0	5.7	1.0
lambda[19,1]	0.43	0.00043	0.037	0.37	0.43	0.49	7232.0	6.5	1.0
lambda[20,1]	0.52	0.00047	0.039	0.46	0.52	0.59	7136.0	6.4	1.0
lambda[21,1]	0.58	0.00056	0.045	0.5	0.58	0.65	6404.0	5.8	1.0
lambda[22,1]	0.53	0.00056	0.043	0.46	0.54	0.6	5685.0	5.1	1.0
lambda[23,1]	0.48	0.0004	0.033	0.42	0.48	0.53	6750.0	6.1	1.0
lambda[24,1]	0.47	0.00056	0.049	0.39	0.47	0.55	7723.0	7.0	1.0
lambda[25,1]	0.67	0.00039	0.031	0.62	0.67	0.71	6265.0	5.7	1.0
lambda[26,1]	0.6	0.00039	0.034	0.55	0.6	0.66	7591.0	6.8	1.0
lambda[27,1]	0.7	0.00033	0.028	0.65	0.7	0.74	7107.0	6.4	1.0
lambda[28,1]	0.72	0.00034	0.026	0.68	0.73	0.77	5904.0	5.3	1.0
lambda[29,1]	0.28	0.0019	0.11	0.08	0.28	0.45	3552.0	3.2	1.0
lambda[30,1]	0.39	0.0011	0.074	0.26	0.39	0.5	4881.0	4.4	1.0
lambda[31,1]	0.58	0.00074	0.056	0.48	0.58	0.66	5717.0	5.2	1.0
lambda[32,1]	0.54	0.00086	0.067	0.42	0.55	0.64	6101.0	5.5	1.0
lambda[33,1]	0.69	0.00044	0.035	0.63	0.69	0.75	6280.0	5.7	1.0
lambda[34,1]	0.67	0.0005	0.041	0.6	0.68	0.74	6566.0	5.9	1.0
lambda[35,1]	0.54	0.00044	0.035	0.49	0.54	0.6	6463.0	5.8	1.0
lambda[36,1]	0.58	0.00037	0.032	0.52	0.58	0.63	7456.0	6.7	1.0
lambda[37,1]	0.52	0.00042	0.037	0.46	0.52	0.58	8089.0	7.3	1.0
lambda[38,1]	0.5	0.00052	0.047	0.42	0.51	0.58	8077.0	7.3	1.0
lambda[39,1]	0.59	0.00049	0.039	0.52	0.59	0.65	6229.0	5.6	1.0
