teicher2015_1,teicher2015_2,teicher2015_3,teicher2015_4,tuominen2022_1,tuominen2022_2,tuominen2022_3,tuominen2022_4
0.0329687565927716,0.03289980416969027,0.03550548187164408,0.0358159664171382,0.04201602490716287,0.04650273930945942,0.04228459045627426,0.043970955726830546
0.03738088952359821,0.03921607831616982,0.03881991521836014,0.037561922982313894,0.043401931274593776,0.0451064878575515,0.04047245106447454,0.03626525783318193
0.04354955966144395,0.037398059682093025,0.041159968454152526,0.04023239352320523,0.04171556660302222,0.03793836527656067,0.04462088105927584,0.04649304701494757
0.03941503498361623,0.03808728746787216,0.041514843175735026,0.03468206727477061,0.04271135442406166,0.05212540879056784,0.03678275131508403,0.041831243205478555
0.03854052777475521,0.04068392022280456,0.039927378593787706,0.03610006338513532,0.04135294833241204,0.03864157536108856,0.043670508470293225,0.04332255561137469
0.040110874134708034,0.034646182704586345,0.039703401362297976,0.035224491751487653,0.036581519486391226,0.0440051253557864,0.02925605947850922,0.042714266212564966
0.03781927369936773,0.03909963117550393,0.039868714609288584,0.032597280850998694,0.03999470054516688,0.044454213988641036,0.043628883152055625,0.045972386467085645
0.036453028723962465,0.03727797454204141,0.03874572072444603,0.038438515447372555,0.038554002150770116,0.03980260713108268,0.04248577218238213,0.03934928654520448
0.03812912069997311,0.03729537814079283,0.03540788236081944,0.03434550471085355,0.04328915909464862,0.04576547416903634,0.04055065804540224,0.03322975621396818
0.037681054147034196,0.032849487996186824,0.035824235867941555,0.0389927691791296,0.04823840623423843,0.03895669759525929,0.04586173456166144,0.040892804347721926
0.04156542644176078,0.03654586574450064,0.044298102206211803,0.03983221342534923,0.04277901328070327,0.04572492506906314,0.03941067764753684,0.04810508843269743
0.03884105555638355,0.03974589086360481,0.04491758610269825,0.03733950257575067,0.04560768368441715,0.048193388356063425,0.046889615491039385,0.03927203664783468
0.03841412885795461,0.043841463295816174,0.042811194062060756,0.03764976137124671,0.03956656282880999,0.04445346636925973,0.043120206301220584,0.03747012568718632
0.04123351443800085,0.035385765878628815,0.03980964732913029,0.03716950530268064,0.04013551987919922,0.045600224432973756,0.035049536317806405,0.047155919154077505
0.040595869779149786,0.038738188313889366,0.04152925317864214,0.03798744129899881,0.04116469352467039,0.04473528446528633,0.04933127015534872,0.037690164045856574
0.03625767631810097,0.035662782310064076,0.03201739832650759,0.028640081127463655,0.036505861700473645,0.0391804025536642,0.044309575621660886,0.034555270530963224
0.041074040355877806,0.03290105904579449,0.04020634352243001,0.03636212715010931,0.04446279321030022,0.04414930761445295,0.037119659326562186,0.042451406829148164
0.03682194328676274,0.034387779566265424,0.03643579777175842,0.03027793841954823,0.03747776882226424,0.051618065396639976,0.0413067196889186,0.04401000743379111
0.039288593974976554,0.0374865229239952,0.04026923554728768,0.036126416105110824,0.051939738678918594,0.049962619172168626,0.0488834247602324,0.054131050063268335
0.04196973750739695,0.037938917268128446,0.04073771756032129,0.036386186825578676,0.04470082335273959,0.04312946579372244,0.039398720391247234,0.04158968801055293
0.04328108770875805,0.03685082653910252,0.04234401704282147,0.04053867351175992,0.04092077501973129,0.039778708725600416,0.03685831703319252,0.043964908504824235
0.046750033288639116,6.538453752685292e+61,0.03825033949364595,0.03667570273889504,0.04070024877744936,0.03897598910658678,0.037823885112683905,0.04771700670067813
0.038036908363591304,0.03144991984671201,0.04057098732136625,0.03531387238368815,0.04339162688370176,0.03973913543164881,0.03243372565987785,0.03979516611375594
0.034432436796593975,0.03286602019649427,0.040462139747593655,0.03534993935610426,0.044257334052157773,0.048806333043272844,0.04466904610946537,0.03579310532449654
0.03755094519410074,0.03501313345489263,0.03853045784343006,0.032405331483519935,0.04224756140628061,0.04675456430227863,0.04539967507817636,0.04093335128840873
0.03545618323903923,0.03504935123461827,0.03901366383251413,0.036008190214207744,0.04618681240492972,0.042023139890993745,0.04012292582699344,0.0376801614319155
0.039987029194542945,0.04093178596284401,2.5450919739355064e+59,0.04144236918584462,0.036818244404433424,0.043954834013830255,0.04778204131358718,0.04050313959521295
0.041690277823871955,0.03901186765560365,0.03946406135696069,0.038587281296341217,0.041040531783721274,0.04256421453715476,0.045571398834965304,0.04680266873968418
0.04137464561030753,0.036494116719034575,0.037861335037443135,0.038441519825138354,0.04559246726620093,0.04182609169286261,0.038559049114320516,0.04677887837118424
0.0330568308012599,0.035431245077538115,0.03748009084623181,0.03851860548061856,0.048117283641333636,0.045829146236623396,0.042294645034931494,0.05097869705891892
0.0385101414595894,0.040201951481813394,0.043801849593100524,0.034402165859086196,0.04251708492297439,0.038721828012201205,0.041646372064728966,0.04664373013941958
0.03831544205609241,0.03795681171052213,2.5450919739355064e+59,0.034677204046568114,0.04052609983388499,0.04122902803244639,0.03883668407220875,0.04588455593391084
0.04076710519200627,0.0420464851324681,0.038976532171194254,0.0371716889064702,0.043490149518218606,0.035422757909163834,0.03764225152604821,0.04095124476901978
0.04124179104810384,0.04215714053892568,0.04239469396339663,0.034717895441564436,0.04816580622035763,0.046768792374284315,0.039745584753226634,0.03812926978514484
0.04030413707572599,0.03743574632749087,0.039093888113765435,0.03455976443642115,0.03646777983872518,0.04445572605948341,0.043919938834930505,0.036536688060155094
0.036096813651732534,0.03409791619533621,0.036588159392387375,0.03240310281175097,0.04679437890308294,0.04363723509014868,0.050262521172216794,0.043279753156902474
0.03882959785932408,0.034938788510760974,0.03943674221120936,0.03705685552201571,0.03914380007649531,0.04468592496000706,0.043542035012589256,0.03925802719756377
0.04144985192179689,0.03589103928440066,0.04399372432675375,0.03341476896653426,0.04249448251372087,0.03972316835428192,0.04030392581290469,0.03959430212795816
0.037668975042807515,0.035876433490479455,0.03588450146327942,0.035202773122766914,0.0431249529306103,0.04520254838364068,0.03919693918219061,0.04448160240539456
0.042121381765383624,0.03636228350260889,0.04747947257048027,0.04114164602426369,0.04407657170231606,0.04332857189008786,0.03927029064712973,0.04641896314735048
0.0401715844395943,0.040949198223609325,0.04090323133167012,0.037322811864036735,0.04613171281803244,0.04355421062230919,0.04356898882915751,0.03387011790444827
0.03712350894080093,0.03947768639715006,0.04233058203498648,0.03610281405919872,0.03965646297980457,0.04747692169281125,0.03707213807345688,0.04224884427268707
0.04115554366223986,0.040183375413046736,0.03872808132490462,0.03615014120043505,0.038824902366195985,0.03714599705847404,0.042909824594217834,0.04290451887884431
0.04036580337895611,0.04037511536623999,0.03794320286106448,0.04009776766831978,0.0423704299750621,0.0432223514312821,0.03694705269239659,0.03679029666957089
0.041336055109860874,0.03586731753915919,0.035942809163873574,0.03765320292195174,0.03993330234516598,0.04893987137411192,0.03896646481049361,0.03581873400900779
0.03651606151152174,0.037671804958816876,0.03933861508996801,0.03980148951376229,0.039496244813830225,0.0425932393450584,0.03807214212985777,0.04260275481202502
0.03893219253807099,0.03942732549139865,0.04209590412437802,0.03869636280466626,0.04147612182162752,0.049660884870977584,0.03721011232682099,0.03922562326292893
0.03893927327725431,0.03586126437893287,0.03946474862939207,0.038013020127520114,0.0393494612738996,0.04413045968325485,0.045634740035087225,0.046186598754557336
0.038256677025881376,0.037790803484382206,0.038759573150311415,0.03747372312194551,0.048788339316564185,0.04364436073648592,0.042695841531938096,0.033925174157532774
0.04300495121954986,0.039376200221485545,0.040802507431334345,0.03744383341674295,0.04309038262860348,0.03958351481103876,0.04740053064207757,0.04253604239143137
0.037924093554191615,0.03558290073789781,0.03527174101452667,0.03368030455929541,0.04233995187897917,0.0455161707729543,0.04046536842533447,0.039189234264983795
0.04401480183855577,0.03745819191090438,0.04007784223526998,0.036977760010117676,0.040662437003353175,0.03644025882996339,0.036425058615680996,0.04402645636747174
0.039000395949535326,0.03505985934648313,0.03795439883589369,0.03862304210824271,0.04289734102362983,0.04584951469737645,0.04437229305553069,0.0361292407432187
0.03641287729445835,0.0369979889342782,0.035928846177710784,0.03983438957310106,0.03981007628330445,0.03989911683244329,0.03886769229583466,0.042237842156131813
0.03891771640520097,0.042559643985631,0.039676164390368696,0.03888507997328434,0.04274478134429051,0.04285340205274736,0.04279154358043369,0.03426004864194203
0.03765716593968128,0.03437140320093093,0.03748157457934329,0.035769764455023396,0.04198225712518924,0.037307547860553986,0.04224386149338615,0.03494784157252684
0.04256765901871427,0.036169081226079466,0.0432494222997706,0.04114974690717591,0.04779328747057515,0.04169676458385002,0.03669184817123702,0.03384092580538963
0.04577842469744185,0.0381783912831658,0.042351060936677565,0.03513346900741769,0.04745230737312465,0.043257058512791054,0.042723262544022575,0.05038806170465256
0.040286036572176984,0.04022035982940222,0.03819753395599852,0.036591077681714504,0.04212875454342923,0.04034865290257091,0.03622495643434234,0.03869626594486786
0.038144610510729295,0.03774083181001531,0.03866076618518824,0.03296862835161506,0.03802709199544801,0.0442986144837403,0.0353644267069052,0.04397932458107867
0.036865769912647846,0.03716856319243021,0.04131056919261264,0.03540728918651352,0.04040949451150576,0.03870292143261492,0.04297205967120521,0.03938616755432556
0.03674227157863358,0.03594666962117554,0.043668636728276256,0.03597421255317783,0.04965621570730808,0.039041863213536775,0.041418750308681467,0.04217158718664063
0.04153874653448375,0.032600464464498,0.03637773235423138,0.0355180068894867,0.039493754786180765,0.03840315863145368,0.043582832801048195,0.041310148160078934
0.04013271101781238,0.03747204652554652,0.03865652063950125,0.0344772978543635,0.043722928358806624,0.03604672410930967,0.04364523913938668,0.037296314754021107
0.039587561904579724,0.037360356219220056,0.035605910508313625,0.03545926741194084,0.04016770676038407,0.04199193213533323,0.042653136572604486,0.04125081759326184
0.03644132485381276,0.03202476907879766,0.03520197835650174,0.036083291950138145,0.03723760492363407,0.03936232005996456,0.0339927247698535,0.03839105329777792
0.042442526510870604,0.04305396287448316,0.04213002333039753,0.03175124549295381,0.04830865784265629,0.041720942989360826,0.044768331627489645,0.046626036959116525
0.03561962194021247,0.03716036101803767,0.04085326740904749,0.03356432526663199,0.04470261543926886,0.0397857967292061,0.038981527703325414,0.037602037126553196
0.04024300115345403,0.042977255490563575,0.03945280159417185,0.038205097613829175,0.04853333249304001,0.04529170601638919,0.03947526980395969,0.047696981576260705
0.03751325127711239,0.039315563243240606,0.04320201029365991,0.042240122770346535,0.03987233278126921,0.040145066561934103,0.04059848340579226,0.03835297686464023
0.03778825877471456,0.03400674020010961,0.038896514863489697,0.035457548864214795,0.040227063977916935,0.03590909713791015,0.04113864885453695,0.03784745187431049
0.03927231795917014,0.04262826441306459,0.03916975351784407,0.03663060158888879,0.038962020172396285,0.043166120392532106,0.041509250849614925,0.04327499524009105
0.04063417846528722,0.033483652081429435,0.03693706989586481,0.03315558788332618,0.044197134178982515,0.04170443596675225,0.03499442963661827,0.03697933786148158
0.04355611097593445,0.035477124184109025,0.04231512207912531,0.037481038137697854,0.04178028914226517,0.04948242330146375,0.03619956886654877,0.043398088404457684
0.0397198226600683,0.037785396955474296,0.03789558012979138,0.036195971723757554,0.04873593692329607,0.04637953862973943,0.0403950176645976,0.034939916728557154
0.038795396820551005,0.03920274204827569,0.039329420033818945,0.03503265754199939,0.040900949710671576,0.04176697666092815,0.04401818636894364,0.04115573873991047
0.04308881079163967,0.034939044247916044,0.03854189567142248,0.039993842929432234,0.0392812822643903,0.03454240835802645,0.03337851379342098,0.035171693251465554
0.03816219337553883,0.033470915153916335,0.03754415148194079,0.031891231587975244,0.038474864557486686,0.04550974735838271,0.037951200955305825,0.04009733934461071
0.03537279030139506,0.03028348037803965,0.03855465527504109,0.03380360580463189,0.0436744507512326,0.03971885762369992,0.03867780028098777,0.040151456262302085
0.03794452784410129,0.03795688035502928,0.036076127240486394,0.03936436395556234,0.040687085301651923,0.03957891819194902,0.041095809266900304,0.03984161234611125
0.03997619709277407,0.036469179804837666,0.03934852712180653,0.03614158472357434,0.04207292376038719,0.047684867775757686,0.045605530586978596,0.039847069926638334
0.04437014235635761,0.039570546388258736,0.04016358547341427,0.0370173802747321,0.04614108058831433,0.042729065223357385,0.043121467622485934,0.04146819713246405
0.03496171650887373,0.04059558177353541,0.03539106627116578,0.038026429429122065,0.05016088416332144,0.047511393017306176,0.04379552666879009,0.04200062771866842
0.03601414043342315,0.036116967153355765,0.0358357864578701,0.03670423532656065,0.05411648269104108,0.03724525522905734,0.03873174711594446,0.03799635548280881
0.041771552098151074,0.03728623882325744,0.041219613482723294,0.040127110489418014,0.04306279598571527,0.04157409277797279,0.037338619610349184,0.044065000117414745
0.040901481190085666,0.03867944534472444,0.03991576776335587,0.04031072435777732,0.04437730194066278,0.047246699906978024,0.044967035374173625,0.047147880462154394
0.041374248608429504,0.039575887977705684,0.04496905516671796,0.041394576348532046,0.04568073094936229,0.04151667382381618,0.03330326673922238,0.03285470901733031
0.036141731575894225,0.03983952542855676,0.03706764772954711,0.034620351859132384,0.04745217743579402,0.03956420844168295,0.04218885552753988,0.04134454078127546
0.042390527012636764,0.033558004787239575,0.04063372436336392,0.03521500541667696,0.05012647129676682,0.0397056094645831,0.03966127248011389,0.05129376297259679
0.03796048021806776,0.03537101902317235,0.0373696339066034,0.03630239877228594,0.046035280622736825,0.04295341645574301,0.04532986887407806,0.045144879199522404
0.038964553875848955,2.554262366725609e+59,0.03682676160500449,0.0377256517753005,0.043295394822690736,0.04045481756134665,0.03953863256924985,0.039015132186196795
0.040622093559197235,0.038572733189378774,0.03636610699102324,0.03727323002763104,0.040454039516391836,0.044031732358715686,0.03601351140826993,0.04085727853355236
0.04267558205338283,0.03953923713295074,0.040030751522913015,0.044549257643115146,0.04770082745766646,0.03990421711815624,0.038175677019956326,0.04898924612155577
0.036904370159614105,0.03811899006838107,0.04032876135806913,0.033943826718735665,0.044654081593841335,0.04223083740414675,0.04056379676225104,0.038255816400205325
0.03908789947318824,0.03851543758178079,0.03398573834652909,0.03388925817353146,0.046153516015801914,0.04538060751628963,0.050065170201495486,0.04648564073060791
0.040728627130197696,0.03728250526914519,0.03824683650439563,0.042602998174694,0.042657967752807426,0.04275025371171384,0.03411301351001061,0.0327518341853243
0.03964011738533009,0.03564013241449437,0.03956153742222066,0.032516087833677695,0.04475806441021904,0.04030708622513974,0.04378131543707944,0.04617522957583893
0.03692238674899635,0.041143394794846175,0.04424527859357975,0.04086688926200468,0.03935218419281531,0.039136433567276474,0.04462481716354675,0.04847643364792552
0.03858568724774462,0.03776032288060747,0.040120121365905134,0.042968837294706325,0.04528889246378476,0.044917443637099805,0.03966396755887163,0.04200207294704459
0.03829762907798494,0.03382450542371167,0.04177359691224495,0.04005467846775955,0.04818134109907944,0.04206284159683106,0.039863846856561864,0.038847970955896295
0.03930378538508741,0.03467551328283905,0.040414772840287785,0.040136156934456116,0.041753258248659005,0.0461347843572188,0.04308187900835619,0.052309713007333065
0.04243928259646807,0.03843798797144354,0.044396420138815396,0.04156323895370779,0.04228106672999579,0.04375778868876279,0.03907207786125924,0.04156864190167511
0.03689489417484502,0.036122472005179734,0.0381139543381306,0.033710287683962226,0.04798313133334094,0.04083489888109534,0.04393025244551976,0.0355394947021208
0.04072856130766587,0.035013850223336,0.04415508210892163,0.03896679869248822,0.047773734642989195,0.04941242238447912,0.04372353262456603,0.04678971662933617
0.04137224039393715,0.03453492768589017,0.04151658136831395,0.03661860218445091,0.036724982631211246,0.03862888525142455,0.0395686983133066,0.0382585074436823
0.03888675359554278,0.03611159692023291,0.03517644819510205,0.036157418870867604,0.04439014230458398,0.04346225483405297,0.04132752443641906,0.0447686783455003
0.03859176643110878,0.03777264737779048,0.040921460543266376,0.04141900677981289,0.044766402612274214,0.04274668673231145,0.03691497894069861,0.0400257870684468
0.03782908803990784,0.03691612692807826,0.04104577486730221,0.036413452799962276,0.038935441560932225,0.03806013269165395,0.04266823355656969,0.03730818717662722
0.03896662277487913,0.040297082232613156,0.03607554987404412,0.034963111181052726,0.04087385939241679,0.045594374654974214,0.03585969025613634,0.04418680309394884
0.032928886598466545,0.03268425576796292,0.036796098013312704,0.032908068325644003,0.038705094579933944,0.05058773360961701,0.042325136424426445,0.04171423477276008
0.041022386058458704,0.03900832459803765,0.038300896681045096,0.03776483116231621,0.04263878250347022,0.04521722024689684,0.04010812541065435,0.04271481652540524
0.038226794811053975,0.036938529193504994,0.037075545948930325,0.030533702287614605,0.045565761673634714,0.04016631254638487,0.04278385174181237,0.0404400578958387
0.038155907833312595,0.037600392782627154,0.041019619745796876,0.03737837695111911,0.03562074960258325,0.03907864339281959,0.04112563837620457,0.03878872611876501
0.08001202946942029,0.03414250843698247,0.037313450243411934,0.04025294971080767,0.04033788206532858,0.04003216765814697,0.04118357741072463,0.041131358122776025
0.036948718672952706,0.04189864410560779,0.036004651164276175,0.03612715309915313,0.040140755038365304,0.04596237184724614,0.044386856480923144,0.04368069945358834
0.03585439124076247,0.0336258374420988,0.04011332234600364,0.03390565808484329,0.03925325688580344,0.036721951855044566,0.0388841882303258,0.03611085279875175
0.04092335767199447,0.0376907496915752,0.039447113103142396,0.03538764220320321,0.04062149422154867,0.042090568586863726,0.03921187542976373,0.03504204003871614
0.03831869258018988,0.0371444868868808,0.03787304258144753,0.04000328791007949,0.045234991997909056,0.047683618345464585,0.04680698099688139,0.04335687194049264
0.04208382539449114,0.03719012500877662,0.04446818461167395,0.036374424666408715,0.04529510814453476,0.03881705112792562,0.04115576059874404,0.04880070953235057
0.04153258078958039,0.032675502099906245,0.035380623056769894,0.037965112932928945,0.04330968531235734,0.0408725536061274,0.043656208892178125,0.04001354099724529
0.04029844334160787,0.042021349764802145,0.03890826236132011,0.041470702225570484,0.040515799446124906,0.040357050375194485,0.03731324161038188,0.04055871388255583
0.04334504704464431,0.03838744431360344,0.039283911774446616,0.0352992340689906,0.04141197372431821,0.0367352430908179,0.041685949900780256,0.038823239483277296
0.03936479750143231,0.04184535107502623,0.040604961784848466,0.037519221760513026,0.04024994024135415,0.04357108847408536,0.04318417580311518,0.037909874045883966
0.04327772632644797,0.038473561002980786,0.040520624136290345,0.037534403149530986,0.04160328449108341,0.04093511726286185,0.045120073614564334,0.03971714552573061
0.03616050833532028,0.03495625037093583,0.03694840362494172,0.03797318698277181,0.039633123523691596,0.04779106153825262,0.049195710921977207,0.04507428798100277
0.03849164672073959,0.041966837711342665,0.042769279815772145,0.03769624090889845,0.04139096502322468,0.04090561758814064,0.039699152946491435,0.037950612403702
0.043540343278320404,0.03856556825193442,0.044669260800191256,0.04264859724230926,0.04139738673791352,0.03970182928543782,0.04045670517120734,0.03393563534856057
0.0395955303720786,0.03460990958732902,0.03682545328188715,0.0353577596957773,0.04589480813630911,0.04266919681946714,0.03889878029146964,0.04053515772249452
0.039694019465224474,0.04381495150371558,0.04600245192024419,0.03801260119368448,0.04317094113014075,0.04509827917216718,0.043072302146856443,0.045651390811791905
0.03757905132727325,0.035658696416272485,0.04030896307293325,0.03414643710721319,0.0407616386773114,0.04016224386890258,0.03415395015714943,0.04247126336338922
0.04039524011958142,0.034493115783193785,0.03988000368137567,0.03049639441136966,0.04503999605027538,0.04708980820692176,0.045940089576415696,0.04494052300918338
0.037677197093987126,0.036089581613066385,0.038755862548462555,0.03593247448750018,0.046548756063231625,0.037239846752697724,0.04058374382018941,0.038471507892379755
0.040653421839456,0.03776194294667502,0.03859557149504548,0.036375644606163604,0.042674892158948007,0.03632035099689448,0.04124647798155062,0.04126106189579216
0.07583512860968337,0.041256619350247895,0.04535803859268337,0.04076095259487356,0.04194603633841205,0.039883577895107596,0.03872342639396776,0.038085988222289646
0.03511152251400936,0.03588652140115249,0.03721299590718989,0.03507932828262568,0.04728731722064563,0.05316051828310611,0.0463939193384224,0.050598211875209374
0.04181004577072661,0.03831935542751815,0.03861208038395759,0.034170032521253585,0.041909701555834726,0.04347389316749758,0.05019572513536793,0.04085310487491166
0.040102449626287,0.0340334227087445,0.038724656352431656,0.035600322049880354,0.044379666802807825,0.041012214403847995,0.03678353516769162,0.04266177040134595
0.04022725753473029,0.037959030962876054,0.04062424870931028,0.03855917620438334,0.05002792788486828,0.040130926604666724,0.04828602466040138,0.048299293348877254
0.041117369404745696,0.03898356729074011,0.039192917346155126,0.037217606099611625,0.042721350219441484,0.03705589912948867,0.04043425338205887,0.0423256281542057
0.03933494855361133,0.04117794695945613,0.03466533278609685,0.0411800880457591,0.04385839387219445,0.0418634322222624,0.039766159605894004,0.04366303934020097
0.03402525601976202,2.554262366725609e+59,0.03641398435451605,0.0334833734804259,0.03782172935529353,0.04258087943299509,0.04220621803674592,0.0451606121258356
0.03728073036149036,0.033983444825868056,0.03853093465623512,0.03866183504348062,0.04375816358445339,0.042525561982503735,0.08273938007010986,0.04379458919881566
0.042328286670518196,0.037724002214927436,0.04109047117008071,0.038523771466113625,0.042591890735278554,0.040717767011132354,0.03664544087510432,0.03590217437221912
0.04182725956741562,0.03653856249222223,0.034823330698999795,0.036270772900961486,0.037531490969173235,0.04312788603766375,0.042871911275539756,0.04241240882579922
0.03697200585913318,0.039779923695459775,0.039115320312390366,0.04078118974823387,0.04240436851115505,0.04144026180991224,0.04365007351567247,0.03852156923893742
0.036058574265441165,0.034790132088939045,0.03688155299627705,0.029100547746636108,0.040319369530208204,0.04172504756741555,0.03606646353980399,0.04749279575483995
0.03573913093576363,0.04232015914196023,0.0403796638730159,0.03445412774740702,0.041591249933885174,0.03917011286447656,0.034040459949300945,0.037344721536528305
0.03686718615752802,0.03361502423132635,0.03724508916759794,0.0333473430011922,0.04060909124538432,0.04025000463765851,0.040583199081427365,0.04506164834476373
0.04113348573481859,0.0353224799284814,0.03993402732269263,0.03922851837871079,0.046373986817533734,0.04256769435916278,0.04494755828550297,0.044554186508734474
0.03817882459239334,0.03707630805469397,0.03974038410808678,0.03520497260955672,0.033203207464242886,0.034673454353186764,0.038280019385294364,0.033342654032240224
0.039388772098372035,0.035840346504247854,0.04078781212605617,0.03668741242354359,0.038216208615661995,0.03125734803730904,0.03797463205036354,0.0306611884762254
0.04151803368418783,0.03947682226790286,0.042430596106244965,0.03675234394140962,0.04413138303245132,0.0412476580574703,0.03480244584585314,0.04487589919380563
0.04195913289725987,0.03641994531593383,0.03636288918731231,0.038699900106458504,0.04164848379384916,0.046874819553398506,0.03561627444596916,0.03935868410211987
0.04352082980610183,0.03842609695204305,0.04030958579434283,0.038476898929527166,0.0381950000269013,0.04091927918311965,0.035184807754978745,0.038247752969735864
0.03888627984690645,0.03310273409877075,0.03417638403388986,0.0341654746628167,0.03868397628230485,0.04281707828307557,0.041440182642386095,0.04172345425896974
0.040265244818470686,0.039403622213827025,0.04391819752468189,0.03774228676987543,0.045924258841239386,0.0442996776384441,0.04394599873761176,0.044175810631975274
0.0421723806660294,0.03516746200986798,0.03550476678269113,0.041477940232498074,0.04034050978828435,0.0415932452845006,0.03735306637261094,0.04265070576057055
0.036443583674191246,0.0373897341752665,0.03698540804757386,0.03739980595872509,0.04347226614811222,0.0407278067574645,0.04264472828704454,0.047193184940406085
0.04036248259988058,0.03910491131334947,0.03687412269270549,0.03668944602440008,0.04320026513569021,0.048119367325598975,0.03873155307355926,0.03507951288972008
0.03937348657428854,0.035757650001115485,0.042039464438472826,0.036100075032555655,0.03741734529668035,0.045373614669729306,0.0397295671004918,0.03360296411941356
0.04163869913005942,0.04009505230976498,0.044409590664201457,0.04273119774893739,0.04887736674847523,0.04080685923212367,0.0493412559863941,0.04389879318071827
0.040490628783936305,0.03944835212600171,0.04122342373472324,0.03893711499461338,0.044577304733107934,0.044296280176962265,0.04492567755798128,0.04254496558109646
0.03863531873335908,0.03487027057660418,0.0366791560790642,0.03843639621379558,0.03471837010132869,0.04137158780894676,0.04405959466133239,0.041969718554169644
0.0379504834796841,0.034107978220020894,0.03649356595674595,0.03574067132903705,0.04510166463071446,0.03968153188837244,0.04121409738065543,0.040246561958435866
0.041564164835053,0.036235383413917,0.039285463099258434,0.036776193650038626,0.044042739097596345,0.04023013076167051,0.04115805261079895,0.043711377701794826
0.041662999767981386,0.04053045839087565,0.0413801121789891,0.03743281031173744,0.041970674510256746,0.046307908179659026,0.04132401508578408,0.03901556189485348
0.04178879959591001,0.03745817616051758,0.04144759196746134,0.03817180753593797,0.04435565866704284,0.04588208474770732,0.037187863542328156,0.03781954345950483
0.042340801238665286,0.035971109871408224,0.03820201525096725,0.03776636091361091,0.043105590657251266,0.03752820831804361,0.04341342884653395,0.04039998911358778
0.03690273934592008,0.03641299947405762,0.034740947015892754,0.03657193082407072,0.040792407088919326,0.04141839095714255,0.040251954243589086,0.03640474603519967
0.03991055398884457,0.03371531139453642,0.03680267361476316,0.03189568464919498,0.03981411641155355,0.04001394936139774,0.036907799225067886,0.031789438646710265
0.04069264154066412,0.035573476254626174,0.03974135081589092,0.03532661685912138,0.041517861796299814,0.043234492781424695,0.03759407228082817,0.041808396989243025
0.03761980059082837,0.03972041647894677,0.03869230761391448,0.03951870851386951,0.04061740406807949,0.04407029481218284,0.04317139289480993,0.035424923081007094
0.037644795902397284,0.039732142679649904,0.03658506204042616,0.03746231109333727,0.042423841180560494,0.03799778476608696,0.04514840298592638,0.04066454361294354
0.0403460390517737,0.03503185256150379,0.03875262111793615,0.03267247082305926,0.03867115309264345,0.041007308817891254,0.03730262574143862,0.038841515614599365
0.03884303898932993,0.0381920710976375,0.03965497704992081,0.03799932931990556,0.04097794793381863,0.04105978325124608,0.03927012808366808,0.04496680275515354
0.036158818537716284,0.03560406783807616,0.03894083791077227,0.03731340547136775,0.045430812627364744,0.04296321051335432,0.04613433828976471,0.0359167453654955
0.03467099902048814,0.04047706758825724,0.036374683652830926,0.03307068208230691,0.04252796169765724,0.036680728953616445,0.038583152470368934,0.04228603463072834
0.04107005437419362,0.03781152958732451,0.04103750603705259,0.03259905933274127,0.03978996007476654,0.03721011495397526,0.03163902004360896,0.033322725072809325
0.03753590862677204,0.033396808374924106,0.04122615470385309,0.0347045558775144,0.04066775892825966,0.04644071637061641,0.041467089541441404,0.04075376979475348
0.0427858280891466,0.036916293425924,0.03942742340618633,0.03208963677978433,0.0355994762842695,0.043572981944758296,0.04222354544443904,0.03755228450900267
0.03915651484259995,0.03930626884521586,0.04239020476807761,0.03831996980556407,0.0413785467946962,0.05287492542950195,0.047325848805139674,0.044307586798686106
0.039669144382585064,0.04176548351487609,0.04004681613044728,0.037265356618252955,0.05012995279676654,0.0385307415320185,0.04304916235314107,0.04574257208096197
0.041342935702067464,0.03868726457631561,0.04490740391997437,0.04069464974382732,0.03935998959664398,0.03903921459733143,0.0319008692152759,0.0417439609049959
0.04169030454793028,0.03700936345125593,0.03557663152340653,0.03685856991314347,0.04364075365978163,0.03916021782799269,0.04860384223573229,0.043934414049200225
0.03678223415007424,0.037372872342778286,0.04031693940044697,0.036302148195011444,0.03953552200920091,0.036731301833901595,0.03936398967165563,0.03815230745660968
0.03788901577859436,0.034230207016042326,0.03627659069689112,0.036986459017649354,0.042338415043642864,0.047192104649787625,0.03887446569415506,0.041340988439640125
0.038236097841232254,0.033355202571423354,0.03974322434059838,0.03530457317515906,0.041887250231512164,0.03899611266814332,0.03834577914373183,0.04173940173269492
0.04281004519130526,0.03732676260723312,0.03821614139817939,0.040713670062219307,0.04246004360424635,0.036486178831310605,0.03727459946405065,0.04792046553662934
0.04028305557907868,0.03348212153234502,0.03666351383967716,0.03637706875216984,0.04015467301559705,0.03896230651330232,0.0437812930854025,0.03773714592396939
0.039671729817978583,0.035169078094952545,0.03857419845582537,0.03996645636045031,0.0430819622230451,0.04189824654663663,0.04282269119348905,0.04383464952954172
0.038203308940871254,0.042198643976015304,0.0389387628534561,0.0382933296513749,0.047414010225041686,0.03989792018579527,0.0457820675873469,0.03162437490607148
0.036968720745355066,0.03434617331292718,0.038804656942014126,0.0348691632744284,0.04038370486697094,0.04739556855000029,0.046857646737560904,0.044244985824107255
0.03731324197644873,0.03768546752616281,0.0338134084309741,0.036342333721079055,0.04379524240957586,0.039037271263140425,0.041291659134790236,0.04665907301915577
0.03695880413219537,0.036315756872517396,0.0396573434513008,0.035992375931881634,0.038895878866170956,0.03611428573338675,0.030249616840762956,0.03463013821168513
0.03846532521802239,0.03417841284043781,0.040705553486134735,0.03102488086476995,0.04025176900909357,0.040445048429467396,0.04039141982447996,0.04505297380349935
0.03939885932741541,0.036482924604487786,0.03609252781947621,0.03337912961360252,0.03962945014574646,0.04203314909923981,0.03636933649029318,0.03393785546306969
0.04072059937843961,0.042138270114002854,0.03757767236360695,0.03342488966028456,0.041100932023788284,0.04306121307609257,0.04559923988347132,0.03679810656624981
0.04037297231673749,0.032683246993341034,0.04044510345900125,0.03110064735080089,0.04723652166376769,0.052240403829245906,0.05246193736718786,0.04867271535451772
0.038412905988743494,0.036347883320288585,0.03828483004596692,0.03311247711778219,0.044948238250649995,0.047390993528204466,0.041758795737024366,0.04530376872489449
0.03764992799512071,0.0348287389336928,0.03660447290691171,0.03353364666343967,0.03820828016546078,0.05080587211989355,0.04070067734845286,0.04399762969707921
0.03207587431846944,0.030717311367730576,0.03848178653577364,0.031790835535804376,0.0424289332451545,0.0452658913652881,0.04063142367715163,0.043487782071492696
0.038806826685458616,0.027907979741354214,0.04281897760113574,0.03309843819747715,0.042026132625428286,0.040383797750396716,0.04045061117935689,0.039424660367222024
0.03953332324512613,0.037816238049708996,0.036804608939800816,0.04012433011415109,0.047380505127880265,0.042566977110424495,0.038493547343242805,0.04027864107305425
0.04014285068331474,0.03621213976429702,0.03527575735665756,0.03278059349331663,0.04830542813490489,0.03947488116771763,0.038231698755946765,0.04211471065016109
0.03842685922767789,0.03898635972376952,0.04127899292523987,0.039276346807798346,0.04280815905912953,0.04838075421036364,0.04435201074492932,0.03131255101345902
0.03911352072087704,0.03449606283087713,0.04079533084517456,0.03523372797584381,0.04493887096946682,0.044542966972691875,0.03943730724964406,0.044852836172025665
0.03757628340728932,0.03612352972203143,0.03901551212415885,0.0380748119653665,0.03726280534292506,0.044588580535660546,0.03917664552193274,0.04414028008234037
0.04049678341892601,0.03664168100058599,0.04049395757405211,0.03960050519935703,0.039577768320691854,0.03837371793953883,0.03565066698469986,0.033442416182507144
0.03932188944103784,0.03393450134422455,0.039350326894691326,0.028712463955462026,0.04235020054954289,0.04155854217355585,0.03812495696617699,0.04359633001974817
0.03691281797596496,0.03777114008814177,0.044187363410126246,0.03467004575182717,0.043340403669471506,0.044899468698792744,0.03709975627840482,0.039593107258191124
0.03798013602820534,0.03415132670269266,0.04423653713299305,0.03646617541703804,0.03810122456323337,0.044520925856173336,0.04159800457592541,0.044188974568580064
0.039249381426904616,0.040301321582967835,0.040118667865531386,0.03590247762823661,0.039215449973755305,0.04160375483773783,0.04520358386471658,0.03972822741694307
0.039067970163661855,0.03764264308579613,0.03773452665628279,0.03643336635330963,0.03931056508200204,0.04610353726360417,0.03916044436166267,0.040136035232734096
0.03925813645776861,0.03474199090530123,0.036006072581665535,0.03251691507539852,0.041510028204157084,0.037380582184471545,0.04219206489883169,0.0456309713567139
0.037921995029751875,0.03569737715737235,0.037495466007714556,0.03478631560306379,0.0380782093762443,0.04067218257374857,0.037183429597281374,0.03376765974658285
0.03633018529876591,0.03096051672324575,0.038217634309999055,0.041906006973585534,0.042005307299646286,0.03837172866504967,0.04451559611627154,0.03906783942142763
0.03788128793654629,0.039973187597549496,0.04261364598284912,0.03832214404135259,0.04420394149649598,0.03419161282662564,0.042384789747294566,0.035749798483841216
0.03540566462767927,0.035753166639655255,0.038609800408207225,0.03784748234359094,0.042907576133030624,0.035497580356192354,0.042199069333747063,0.03153080363306378
0.03459468465255597,0.0339866750723582,0.03663109891752175,0.03618918276935577,0.044974173933441726,0.04167065846025829,0.042513430724252184,0.036215205940198336
0.03855774066031167,0.04079091150665014,0.04165548090584131,0.03945862410346742,0.040625160448445614,0.04043946046101278,0.03472819247650346,0.031309387417288816
0.03490769862721397,0.03566504273570032,0.039544261930540336,0.03693578793605728,0.04047838202590192,0.0424657783492507,0.04013030368398139,0.03732932446845601
0.03901672437613967,0.03763092154501876,0.04076799965257125,0.03454461077959909,0.04300188678517924,0.04328049882850328,0.04491991002396598,0.03892583598030103
0.03785368613701904,0.03433425461044353,0.03869542213452471,0.04042838334644808,0.04018889826157569,0.03816374238420365,0.04633620948537495,0.04045804224088612
0.041326769899799,0.0353197333422858,0.04168758910341583,0.038568893315676714,0.033943557525944315,0.04186160953828622,0.03326554933947981,0.03447038131341205
0.0452915466182515,0.04443434028117879,0.04244037371319043,0.041953490793031595,0.04213123173543529,0.046861265157448616,0.035232089083673736,0.04539337081711273
0.03824524769253969,0.03419083465399782,0.0366108648389332,0.042628989705220194,0.0477902606627983,0.041282720453583166,0.04217781602343753,0.042539539229699504
0.04068449146640203,0.03396963358670803,0.040681032432269636,0.032994482292481545,0.04334119822815068,0.04096776667763861,0.03508276580526119,0.0440529867685131
0.0423179168374786,0.041040942830988504,0.04189816952212671,0.03578473178394571,0.04436545610910832,0.05460670291780045,0.04086834065391407,0.039663282006026666
0.037667840933370694,0.03365003537508943,0.043333760080920464,0.03529945289292211,0.039926080589785556,0.04169026135612082,0.036440844955853244,0.039055914644777805
0.04086908487386005,0.03935734275096711,0.03818203066009294,0.03964718797792438,0.04473315696746279,0.044256875404538876,0.04293768721734851,0.042119427144115984
0.03736534457450944,0.032725944413081215,0.03644118525295371,0.035598086416002775,0.04483887953449343,0.03744636830980138,0.039702847824079464,0.04676891198699193
0.03828887123595561,0.03489205427140694,0.03727604649091515,0.036390291240480356,0.04032917086896707,0.04076464282157916,0.034402583289643074,0.04902309056280345
0.03797109432022014,0.0385334666708487,0.03973856400359838,0.035673336204359654,0.04413251800341877,0.04135558168497773,0.046598221581051986,0.038325897946340524
0.0378289037487862,0.036907566338664495,0.0345052359117007,0.03275543023883008,0.04351936809567496,0.04366352020378409,0.041364574002070525,0.04118588893850638
0.03564791254095413,0.03078430716243982,0.03782360772946483,0.03423502550883116,0.03433734610042948,0.03427667614986702,0.038348007197926436,0.04033686931985638
0.03513557714661744,0.03607685473368488,0.0367603831686028,0.03777611805264001,0.04707803303424884,0.041133502733665776,0.045519101480669295,0.04671525135508242
0.040454655187073994,0.03597755880150862,0.03687066535201825,0.03629825221666508,0.043759741326695675,0.04177445400683177,0.04072409584508317,0.03757591599755332
0.03987577997982816,0.04094708179142007,0.03953957285493495,0.03652229169327948,0.04209702732461531,0.042752787623297775,0.033223002781783695,0.0341273636876205
0.043985753877831504,0.04060647551643207,0.040579056473767916,0.036797635240540805,0.04374815464657704,0.042644534418136766,0.04251334846685274,0.0405268969829079
0.03897770388563266,0.03907093857926234,0.041066566985523266,0.03447535857762784,0.04413290989320292,0.03993881233077268,0.043340605900168215,0.0433584933762487
0.03943561239319812,0.03691058332052285,0.03631089538593549,0.0383456896454938,0.03590995848837395,0.04843732273271028,0.04405865493794848,0.04095036399101049
0.043946499888759975,0.03651498140288939,0.03681905079042018,0.03608501103871853,0.04271733983437581,0.041453531424430874,0.04230112969277739,0.04199271679174452
0.04455654690269488,0.03324187602229037,0.04070204062658732,0.04061476121887609,0.03938727327659753,0.03737689613523769,0.04321520194621513,0.0362681582145683
0.03959495354488341,0.03433356604507439,0.035643997647786634,0.036366706638649694,0.042791957211639,0.03619023535547098,0.04419472797329048,0.039056974879692175
0.03984116500674228,0.035209469534260886,0.036481471432279845,0.04306857883806936,0.04495329706786554,0.04868591455526951,0.04021860493747212,0.051910246870032255
0.04041981384418625,0.034785758550217344,0.039479089979763494,0.03788668813148161,0.03861206191395752,0.03713072924895973,0.042363274016992844,0.03175127829292312
0.03870538808199292,0.03624268234132414,0.03621382018719265,0.034490577721331725,0.0446197708498668,0.03679943288324419,0.04025053196913689,0.045581112262006125
0.035625685765178945,0.03766234050627847,0.03621945976078692,0.038511469286639836,0.04391575008386257,0.04482466291838517,0.040840587430141295,0.037400386422476395
0.039753900595181996,0.03701213304744728,0.03516821511497073,0.03968070180798399,0.04077774395003825,0.04465190466187926,0.04233336485131593,0.04453663909743417
0.04293342387358473,0.04191803096849029,0.04179607160509129,0.04056662641934117,0.043588648836786606,0.04511012216988826,0.04542403322606654,0.04846520827226287
0.04473421359552295,0.036329060826288645,0.041226696490669616,0.031487248300371494,0.035508162132011765,0.04251207683921093,0.03472381094081179,0.04542079702676834
0.03783313348737516,0.040875054472371906,0.036853681159278534,0.039390650321127874,0.04232813619305894,0.042094181440146795,0.04115207838980382,0.04138126062970401
0.03839289151784211,0.04105846923067575,0.04132053204854124,0.03965158925283872,0.04507819498930156,0.042034834220439056,0.03750512755631832,0.03744040282118493
0.0368281024539196,0.035723467611257165,0.040575667180643905,0.03767567489359964,0.04524325817377782,0.04348364564948184,0.037756559851364946,0.03843874133578195
0.0375506018739777,0.0376609833250825,0.039012417715910734,0.03703019383756748,0.04166406816271719,0.04636107099362077,0.0430296090940163,0.042375546191510634
0.04142192757087518,0.03926227114880139,0.042177972473715956,0.04016540385867831,0.046254909195267355,0.04416318674154144,0.03947526739553968,0.042752200106816046
0.03793243768959291,0.035072260294378516,0.03783098550204786,0.035984022852654854,0.04411099272354525,0.04125463003211195,0.04113497433735889,0.036532381311252596
0.03545100417995692,0.04002921662252987,0.03923436197820143,0.03231138123014457,0.04479973010285451,0.04530523319081782,0.04353914349177102,0.043790291466443705
2.5419704512857527e+59,0.040425070727085025,0.041450402402768996,0.04195744089647965,0.03352576521160275,0.04042751374796801,0.04246096927624591,0.03867379574702815
0.035280836477287345,0.033988521340682906,0.03930617721739121,0.03484598882619106,0.04559491427222567,0.04175830189592358,0.042407599856058534,0.04374452941205659
0.03679520316594298,0.03939319631675146,0.040695464604463855,0.03514912378230439,0.043768316817001336,0.04470546678193473,0.04267629117493175,0.046717760114341485
0.040751887325054505,0.04165334917933334,0.041212918120454495,0.03695625470792493,0.04448937166201078,0.04915155365922614,0.04417758118096811,0.04110195076632405
0.038119444715769016,0.04100675701734573,0.0393134345320623,0.035755458735043925,0.04642515301198188,0.04195133333836405,0.03850316462082327,0.041355538531496226
0.03812626606985307,0.03433515051742872,0.0354091660141938,0.034157200238963265,0.04094079898244583,0.03958399884259217,0.03643193911198717,0.0388197140405866
0.037036719757863414,0.03672280003108677,0.03909470128797485,0.03664811410617831,0.04467353506545041,0.03733373070069423,0.03358202619970217,0.04224330998958125
0.038512804314060435,0.04252673254596386,0.037078289510987586,0.03919168012672828,0.04246964581277683,0.04740881476416866,0.04711498742670763,0.04386338478761953
0.03804302840475518,0.0377580458466631,0.039930950710413325,0.034265444756711394,0.04285062506302911,0.05142512153283297,0.037452355599471174,0.04379678679540607
0.0402069601864836,0.043373239966846173,0.03610620999679405,0.03534788571247383,0.04939805056034966,0.041754704528561636,0.0448589175240996,0.04280399838379139
0.037951056615949295,0.033631313945994785,0.03547001793056454,0.036481579471897,0.03698382307602072,0.03826344316825386,0.0382994427469893,0.04007119939292289
0.040506722332560655,0.03813924921836968,0.040671099597677694,0.040986765696139536,0.046077177313754186,0.04725283883747967,0.04333874172472415,0.036583690530027344
0.04006049589129469,0.033872354219148554,0.040986171964313235,0.04118686368923227,0.047590719738278844,0.048924152588751754,0.04287901733401093,0.04152696908270464
0.03402159960467591,0.03448015765826109,0.03785623644136369,0.032658674119341334,0.045782290950782976,0.03358991343348903,0.0331673620752599,0.03158399322668174
0.04104810751591386,0.03936722291617875,0.04032487479706766,0.03673809677064931,0.04031894781293872,0.044444429085721215,0.03685986400905282,0.04815272143741295
0.03500052602133592,0.03335347554679297,0.03626014809834566,0.03507496727940506,0.047389133155598805,0.04122803853096259,0.04152249573895972,0.0396885648642638
0.03977325729469641,0.03848356488736339,0.0374093134249648,0.04398008745830611,0.03696185512301476,0.048354278299268465,0.04131688856193757,0.038968313449939916
0.0389354798121085,0.04325693295725656,0.034844963369259005,0.037338476149516145,0.05010958590653699,0.04825425419239164,0.04627559784082196,0.04850659454830196
0.038608217660505345,0.03510084203564326,0.037059753850089173,0.03375316521625596,0.03795779266326513,0.0373350176922258,0.04180716582314739,0.0459890585468277
0.03722321968924278,0.037637040508880955,0.03999152206110195,0.04037576495392967,0.047234279124967214,0.04400951122380271,0.03480516656692327,0.04077851533349916
0.040518223720022895,0.040857819198668606,0.03967990952597342,0.038198756883112035,0.043392084226029394,0.043601920868899906,0.03930207814578431,0.03651592411519691
0.03927461846591016,0.037797137595229846,0.03431668218927015,0.035430079278259106,0.03892296752058463,0.04129972421726234,0.0375615592692724,0.04151324665023761
0.03709372948813345,0.0352931511219173,0.036321894616409764,0.039611248792822525,0.04439852621792486,0.05033294205748015,0.03854244247874619,0.042582800506954774
0.04064109678426101,0.038667781390781225,0.040524939829188304,0.038784745196891846,0.038829122192431835,0.04379871244700378,0.037092518039771386,0.03628343640993447
0.06462387399719786,0.03918543668579927,0.03796738218317193,0.036198099195900425,0.04507093615429548,0.047746353220642586,0.045694870505262046,0.042579554309650096
0.04126327397070678,0.0390518755473499,0.043808118190192286,0.042217949710765555,0.04709944638034172,0.04138051758592757,0.0426841163976953,0.03720715762447868
0.038415490667266954,0.04072877052326944,0.03942602185087844,0.040241591225122705,0.042842898897182395,0.04486472644694959,0.03723222894330764,0.04837773080507075
0.042825585462240176,0.03400973820277259,0.039574139234074726,0.03627921274764076,0.047417864672629685,0.03545447659091572,0.044866985596722,0.039534775390864856
0.03980120186855869,0.03484338478999099,0.04063918884670855,0.039529178969397866,0.04316490499074656,0.042567105696505084,0.04157255843368297,0.03923125531316451
0.03717101391618654,0.03503627527407361,0.037908379298882515,0.03684798197899646,0.048765099514271375,0.044408452761424876,0.048743534155404014,0.042838737716704385
0.04271240873455657,0.03382771475106292,0.03726514562283043,0.039532552330099266,0.036919204008454984,0.038700506358892134,0.03614961594928531,0.03752239675569288
0.03825371386923625,0.031940912558047437,0.04335209763263933,0.036545938446516754,0.03932700731496385,0.040470211138303264,0.03910750513011409,0.04519111796087839
0.03811994908024181,3.576186909339536e+59,0.035968984590653584,0.03498273590078953,0.04352506897713161,0.04100983425358314,0.0402254079119386,0.03984044967461229
0.03752368830791139,0.03712472236860481,0.03699615128345631,0.03282164739582744,0.04571579451667057,0.03825882129016717,0.0391086091112531,0.04243510797418014
0.03475118064057475,0.035374528479926726,0.039155648286569165,0.03944813633172383,0.046090152024486,0.04548965531923041,0.04248179035708104,0.04103741514685719
2.5419525969247216e+59,0.03807511429949386,0.03983997041296829,0.03642931810719039,0.04247824865348856,0.04559397524996176,0.044020051982149214,0.04067148375357411
0.04277950133254012,0.03671863472786813,0.03777716124513093,0.038746678958594766,0.04140616601751729,0.04363475473093459,0.04387774616410982,0.03440133153710327
0.03749942921336691,0.03621956896004085,0.04227714466092866,0.03781839527060367,0.03952092723870639,0.04851770913425725,0.04142587126072768,0.03771722302850773
0.04011568531249022,0.03869935428812984,0.03617200516338193,0.034987929372154586,0.03582352514009674,0.04953930007361522,0.03771983761967963,0.04145678671414911
0.0431029314343828,0.03875710812503221,0.03990377228268713,0.03989757554876375,0.03774667545223806,0.044919901210275406,0.044799746625528325,0.036147725923318295
0.04300099171863793,0.0377274967619783,0.043046676942851574,0.03991209184072196,0.04480489994283466,0.04473479460861322,0.04317515860989852,0.04457837451265095
0.03809140793108786,0.032600988998160586,0.036221767269776446,0.03716985956480272,0.04849149153060305,0.037086467976344996,0.041632717140904184,0.042860849845195705
0.037997207363620326,0.034605714626261184,0.03993401237017966,0.038049362379243126,0.04063997622354189,0.045953768654960495,0.03832920764294177,0.043419989203700556
0.04178141833541077,0.03641959115016226,0.043232725273052094,0.03880108251874795,0.03756734033622693,0.04185896979870478,0.04257472027372244,0.043512130655984464
0.038186878963620774,0.03259938830522304,0.03410333053217544,0.03431211250420767,0.04696498954209266,0.04710954801657714,0.04659897133170103,0.03807389047054301
0.04281600813652558,0.0412233620609904,0.04302484501898442,0.04445944822267646,0.04165365459278983,0.044617715190304566,0.04125162440836057,0.0408189077200234
0.039538861295699335,0.03159773038715219,0.04156691957273899,0.03578123712660445,0.04292909916677681,0.04181629142661652,0.038326723853904086,0.04289670216386706
0.041017797830151095,0.036061696759928714,0.042840970351424035,0.03954264722955676,0.04606517757301851,0.048792303912477505,0.046834873002115376,0.04366782188721357
0.04050560378951464,0.03932992512593117,0.04575522918914333,0.03967759250180785,0.044348830606159594,0.0483030349273364,0.04206886648039092,0.03722505800545061
0.03558629777144043,0.03218999401824658,0.03671556612967453,0.0339450793586554,0.046762005433622744,0.0454614903735927,0.04267396612165525,0.03982647442828614
0.03665437958433935,0.03511323152411794,0.0375107796937256,0.03565079977066046,0.04611799036207844,0.04352442464929368,0.03763485111444391,0.039663709313165624
0.03968359532485605,0.03607794792070214,0.04028434776244802,0.038582999599423184,0.04456041748208993,0.04448809606067266,0.04133048166543601,0.04425125315930988
0.03779307661978722,0.03816297194924532,0.03691387682769205,0.03864930219892974,0.0430818763107788,0.03880657507402659,0.043911485600370136,0.04542883322652818
0.03858894388012761,0.0389880913213855,0.036843902688765105,0.03692866693628417,0.041298407460279,0.047969626585093926,0.04337296409919176,0.04393825213906201
0.038920360343939586,0.04076334101551117,0.043987931081889045,0.03948108698130952,0.037797738495443066,0.03832687801802059,0.03816283461257692,0.030346751249866962
0.0370860922804163,0.03979168412649309,0.038676970297587834,0.035832841279152414,0.042583359231075896,0.04289078550604751,0.04133340947697975,0.04154619655021601
0.03571366945617477,0.03382332195744642,0.04226729929403641,0.03263294324221429,0.04518387503510007,0.04279654429782662,0.046449326540716984,0.03647954200284691
0.04135507668485722,0.03646995034731163,0.04001846877630005,0.03629529434215347,0.04488137382849504,0.044675426892280864,0.041616672669437846,0.04574064981050952
0.03511247821340368,0.03546670397523189,0.03515336800123464,0.033977021885119876,0.04696521368766374,0.040375315617565265,0.041784365726425285,0.03648709201937055
0.03423360226909673,0.03928683513397731,0.03776580838862718,0.03622164164278915,0.040678941672939777,0.04051850964325021,0.041283380800086276,0.04062576671179841
0.04110205955854859,0.03486661806178299,0.041897541002452784,0.034135949455323514,0.0378108735241544,0.03695582993914618,0.04045948633184402,0.03797128298421896
0.03617130018050784,0.027454422003314514,0.03604658076691201,0.03163334891498548,0.0428039543932344,0.04577267697066786,0.04006840862181587,0.044294110160785605
0.04023931453614962,0.03523154464927509,0.0390344662766571,0.03583796509130555,0.047538629230486094,0.03731842721109749,0.038463407155397034,0.03616723223375739
0.03877574425992854,0.036401640257513995,0.03294349539382157,0.03772637886673978,0.042668660316625945,0.041088774368529604,0.04255378451240782,0.04252175145783053
0.040050811601664286,0.03766458930060817,0.04243573947913056,0.03296098059817313,0.04320154289221307,0.041135177687341075,0.041056055097047045,0.03819660290875063
0.03747703877658859,0.03530690692976222,0.040585481505170766,0.03410776455827129,0.042869681020734754,0.038818554856493825,0.04395077146916809,0.041949657342488095
0.041415856334343755,0.03454753657618414,0.037740735437268115,0.03684756606664659,0.046004262875940255,0.04750902767279304,0.046463508104436314,0.053662283656497625
0.037816018696672185,0.034668377057412166,0.04035273198530334,0.03479313708056898,0.04327873953639385,0.04472834628016285,0.03529600203043546,0.03919815900867171
0.04009085405264063,0.03601813238095938,0.04058983727402121,0.03473058755842633,0.03646013182283225,0.04928296535571285,0.04566911272040847,0.03833296204086684
0.04078230958529914,0.04083529129405395,0.03720830864353539,0.0420366874604186,0.04442600123497352,0.048171310466979804,0.04241744878210972,0.04306337641104531
0.0432696181141633,0.03593376796075066,0.03869801421396825,0.03876355928654153,0.04185646117506016,0.04419862598005067,0.035737885232719396,0.0434061205876074
0.038302379791055184,0.034134580111996146,0.03945430004653557,0.03900315909710835,0.03899931161416043,0.04110799795062551,0.04504391032177166,0.04226962367078155
0.03853244160641998,0.03612503244030435,0.03988530600035703,0.034832918681331156,0.04071701109574955,0.03950107447797104,0.04129564929563469,0.04330826859504277
0.04400840318215567,0.04096481676054732,0.04053796420707858,0.0371139319533615,0.0395082129725874,0.043882361861859565,0.045121630459886555,0.03485242328323561
0.04016865606544719,0.03689639783129689,0.04018953637674635,0.03605096883599222,0.04444298086674003,0.04639702568192857,0.044834116479824285,0.03777030251726787
0.03469365475409443,0.02784092863849528,0.03435306761779038,0.036334708173605804,0.039443307171401806,0.03748720952763894,0.03806729752917751,0.032707357401499146
0.03792853949832186,0.037595218334704826,0.036416386701094386,0.037313550973741706,0.040542193772056825,0.04723747755163472,0.04135064218208592,0.04675604503305364
0.039983218002961014,0.03407032269375383,0.03893945195455489,0.035299770888801214,0.05161552569581735,0.046012913614346916,0.04358491615210246,0.04424536419396681
0.041353036172957894,0.03846775790713962,0.0442028224006984,0.03852751103712781,0.04710699972359741,0.045338257502335846,0.04376822848625214,0.04069590913831478
0.043163485848845516,0.03377083108089259,0.04214577867206803,0.03886541640542629,0.04268189701070633,0.050872765692103264,0.04092927480474708,0.045823205522473424
0.03957480576353914,0.03867331699798446,0.036020381207620356,0.03711097187453472,0.04146117629217438,0.0454399643432184,0.04018539730554341,0.03829113784570807
0.0440333066870388,0.03335586049594308,0.03992537733744738,0.0391327945200028,0.040990204504747024,0.03420635571491202,0.04675226224156443,0.04040782034639655
0.041947250719028314,0.03968414437348189,0.03865134457233499,0.038882519496354954,0.04764060402127794,0.039960877525139694,0.04513407608397322,0.03955134000305668
0.04058561067832495,0.037728289189353406,0.038256637556694305,0.03665073041473814,0.04206545321406028,0.03904649690554173,0.03285604411802877,0.039215076141276305
0.03390967404891813,0.033701909267454686,0.03403544570908895,0.033607788695884,0.04825667198403011,0.04691179873257198,0.04302429958520841,0.04030674916841453
0.039515178554816836,0.029942694978829218,0.034077585039352,0.0385639597026059,0.041135379145727825,0.04688938305383566,0.041909249638285455,0.03525707015139822
0.04053082553041753,0.04532274849783669,0.03940428211387295,0.03961881096286931,0.037558716691029004,0.04779448396214913,0.03838226024180117,0.038035913343233224
0.03693506056832086,0.03281321758613497,0.03801139714726903,0.034039502547546306,0.04416122351342029,0.048259025243717966,0.0496217952527953,0.04338028881217525
0.03642967687568996,0.039430982033715374,0.03760130687591037,0.03781443693087756,0.0354507679826467,0.04640658288175369,0.040106812641017876,0.040148273432018905
0.04131846014611114,0.03636009494042982,0.03923394384358001,0.03741110146811974,0.03992207203851162,0.038597764634265196,0.033330384229605,0.0416762123319778
0.03694350001155013,0.03886567808181947,0.0411598613499259,0.036626081303584856,0.03649148886812381,0.046132510536338385,0.04392368282519399,0.04480052043306967
0.03783396083523534,0.03409719952848021,0.03590048507035375,0.03637928288578876,0.04763789743928298,0.04338138697269079,0.042606655289923266,0.03507719537403914
0.0396863435066098,0.03642039771179454,0.039124724767504344,0.038420837622916267,0.043752893908299624,0.04457921939117905,0.04014388980325031,0.04811125154390967
0.04128980760013329,0.03856914861705799,0.03514014954217077,0.03802853217285842,0.045268565221352475,0.050099252770592594,0.04528174191148983,0.036607912455508526
0.03700359014643777,0.036931331165402724,0.03309574013823427,0.03751506726581426,0.03690848752841079,0.03973844791658841,0.03779876816160565,0.03554848809608583
0.03750160518288294,0.03511666510417092,0.04108820417347983,0.039815133883789,0.040807647594471655,0.046295931112403564,0.04468762791598458,0.04397639655403876
0.03661235908877308,0.036014330382805944,0.03991113222191599,0.035599848345551785,0.040030864228783276,0.03823021735243898,0.03809380076609019,0.04201831065317592
0.041542786888057626,0.039093628856385856,0.04108268865577543,0.03950502763848126,0.04203627821630769,0.03665494806618139,0.03761131963932467,0.04275946011297361
0.038301586921246564,0.03652508838943629,0.039379979144495876,0.03626836698388906,0.04514861161208883,0.05126209109293584,0.037013637049069625,0.0402240335874312
0.045698632283252716,0.0405276218426589,0.03702895308698905,0.03611225057680602,0.04285646866731506,0.044213517351192416,0.03693470987838477,0.04838516048637692
0.04193690560972324,0.034137154457393265,0.034150307349464115,0.03163666841876877,0.043113579256626886,0.045927681596407914,0.035823413379964274,0.04301878485021667
0.03799818524622552,0.038886069711150786,0.041844989451437324,0.036617898445488004,0.044046396461008476,0.04365529308880207,0.03841971681976751,0.044672697128921426
0.041123963643982596,0.03690327964579004,0.042961095165956815,0.03691120694950439,0.036843992249074226,0.04343173675821973,0.033668185352419784,0.04017536432748176
0.038481422893159756,0.04433475089375303,0.0434745058947595,0.03605263331712399,0.04339421416488478,0.04206709767759745,0.03879240642011581,0.036919402924344216
0.04644232071290788,0.04229243370579891,0.04307516346801982,0.03779829838254684,0.043056256808460175,0.046511670729950626,0.034214572551902606,0.04420260116500604
0.038689396509677496,0.03567860693301121,0.039759262429082426,0.039448642970135776,0.04199536885878516,0.041880906806500584,0.03972107620813681,0.04227253946591914
0.03622282808748674,0.03625975686552588,0.037757100567085276,0.037627696827563346,0.04181666007065042,0.0471513257554366,0.03755744903843646,0.044481657596608416
0.03659110292141436,0.03350388846546626,0.036817663234215384,0.039611805789257166,0.03767227759305098,0.043397679823664215,0.04344198348535625,0.03955343033872493
0.03914722559077232,0.03705308452071868,0.03886839800620701,0.03502339891314267,0.04377203245884195,0.04535111288725084,0.046778529567292754,0.03744649470023452
0.037017375076546184,0.03382457425139654,0.0394744763289242,0.03486013857279744,0.044269605224692865,0.04617474735930867,0.0440827172512682,0.04085785189484955
0.04192747539182777,0.04101921799649698,0.0438824521451505,0.03891939159496983,0.043036582112615254,0.04437208987904055,0.03747239604769378,0.04222097952143558
0.039587572772271075,0.03595596333144191,0.03803050877214386,0.03857261529504875,0.046467569635155914,0.043571226846102554,0.04187934774998309,0.04333995865981932
0.035764940619677506,0.037418884404260944,0.033236502444020294,0.03177629415673922,0.04496801010930843,0.03962213323366588,0.04096611417049163,0.04217138452945134
0.036727092471551,0.03719290119024531,0.037010355944578424,0.03627352913529273,0.04606398115783214,0.04417063161144617,0.045055447009350325,0.04365446538761689
0.03736897391003798,0.03883517546080702,0.04154339842916451,0.03597357160336651,0.04101542046057832,0.03702162447779371,0.04398902410255918,0.04399721048351348
0.03520256406388475,0.03673665899161459,0.03791488267204618,0.03367071822757114,0.03547914766571788,0.03706298825873615,0.04053325205056806,0.033691407340904825
0.03783862951612436,0.03586021004460642,0.03611504169955433,0.035645378518743234,0.04091104981186778,0.04308995546590198,0.04320604781827698,0.04373995337879392
0.04300535538817056,0.03593259462791795,0.03607109987251609,0.031079776359847384,0.04495892277222295,0.040950166322979556,0.03977451874202699,0.03435127875280192
0.04103035804675146,0.03497428543020593,0.039701808218434546,0.03199531051692003,0.04346146068360289,0.04877422669327973,0.042182972070313005,0.04214739896208486
0.041130311580519024,0.03396735867212459,0.04119218916833105,0.03761890445833,0.04633827223678753,0.04111940915566617,0.04200546985615895,0.03870233411970538
0.03984616517386866,0.03250265794419071,0.06074923006585755,0.039836776195356735,0.04703753942052994,0.038364226518407936,0.044430943171551496,0.040731126494274066
0.03479937529512725,0.03555676467479717,0.03745937369999194,0.031201535415306358,0.03669538566185917,0.0417196802233691,0.037387951802653994,0.042032630541602604
0.03724581319496245,0.041083710514104185,0.038535687290006684,0.03066015310404403,0.04906061593443508,0.036324292424040144,0.04212805024426367,0.042650470040426235
0.04154717245548536,0.031507218253086826,0.0446527950706858,0.033369681638516106,0.04279585010624112,0.04288304795152772,0.037336355006337356,0.047822395302543265
0.03688280625751931,0.03691234384192186,0.036915771077203646,0.04393751276906119,0.041505998399972585,0.04180806594280576,0.04157796403551029,0.0358037901685694
0.042865923220881376,0.03534021640889912,0.04257645169255743,0.037010243933991945,0.044941578683117,0.036380942866118274,0.04407572200503094,0.04238703504643845
0.038919015737050505,0.04098943405375354,0.042797769216181336,0.03836019458643564,0.045183601972844975,0.039281225414463446,0.04404954422499492,0.036671527840939994
0.043073286488630576,0.03452418899583594,0.04337710778499147,0.0378746429326107,0.03507661294748013,0.0419361910114047,0.03889681294339615,0.03856690125841851
0.03727357387536707,0.03969010905125146,0.03852904726163543,0.035573806762655674,0.04833243295184483,0.04203977160315345,0.04355398798028493,0.04086569949512284
0.036468035419537956,0.03353203697380233,0.035674965872388026,0.035066629017275225,0.04797023528185662,0.04312797111112644,0.04421846234171288,0.04497999947498768
0.04231033229974213,0.041259582088333045,0.04145814181796507,0.036902948103084476,0.04132448077781105,0.046753653684043946,0.046016840391766914,0.04219325620393121
0.0433430438258447,0.039532356378910845,0.04151786928200129,0.03676369196456086,0.05131764513167883,0.04478479322486644,0.040859195892802715,0.04377843939435133
0.04069231979814282,0.03504327436395243,0.0389168551836592,0.034126930139311694,0.04284689572699167,0.04226322067244772,0.04019714152077476,0.04123309017643641
0.041433988857094824,0.03612064408485695,0.036596024804218044,0.03934345083549485,0.04363236201368357,0.04204898076610855,0.037916557571101434,0.043437178583172156
0.03744550806736643,0.037534892401858234,0.04007973397536713,0.03549492111181075,0.03678148607906784,0.04703494396328435,0.04381008518018549,0.04274340366221101
0.04621493301780954,0.04032854140183429,0.03825232396226422,0.03935833602366704,0.04158012900100977,0.03867735303506687,0.037872013440543494,0.03726345627216265
0.03975972742493834,0.03841952154773483,0.044330740333951874,0.0419695405558175,0.04924282565520746,0.04768209844279848,0.0414433413409434,0.04078543360648837
0.042053880799886555,0.036433345635491096,0.04037542033716183,0.033667899141886656,0.038670612140706315,0.0466453282223667,0.036586102603176705,0.03375966559560416
0.03261674757512876,0.038287390109002,0.03720065584153779,0.03313984113260359,0.05516899711246607,0.03876632463280404,0.04306631595181612,0.04005582033851574
0.041135163116111206,0.04389642027186252,0.04070460175629534,0.03562632105893357,0.039304858440739894,0.047593042920923666,0.04654197555322687,0.044910369972280026
0.0377741480718088,0.0425669428702242,0.03818319154289016,0.0366912330154717,0.04139962091433021,0.0427474150012385,0.03777035513803569,0.04243119192345352
0.03675433167745902,0.0421059414279763,0.03577471980002475,0.03551776193579306,0.041169494395968044,0.0409314203624753,0.03444892449753066,0.04241012908503438
