k1,k2,obs,pred,pval
0,0,0.05313623135646053,0.03662113884720441,1.0
1,0,0.31567514890051235,-0.0007812505565028624,1.0
2,0,0.07415589914459544,-0.0004410054547336321,0.91725
2,1,0.04244432911890533,0.00011250044049464076,0.79475
3,0,0.025945866024486328,-0.0011557191812830768,0.72375
3,1,0.027764109758091595,0.0013182051827560443,0.732
3,2,0.034688883445742405,-0.00022413635175411718,0.756
4,0,-0.017178102611036174,-0.001533573342080573,0.35525
4,1,0.0255013180008769,-0.0010128934450600424,0.74775
4,2,-0.013376454222549282,0.00030223425460371286,0.378
4,3,0.06910631899507613,-0.0008002157156982773,0.9075
5,0,0.11516195177875109,0.00014487703560727469,0.988
5,1,-0.0452198020749694,9.553412717731521e-05,0.1745
5,2,0.22620403959848387,0.00033036336923639544,1.0
5,3,0.11654647539909804,-0.00017761539016473933,0.98625
5,4,0.003916796992210107,-0.0006903439956917286,0.5385
6,0,0.03605364465732903,0.001138975105657153,0.7805
6,1,-0.005306927728178671,-0.00012605037821618426,0.45125
6,2,0.057628262256619774,0.0006394814322348446,0.88075
6,3,-0.018374303512408072,-0.0008751344203534986,0.3465
6,4,-7.518990869225026e-05,-0.0003778327105731382,0.51025
6,5,0.26314771866871467,0.0007853057740220175,1.0
7,0,-0.13768060659842893,-6.245551218055002e-05,0.001
7,1,-0.026752608491011916,0.000509364983952065,0.242
7,2,0.011092057876793298,0.000915734117159347,0.58525
7,3,0.008368035357042869,-0.0005964263246797223,0.57225
7,4,0.04579415981387653,-0.0011998304402927836,0.7925
7,5,-0.08823712066517139,-0.0006264365232182124,0.0485
7,6,-0.054725764171550666,0.00013534155673109672,0.107
8,0,-0.11101607168043467,-0.00011270417998035459,0.006
8,1,-0.07622203470808957,1.282788535007987e-05,0.02975
8,2,-0.013205647205519842,0.0006771197085019968,0.3845
8,3,-0.046999355593680556,0.00036664505886028744,0.1725
8,4,-0.09812865152325619,0.00013635430228629857,0.0375
8,5,-0.01350695946748396,-0.00045777869750726445,0.4035
8,6,0.009114935354668008,-0.000585155112915185,0.585
8,7,0.27338310925558745,0.0002773496914257821,0.99975
9,0,-0.03441064999284614,0.000844102112555329,0.228
9,1,-0.022808525193906512,0.0005812388003072006,0.2885
9,2,0.08852817446344773,0.00011105703499280579,0.96125
9,3,0.03950454592529383,-0.0002079235599581852,0.77
9,4,-0.0004398387720744123,-0.00021494866005755643,0.51025
9,5,0.22459849890414263,0.0006011550804032374,0.99975
9,6,0.22312268436501284,-0.000508888452745986,1.0
9,7,-0.06482913919638958,-0.00036637096849103415,0.134
9,8,0.008250149434682424,-0.0012890047261450732,0.5805
10,0,-0.060235713958988864,-0.0009745148773858478,0.088
10,1,-0.02831541694920865,8.311399437218048e-05,0.22325
10,2,-0.04520388982674547,0.001165947134938279,0.1595
10,3,0.0028163603686419993,0.00012466758739961215,0.525
10,4,0.0977841456954645,-1.8256293184608314e-05,0.91975
10,5,-0.0004211765425053424,0.0002461173004630487,0.5
10,6,0.003268105026527216,-0.0010128887858318826,0.541
10,7,0.2827375251421148,0.00013974705668010317,1.0
10,8,0.15458253152714216,-8.255927544549502e-05,0.984
10,9,0.025827824318013993,-0.00014264236461331887,0.6705
11,0,-0.08986747505966919,0.00034984306299272065,0.02
11,1,-0.03391246999139835,0.000434896096798667,0.187
11,2,0.020585472989300985,-0.0018826349110947188,0.67975
11,3,-0.05986239786551643,0.00024173912777299565,0.12425
11,4,-0.0980783182622969,-0.00035253294280918653,0.0285
11,5,-0.014364111214210563,0.001363152135143818,0.39325
11,6,-0.036398411867918944,-6.182172513689204e-05,0.21175
11,7,0.06635204123752571,0.000969531111707116,0.84775
11,8,0.26551992975913,-5.35798489038561e-05,0.999
11,9,0.0574670681468861,0.0008700882793315137,0.83375
11,10,0.43735071515972856,-0.0012975237192824683,1.0
12,0,-0.05734134796519474,0.0002386661625865212,0.09225
12,1,-0.08446095134482683,0.00010107682336163817,0.022
12,2,-0.0010744866172315707,0.0007519551848665034,0.4905
12,3,-0.025299711060955736,-0.0005759491598152493,0.3195
12,4,-0.041065451986093786,-1.6090362712983766e-05,0.2485
12,5,-0.0690529251520598,-0.001983401629174389,0.09
12,6,-0.030717696368057906,-0.0003584177222613909,0.24325
12,7,0.12043503952961883,-0.0012448029826560192,0.977
12,8,0.3515397295211281,-0.00040041081947504487,1.0
12,9,-0.039177815245657055,0.00118777850862828,0.24075
12,10,0.057592109254969916,-0.0005013578666762897,0.83675
12,11,0.19747076141516737,0.0008229480210137274,0.99625
13,0,0.0553035087883459,-4.8917239360329205e-06,0.889
13,1,-0.051809387315924764,-0.0007255952271726031,0.1045
13,2,0.10933418903937599,-0.000453926972510272,0.98875
13,3,0.08304148092707367,-0.0011342221144876557,0.94325
13,4,-0.022057253678369526,0.0006560974285406999,0.35425
13,5,0.12720556466346467,-0.00021624360974173228,0.9915
13,6,0.0069501434096496395,0.0002931164257184556,0.5615
13,7,-0.09519054903435914,0.0005635849212748247,0.0435
13,8,0.012504154445660646,0.00013940483912110087,0.59925
13,9,0.11944001787293693,0.00024514994949642154,0.983
13,10,-0.003662235489851885,-0.00017729247257851967,0.48625
13,11,-0.05672641607416536,0.0002719670639994468,0.16675
13,12,0.05059688309268275,-4.463692747687931e-05,0.825
14,0,-0.035765981934298086,-0.0001468788475656182,0.21675
14,1,-0.008260965446017489,0.0006517492446034281,0.40725
14,2,0.0318283769767502,-0.00045591477105334007,0.75075
14,3,-0.025939371673971732,-0.0007012928657145983,0.3225
14,4,-0.061690453874195125,0.0013710714471480818,0.14025
14,5,0.022532241745923366,-0.0019788188032264,0.68225
14,6,0.022483314494474934,-0.0007397042019274165,0.70225
14,7,-0.0328581988029656,-0.00038394877892520987,0.2935
14,8,0.03739968017206394,-0.001664474780633405,0.76
14,9,0.004587928530886784,0.0001239217829097177,0.54725
14,10,-0.11935445815520661,0.0007649155712674918,0.02275
14,11,-0.02239817793886422,0.0013108968636277448,0.3775
14,12,0.10061668342426747,-0.00030917266332566715,0.9625
14,13,0.2131691412204549,-0.00029540752817603966,0.99975
15,0,0.09981335624658423,0.0008086227890540189,0.9745
15,1,0.04621508250004435,-4.270522329349317e-05,0.822
15,2,-0.04122332494971696,0.001174338868613057,0.1935
15,3,-0.014463864660916443,0.0003690981486450215,0.3685
15,4,0.010017307299974122,-0.00018511087280692382,0.5885
15,5,-0.00327485157562514,0.0008522709514776495,0.4635
15,6,0.034099945171828135,0.0006459204230619878,0.76125
15,7,-0.014222906998008985,0.0005419341108419488,0.36025
15,8,0.008817174372217577,-0.0007094946483602488,0.57775
15,9,0.0022945767302967636,2.80626185800829e-05,0.51475
15,10,0.03284305084781228,-0.0005959582078794913,0.77625
15,11,-0.00932073948671513,-0.0002181661322554156,0.40075
15,12,-0.016791771400372503,-0.0004741419015306257,0.3495
15,13,0.001505361107964386,-0.0006279948594303177,0.516
15,14,-0.01533121994571384,2.505593428463927e-05,0.35875
16,0,-0.07152371879761713,0.0005700796517972024,0.0605
16,1,0.13744183050520634,0.00021618136182846776,0.999
16,2,-0.04511394636594553,0.001243576677989702,0.16225
16,3,-0.06509058383056938,-0.0006226346540970127,0.06875
16,4,0.022434752604109945,0.0013555770590801275,0.69175
16,5,-0.05608607467004426,-0.0005228366570045049,0.11625
16,6,-0.04190999260780103,0.0005866940255695943,0.17225
16,7,0.01567000549544331,-0.0005482764638909517,0.63875
16,8,0.07953683870954074,-0.00022034681319254947,0.97425
16,9,0.02660202246072269,-0.0002051134523424501,0.7205
16,10,0.041818136009722943,-0.0005901018413742592,0.8425
16,11,0.026763467735930146,0.00026060942087971245,0.723
16,12,0.020683118815698717,0.0004875649211982751,0.67875
16,13,-0.0731676830943207,0.0007629601054601745,0.046
16,14,0.0504896147014508,-0.0009189741874930266,0.8915
16,15,0.2600639491850769,-6.567533902233203e-05,1.0
17,0,0.034725120071429805,-0.00019715916976905418,0.7745
17,1,0.007428889388668624,-0.0005138648187950234,0.56825
17,2,0.00035600490195156713,-0.0003935268112242265,0.50575
17,3,0.03557418812049868,-1.2398329251977456e-05,0.78725
17,4,-0.014470692511783775,-0.0011331993094134258,0.3875
17,5,-0.04947372322394559,-0.0012285757894827502,0.1515
17,6,-0.05921724086478287,0.0013396632262282309,0.09125
17,7,0.06252994466771365,0.0007026269111950205,0.91475
17,8,-0.08671946307986333,-0.0005713511442982851,0.02575
17,9,-0.014193289960000187,0.0004992663217527274,0.37825
17,10,-0.045686711344983644,0.00023494771493264772,0.1545
17,11,-0.06041478479851366,0.0011881587607308025,0.0845
17,12,-0.007589132040700163,-0.0009215752709768805,0.4415
17,13,0.01807267299073706,0.000592180286230366,0.64825
17,14,-0.054188456381764484,-0.0009147494816969437,0.118
17,15,-0.04426741457479345,0.0003413086182892724,0.23575
17,16,0.0840161952752884,0.0016767664320817203,0.93475
18,0,0.0023039584134919603,-0.0008875172744967066,0.53175
18,1,0.13955509346510095,-0.0003439329010955656,0.9985
18,2,-0.03224254812961791,0.00031767885437094693,0.247
18,3,0.10007126360878847,0.0005540672841945871,0.98925
18,4,0.00521428877846309,0.0006913989326590603,0.54
18,5,-0.05505214230037503,-0.0003711969331693024,0.121
18,6,-0.05009602360126749,-0.0003291341631205109,0.1355
18,7,0.05718707011687744,0.00014657955505688176,0.913
18,8,-0.08838801458497793,0.0009465057610276901,0.023
18,9,-0.047073688207387276,0.00018168215949107224,0.14925
18,10,-0.017539586043644216,-0.0001459799687651914,0.3405
18,11,-0.04195430532630173,-0.0003009529015700804,0.17425
18,12,-0.07561425845283656,-0.00037650945902921635,0.0445
18,13,-0.04563577406880803,-2.6486493529907653e-05,0.1495
18,14,-0.01187628943820202,0.0006385643803881895,0.3925
18,15,-0.046880828201429595,-0.0005830236178477323,0.19975
18,16,0.01008747248750036,0.00030865766143440366,0.578
18,17,0.17925138376794492,-3.43947333114985e-05,1.0
19,0,-0.052604966266870244,0.0015072394113287175,0.125
19,1,-0.09750807901408287,-0.00019303845177200983,0.01825
19,2,0.015961754206661658,-0.00023686083718706274,0.626
19,3,-0.044511930035480325,-0.0005007835805674097,0.18825
19,4,-0.03403552789569773,0.0005999882373191448,0.25025
19,5,-0.0011377502084798626,0.0004341287533965364,0.49125
19,6,0.020985069125414084,-0.001313162376034485,0.68675
19,7,-0.02539611042541105,-0.0010161013851853727,0.31975
19,8,0.0689092898260535,0.0007385311378722249,0.921
19,9,0.009174561856464784,-0.0005252467930580837,0.5715
19,10,0.020097464899231598,0.0017807746687329728,0.64425
19,11,0.1096914981207028,-7.840490583987631e-05,0.98275
19,12,0.029541476385436926,-0.0006732649543212375,0.73025
19,13,0.037399747493671615,8.971047493059701e-05,0.774
19,14,-0.05405533815086087,0.0009838001114582946,0.1335
19,15,-0.005663705630526605,0.00025775588111425803,0.4505
19,16,-0.06008037353303537,5.8728451575838474e-05,0.088
19,17,-0.11611578384812483,-0.00029412976736834824,0.01075
19,18,-0.05579667715321726,0.00021702472900393335,0.125
20,0,-0.06217775518142519,1.361789527249254e-05,0.08725
20,1,-0.12246021465259174,0.0005993968065449595,0.0025
20,2,0.04742849308909318,-0.0004936326288336537,0.843
20,3,-0.055917053996345854,-0.00039764124110312874,0.13775
20,4,0.01898765539058713,0.00046190064986861216,0.65575
20,5,0.008125029968891397,-0.00033240552649720117,0.57525
20,6,0.026019947840757313,-0.0012163551121643335,0.72525
20,7,-0.06806290138162115,0.0009772673713705404,0.084
20,8,-0.06534667451291766,0.0009504627446322192,0.10225
20,9,0.0037839756427064985,0.0005095671766958353,0.5365
20,10,-0.03985694151223401,-0.00022848936620547584,0.24575
20,11,-0.0171116922365583,-0.001564255895151058,0.4225
20,12,0.022082111603974386,0.000787139235558294,0.67075
20,13,-0.06614935051456075,-0.0002826773688362197,0.10275
20,14,0.01630353712069885,-0.00113947092147086,0.64175
20,15,-0.014330813381999555,-4.5482453535667866e-05,0.3565
20,16,-0.10942038221050095,-1.830055079559207e-05,0.0025
20,17,-0.08497179096159516,-0.0001451085418784318,0.02475
20,18,-0.0090463076019594,-0.0006173915940095112,0.4225
20,19,0.17112637741639986,0.002134133137057887,0.9995
21,0,-0.026450864886027794,-0.0005306090950949701,0.29
21,1,-0.12632195576040972,-0.0012234883931525077,0.00225
21,2,-0.019555076927497764,1.0862346454036725e-06,0.3505
21,3,0.0006586311394605972,0.0008222426046811356,0.50325
21,4,0.03197821864853241,1.3519349890166743e-05,0.74575
21,5,0.004036293177937548,-0.0006105525123847695,0.54025
21,6,-0.002540380634409101,0.0010014235048271898,0.475
21,7,-0.0027243310147773724,8.221093585119238e-06,0.4795
21,8,-0.0028705035008350184,-0.0004814366146820617,0.48775
21,9,-0.029476312230431904,-0.0006811873768548284,0.2875
21,10,-0.05257138233877371,0.00146592140237585,0.1565
21,11,-0.014564618502464979,0.00014152274873566707,0.4025
21,12,0.035774319862382706,0.001200726694159808,0.7605
21,13,-0.06510023339493988,-0.00017878301015199482,0.09975
21,14,0.029255504368667976,0.0012110500983948654,0.71475
21,15,-0.07255114996209348,0.00019863016195994097,0.04675
21,16,-0.04160801257962155,0.00015744202611194956,0.15375
21,17,-0.031768036623774164,0.00028587215044846716,0.2495
21,18,-0.051933440737099136,-0.0005170975929601894,0.1335
21,19,0.11956092189547102,0.0018534937936471713,0.98525
21,20,0.09657768311762663,0.0018197500599123006,0.9615
22,0,-0.04277705141599624,-0.0018040776266924773,0.194
22,1,-0.06493379132028022,-0.0007344772276432883,0.0745
22,2,-0.002593680843924484,-0.0003507111258959551,0.47725
22,3,-0.008511506687039908,0.000871037446330767,0.42525
22,4,-0.012216201002259855,0.0009808476374135408,0.398
22,5,0.12632671324507624,0.000552018455838204,0.99225
22,6,0.0716554719845212,-0.0004325601572164933,0.94775
22,7,-0.020420543825252133,-0.0007825158451482305,0.355
22,8,-0.032571225390259244,2.0976373077664492e-05,0.265
22,9,-0.03259648080899561,0.0008857062794398716,0.26125
22,10,0.02381974409444017,-0.00046058599916782244,0.67725
22,11,0.0599946262865104,-0.0006281893296219255,0.86925
22,12,0.030392709916757216,0.0007011377659358101,0.7375
22,13,-0.03559812893415434,-0.0011859903184644116,0.24825
22,14,0.009729151614231617,-3.0996815340216776e-06,0.59
22,15,-0.056497337841131784,-1.0124583345199643e-05,0.1145
22,16,-0.09747398400844985,0.00043507343972872567,0.012
22,17,-0.09516947202447543,-0.0001527658516590753,0.02325
22,18,-0.0928545527109475,-0.0006214880078200633,0.019
22,19,0.35426820182871865,0.0006165622668274218,1.0
22,20,0.2338117293947223,0.0001439198254807697,1.0
22,21,0.16014943149730504,1.5671731836992082e-05,0.99875
23,0,-0.10938237168381922,0.00019875866462157362,0.01
23,1,-0.0499090381661261,-0.0002415860525389635,0.1245
23,2,-0.06917181966988888,-0.0006078096023150538,0.07675
23,3,0.029957699917213365,0.00036812068811749467,0.7255
23,4,0.019829590293339583,0.0014838571830119766,0.64725
23,5,-0.06299746322810737,-0.0008919720146620591,0.112
23,6,-0.00714678360275964,-0.0010531514932140742,0.4465
23,7,0.11700450735713275,0.00030949587566062633,0.98325
23,8,0.14265469013609963,-0.001464739707204631,0.99475
23,9,-0.05233949398574598,0.0005281002902350167,0.15575
23,10,-0.07189339102713,0.000695201908411309,0.092
23,11,-0.04925563884414206,-0.0011056235037557303,0.1895
23,12,0.2645130901954696,-0.0003785322850124856,1.0
23,13,0.016535199228848642,-1.126455689428703e-05,0.63225
23,14,0.04708516636839912,-0.00018845686258159647,0.82175
23,15,-0.06324587911868093,-0.0001633104950717416,0.0765
23,16,-0.022802706834530857,-0.0012879684284693535,0.29475
23,17,0.014636767613441477,-0.0014897260810584694,0.62975
23,18,-0.03503137896835086,0.0005577039399475735,0.21175
23,19,0.022197837120796322,0.0005358712936008741,0.67425
23,20,0.006115254214496866,-0.0002935684828203651,0.55325
23,21,0.32546384442977105,-0.0004804633304000264,1.0
23,22,-0.009083037819728723,-0.0006456962111869641,0.44225
24,0,-0.11047281467872723,-0.0014698452861398284,0.016
24,1,-0.04797857119954561,-0.0005134053390800425,0.15
24,2,-0.08642456353587039,0.00015638810763742028,0.057
24,3,-0.016298000332775762,0.0005277905526348488,0.37525
24,4,0.10387068768405076,-0.0007144359199996374,0.98525
24,5,-0.13544271536147023,-0.000718233846227288,0.00625
24,6,-0.09624045827517193,0.0009954319857677862,0.01675
24,7,0.06689935233542411,0.0014738540905528425,0.91025
24,8,0.0007627837250607291,-0.00012858777276863814,0.5055
24,9,-0.020261357773592472,-0.0007003180346583107,0.354
24,10,0.04248336102996281,0.0013707098665042617,0.79425
24,11,-0.002509230400100214,0.0005965613555971521,0.46925
24,12,-0.00106140588061104,5.1342529599388714e-05,0.48575
24,13,-0.13800915005490105,0.0007237174244100899,0.00325
24,14,0.009556219006281832,0.0008159405636177185,0.5795
24,15,0.004320736707870135,-0.000508089959955694,0.54025
24,16,0.04125738121544622,0.000606756332394766,0.8115
24,17,-0.028074163732613233,-0.00014345078092719554,0.28475
24,18,-0.0603116006601567,-0.0018762277958808812,0.0955
24,19,-0.046203873934477335,-0.00020989493799396274,0.18
24,20,0.1146277827022765,0.00028919028966305064,0.9905
24,21,-0.013605749319592617,-7.400062938782938e-05,0.38975
24,22,-0.010972807582481306,0.0007576560860300451,0.40275
24,23,-0.029158298649790478,0.0007748118615734069,0.26925
25,0,-0.09187161524390945,8.501397519156973e-05,0.026
25,1,-0.05084516771834805,-0.0009556908404658554,0.1415
25,2,-0.02399629313283322,-3.395337753381389e-05,0.3125
25,3,-0.04672861754282311,1.3920798393340332e-05,0.163
25,4,0.02247177772632615,0.0009308149173102007,0.6795
25,5,-0.13932621846029578,-0.0008373343599256368,0.00175
25,6,-0.1132203342392875,0.0001681161614272044,0.0055
25,7,0.024864130018075605,-0.0002291662983087015,0.711
25,8,0.04175379113315698,0.001125625859737678,0.82775
25,9,-0.07757626555382009,0.0010183548994595164,0.04675
25,10,-0.034153361963046504,-0.0008966403732952691,0.2345
25,11,-0.015712575763653633,0.001045054531932775,0.3565
25,12,0.03636758260984659,-0.0005777895783748233,0.804
25,13,-0.01900428085540934,0.0007843442945152144,0.3345
25,14,-0.04747024562095939,-0.0008434042225376336,0.1465
25,15,-0.05132037951068902,0.000437857217549499,0.141
25,16,-0.004263981190251107,-0.0005972576496578927,0.462
25,17,0.014331109548690706,-0.0001820134218258804,0.62325
25,18,0.01761053558143205,0.0002913352952992891,0.66025
25,19,0.07981724382525965,0.00035729468751112,0.951
25,20,-0.02975007510379948,-0.00019158352469741868,0.26375
25,21,-0.009897927563616233,-0.0004799454810712908,0.418
25,22,0.05336542770285012,-0.00027657430469766133,0.88375
25,23,0.01962717851186691,-0.00027441622397207205,0.67425
25,24,0.09804028355315443,-1.6853961023225293e-05,0.97625
26,0,0.033348237460087665,-0.00019053247510477143,0.75075
26,1,0.1369260485747311,0.0007813199403817399,0.9965
26,2,-0.060552654337879847,-7.461122506263947e-05,0.11775
26,3,-0.08077939072744304,-0.000613243737660835,0.0425
26,4,0.020535405975440648,-0.0001797171474783981,0.68125
26,5,-0.08828419941966602,0.0006661067899301075,0.0325
26,6,-0.08060745824551131,0.0003466641326454925,0.03125
26,7,-0.02325320922652363,-0.0001686250070840555,0.29225
26,8,0.04403187368969359,0.0002924232583990536,0.84875
26,9,-0.07202469856376169,0.00046934138592308507,0.0545
26,10,0.01892947539761642,0.0007348060511779197,0.65075
26,11,0.012321799652368619,-0.0003892284278621985,0.605
26,12,0.006703696366684557,0.0006412884225673492,0.553
26,13,-0.05878124485015995,0.0001843285666022224,0.09825
26,14,-0.12025358492340693,0.0009795462663406886,0.0025
26,15,0.011338185611135629,-0.00037906847027782193,0.59575
26,16,0.05524988316639566,0.0007272719899524803,0.88225
26,17,0.08070937278822088,-0.00011567466004771848,0.9645
26,18,0.08293889720906075,0.0012531535880410006,0.961
26,19,-0.04886357161939975,0.00034987898526208646,0.14925
26,20,-0.04992894903925132,-0.00027151036870010217,0.14025
26,21,-0.03230221412503074,0.00048274774387558863,0.236
26,22,-0.10780404601994985,0.0009160042366375358,0.0065
26,23,-0.00012638624306828355,-0.000596219439787433,0.50475
26,24,0.0373535112893811,0.0006493408999226719,0.776
26,25,0.11187119837785073,-0.0003888608817458141,0.9905
27,0,-0.05588418042499825,-0.0007990495177837405,0.13325
27,1,-0.00012193886918651418,-0.001022367346867366,0.51125
27,2,-0.07034511795646248,-0.0007485134674329482,0.09375
27,3,-0.08454693529340414,0.00022458823405173056,0.04425
27,4,0.019086442613390146,-0.0005419316786661938,0.6705
27,5,-0.11356843826875487,-0.0007571661610336086,0.01175
27,6,-0.08209735397241827,0.0003504274028438374,0.03225
27,7,0.0465953127411399,0.0009074571716187059,0.82575
27,8,-0.0006041509521345104,0.0006959502318841221,0.48225
27,9,-0.05408346818289809,-8.956744640439723e-05,0.145
27,10,0.04877613793728557,0.00034919634226681956,0.8385
27,11,0.047122804106632755,0.0010282557410294451,0.829
27,12,0.022446280153660573,9.90351606671432e-05,0.6865
27,13,-0.07895191025946624,-0.0012268273316707488,0.06425
27,14,-0.0981110773392618,0.001019036012833518,0.01825
27,15,-0.016082300448621047,-0.0001353976378080506,0.3715
27,16,-0.02697388921337411,0.00010271648138873302,0.27875
27,17,-0.03141270897776165,-0.0014966719537587013,0.2605
27,18,0.06051412680883992,-0.0007076305359306426,0.9115
27,19,0.0770403338449264,0.00010950605933266118,0.9425
27,20,0.021940438140372453,0.00039201311908073966,0.67875
27,21,0.05657398823347061,0.0003953907101052659,0.8765
27,22,0.02579052941507527,0.0004549650714875484,0.70725
27,23,0.037546904820847056,0.00018261266499568882,0.783
27,24,0.11574268400794087,0.0012870147747358577,0.986
27,25,0.19198360936042014,0.00046154734955402036,1.0
27,26,0.16501683427281935,-0.00032186357348592827,1.0
28,0,0.0035369947690308307,0.0005535288804032528,0.531
28,1,-0.023580873084168442,-1.588825948184866e-06,0.295
28,2,0.03528868695779488,-0.00016509900247036683,0.75875
28,3,-0.03969675455896907,0.00025538295049704984,0.23375
28,4,-0.06962610042832316,-0.0006897190598262784,0.10375
28,5,0.05284609712232136,-0.0009725841745186027,0.8385
28,6,0.05550317601345268,-0.0014297736495477561,0.89075
28,7,-0.030131483324718374,0.00032638358571987296,0.3015
28,8,-0.0029562341717861247,-0.0003081017843548777,0.4885
28,9,-0.028322981385903015,-0.0006018016776648256,0.31125
28,10,-0.001520147573737871,0.0007083961757888972,0.492
28,11,-0.024829244546647825,-0.0017955048674105662,0.3605
28,12,-0.03113667919048704,0.0005057715965538785,0.2805
28,13,-0.014661188911245397,6.552056321912194e-05,0.40125
28,14,0.006143580249342501,0.0001252567134811038,0.5515
28,15,0.06405156151651568,6.802711344994637e-05,0.924
28,16,-0.07076215337104072,0.00015415360909459998,0.058
28,17,-0.04220851223483384,1.264198005760436e-05,0.182
28,18,-0.003538984270969759,0.00029777523724858266,0.46925
28,19,0.044343106226747725,0.0007466869589125975,0.80975
28,20,0.11432603264035744,-2.6768835447626636e-05,0.9835
28,21,-0.04745852655710129,0.002082940367138146,0.1635
28,22,0.028528001519150276,-0.0003932697165430851,0.71675
28,23,-0.05212012291853437,-0.0002281424298839959,0.1655
28,24,0.04398904987259068,-0.000432765375411791,0.8085
28,25,-0.007409646129897026,-0.00017225589480195932,0.44125
28,26,0.04791620240480736,-0.0011208973915429784,0.85625
28,27,0.012697389013368567,-0.000877624779673687,0.6055
29,0,0.06529677032915852,0.00032656222353219186,0.915
29,1,0.00476195820747237,-0.0004154419969181027,0.5455
29,2,0.0016126559542463156,0.000494605373155513,0.51075
29,3,-0.01179961147378042,-0.0012634260528614455,0.42975
29,4,-0.0052600262447621395,3.781028434061997e-05,0.4605
29,5,0.03731107005731221,-0.00034607804288111683,0.76475
29,6,0.019761130079451027,0.0006718012644548277,0.65625
29,7,-0.028816642117480213,0.00013307933654475173,0.296
29,8,0.026985693431328266,0.0008809028261914875,0.6995
29,9,0.030921353720114477,0.000367542287127691,0.715
29,10,0.014854244292553411,0.0006481384258277813,0.60725
29,11,0.04673757481027585,-8.539662103690253e-06,0.80625
29,12,0.018292852996265437,-0.0007406863709497037,0.6465
29,13,-0.009691813994130166,0.00010165368270028054,0.43025
29,14,0.008204347735038284,-0.00014816420901591073,0.5655
29,15,0.0017582063955286786,-5.152869159020594e-05,0.516
29,16,-0.035284233017759584,-0.00032954258495022367,0.22475
29,17,-0.053138709999528924,-0.000530235220792183,0.13275
29,18,-0.02422557089139533,-2.6702294738825376e-05,0.30175
29,19,-0.04079008820256893,0.0006775563145806787,0.201
29,20,0.05401886419477134,0.001640595660401627,0.852
29,21,-0.02194972921881226,0.0006690173531254717,0.327
29,22,0.0020030543275339173,-0.000868765257825941,0.53125
29,23,-0.033251697621608754,-4.93433990383289e-05,0.257
29,24,0.009029184016017154,-5.961241894652759e-05,0.569
29,25,0.07204567697022501,-0.00027782097653660475,0.938
29,26,0.0025497303532304423,-2.717779445285117e-05,0.527
29,27,0.009273009324220352,0.00022601734460842834,0.57025
29,28,0.3373732903559174,-0.0007338070829055133,1.0
30,0,-0.05992803448725729,-0.00045219151284627576,0.09975
30,1,-0.07906681550473149,-0.00030696986155331966,0.03525
30,2,-0.030882319834229528,-0.000616044642216623,0.27225
30,3,-0.02786938722247203,0.0005341841104180761,0.29825
30,4,0.08216854283630898,-0.0007256554192390834,0.9255
30,5,0.04960679883677446,0.00039439951751959166,0.81875
30,6,-0.006074709780730025,-0.0011334572263879412,0.4665
30,7,0.13801798768511675,-0.0010122428065400652,0.99225
30,8,0.03745030759672917,-0.002278660712762752,0.76075
30,9,-0.00035687827095681274,-1.9354241400737495e-05,0.50025
30,10,0.11654833579788616,0.0011803917434744407,0.9675
30,11,0.0008037826856981647,0.0009472384168917016,0.51125
30,12,0.0353945128523321,-0.0013084112664729529,0.754
30,13,0.09462145394195125,-0.0009910164768434538,0.95275
30,14,0.08385346377783387,0.000390574991028852,0.92225
30,15,-0.03333071584899369,0.00011943509884160211,0.2355
30,16,-0.025214697086075065,-0.0010795351825605617,0.28525
30,17,-0.0020868022501831242,-0.0010705709771782004,0.485
30,18,-0.06175931785881305,0.0005256738721059715,0.0885
30,19,0.043818440510418236,0.0007200783667366654,0.80525
30,20,0.028919329162133037,0.000810835985680881,0.70775
30,21,0.007627944379908816,0.00010890847763359601,0.55325
30,22,0.03881370698584691,-7.55074428608694e-05,0.77375
30,23,0.021551332521924118,8.1410778272605e-05,0.65725
30,24,-0.0037993687527557154,0.0005002763941466276,0.47275
30,25,-0.003149367251151189,-0.0007323673609646901,0.4835
30,26,-0.09437243226670576,-0.0008044225333677189,0.02275
30,27,-0.006426663634111511,-0.00029330833204829456,0.45575
30,28,0.08131253708238503,-0.00030033677691964646,0.8625
30,29,-0.005967668167761179,-4.5590208149777175e-05,0.47575
31,0,0.0045056087083624,0.0002840733571906787,0.53875
31,1,-0.0409978863320014,0.0005208245094004939,0.15425
31,2,-0.020437893554923103,0.00040223165473138924,0.3285
31,3,-0.024337331909219887,-0.001245168848480229,0.33375
31,4,0.06805523033720692,-0.000341975924010333,0.8885
31,5,0.10589490261666686,0.00013802143244118765,0.97725
31,6,0.008763688501650031,-0.0002913205121396294,0.5785
31,7,-0.00734993162505777,0.000582818453482477,0.4555
31,8,0.04513676763298591,-0.000360341655591392,0.794
31,9,-0.0348494684594571,0.0003302440603102045,0.2615
31,10,0.06222225466194989,-0.00016122947295572546,0.85125
31,11,-0.01961750839309261,0.0014236258398778597,0.39925
31,12,0.06300177605595993,0.0009262689899000678,0.87975
31,13,-0.061365352509832403,0.0006731801923010706,0.1325
31,14,0.0035778919994648687,0.00030833858858791936,0.53775
31,15,0.004632758890749132,0.0002111245968888357,0.5415
31,16,-0.027237931688136076,-0.00046333172377771293,0.25975
31,17,-0.05473333938521868,0.0005510930237955987,0.115
31,18,-0.06995248327213241,-9.262535403517024e-05,0.05725
31,19,-0.031173174022095018,-0.0007420459828571712,0.26875
31,20,-0.01350296861088076,-0.00034982699958205354,0.41125
31,21,0.09978906551284938,-0.0017568531098545684,0.9735
31,22,0.06025688382435493,-0.0019302200965480563,0.89
31,23,-0.001653354075722941,-0.00012767372226487483,0.49125
31,24,0.026074850348192156,8.522345590517629e-05,0.70725
31,25,-0.013653877561481068,-0.00015991650582024996,0.3885
31,26,-0.03312410737466296,-9.247823771221969e-05,0.22325
31,27,0.02814309730596578,6.66247439115704e-05,0.72275
31,28,-0.00508030851721618,0.00027478367723802414,0.47725
31,29,0.038388463455487805,-0.0003706708344566919,0.7485
31,30,0.201376320063888,-8.354895463420795e-05,0.99975
32,0,0.03941632223287567,-0.0005249009698065678,0.81175
32,1,-0.026578209995476956,-0.00041080027745333126,0.2525
32,2,-0.09474745833526474,4.6082123360319644e-05,0.026
32,3,-0.0700148474138194,-0.00021589170408259638,0.0945
32,4,-0.06025273145792561,0.0005235944034081241,0.1505
32,5,0.006943890606321662,9.679649884903868e-05,0.5545
32,6,0.010739798796959951,0.0005104337569621973,0.59025
32,7,-0.050338387775243215,-0.0008279373901645214,0.1965
32,8,-0.03455221603049297,-0.00012104611793418148,0.2815
32,9,0.035735036615831786,0.0009314283092183582,0.7315
32,10,-0.07956474784818263,-0.00095987228560705,0.107
32,11,-0.0025193722521299,0.00034340834868938874,0.508
32,12,-0.01977582959098563,0.0009429531601579933,0.375
32,13,0.09183103650290625,-0.000123960607375614,0.938
32,14,0.0012782229532442087,2.7849991411906886e-05,0.50275
32,15,0.005839953471491656,0.00010042484817841429,0.54675
32,16,0.026415624881268713,-0.00034921173933097734,0.73575
32,17,-0.00688181908473951,-0.0005794933177580019,0.441
32,18,-0.07650841302965372,0.00048228131853723157,0.042
32,19,-0.0017731409419343316,-0.0019287655257207996,0.50275
32,20,0.07783348462735075,0.000391217720188247,0.92675
32,21,0.011221576086162062,-0.000910687712654454,0.59275
32,22,-0.07146645280967175,9.000101006231213e-06,0.07525
32,23,0.024785110710566164,-0.0001870338069939271,0.69925
32,24,-0.022470096761297267,0.0008940070650737812,0.3245
32,25,-0.04449728421326375,0.0004084533366775675,0.16425
32,26,-0.03343946087138719,0.0010071854405231016,0.20575
32,27,0.003934315500150993,1.6194275663534572e-05,0.53175
32,28,0.06890447200640173,-0.00013396404007600762,0.88425
32,29,-0.012239553737043931,-0.0014129105037491185,0.414
32,30,0.017423570868563533,-0.0008219494718727059,0.62875
32,31,-0.007054560076776855,-0.0006184099627602208,0.467
33,0,-0.03700697154283608,0.0003043978002646679,0.1845
33,1,-0.05522024952779451,-0.0011241591499293476,0.0775
33,2,-0.07250393258853191,0.0008508820555258343,0.05575
33,3,-0.010388826037918146,0.000517966552184218,0.42525
33,4,0.07471109677395829,0.00019139792018059695,0.8805
33,5,0.023955667802584638,0.0014893321542530117,0.6665
33,6,-0.0021465231124954114,0.0005381972039695835,0.47625
33,7,0.05644532634758262,0.0013065756108268428,0.8135
33,8,-0.013245130345892267,0.00041060517866602764,0.4415
33,9,0.012725445838907008,0.00048202461642586815,0.589
33,10,-0.05243656220413816,-0.0008583984747052781,0.24175
33,11,-0.02787993425025242,-0.0017467524250879209,0.38375
33,12,0.00908548982123028,-2.7794496431336795e-05,0.57625
33,13,-0.006683398934207164,-0.0011636095476782588,0.47425
33,14,0.14336127438619775,0.00012326479948597074,0.98725
33,15,-0.06928958002739508,0.0009300262331785085,0.0555
33,16,-0.030420654213398544,0.000548862983439856,0.22675
33,17,0.04737209037325179,0.0001163733398077664,0.85475
33,18,0.0007131936436772285,0.0001848198609292179,0.506
33,19,-0.03633105079619679,-0.00046311716612268606,0.237
33,20,0.053128684645881274,0.0014551911338186781,0.83775
33,21,0.058552206486613384,-0.0006946242574970776,0.8755
33,22,0.007509253225905542,0.00022315396003253366,0.55675
33,23,0.04383739869920487,0.0005882930389346652,0.79325
33,24,0.07849912058875295,8.808708681655195e-05,0.9465
33,25,0.009645683897126322,-0.0005647430077489501,0.58925
33,26,-0.12185674734440818,1.715112772895021e-05,0.00175
33,27,-0.027690443476736343,0.0018413757370798003,0.2715
33,28,-0.010406855821870056,-0.0009079392755440501,0.44725
33,29,0.021722277672150632,-0.0015738377555343749,0.67525
33,30,0.039668912831853614,-0.00045032723170278254,0.75
33,31,-0.007934667946415832,0.0006493107640875341,0.44975
33,32,0.3163260058964795,-0.00010040171802159021,1.0
34,0,-0.10393472028448794,0.00012295786836441267,0.0125
34,1,-0.05984852534239747,0.0003351092725253501,0.0995
34,2,-0.08346835585312247,0.00021210246617914987,0.05375
34,3,0.06495440111082745,0.0013490694898312982,0.898
34,4,-0.06858906271155142,0.0004054005517379808,0.07225
34,5,-0.02604131303641696,-0.0005934639251825958,0.30875
34,6,-0.05473999929594281,0.0006626925268882961,0.111
34,7,-0.005583347658010352,-0.000417289682178113,0.4545
34,8,-0.09965513979298933,-0.0007777419162246721,0.0195
34,9,-0.05177720560113809,-0.00024211707017127764,0.1405
34,10,-0.03921030924523104,-0.0002451250024271645,0.19725
34,11,-0.01679831126206106,-0.00038366678330377743,0.3675
34,12,-0.022072924080566082,-0.0008893309889698596,0.3275
34,13,-0.027817753032351268,-0.0007031566618620034,0.2895
34,14,0.005221875965028882,0.000492107400527064,0.53625
34,15,-0.01897969102983522,-0.00040878736051889374,0.347
34,16,0.03432470417089165,-0.00037003391705374287,0.7715
34,17,0.051453433418477475,-0.0003675537624202614,0.871
34,18,0.04879591985291363,-3.5302025190897296e-05,0.8725
34,19,-0.062124975157227924,0.0006419477505705461,0.0905
34,20,-0.023187606426787334,-0.001468950144191517,0.327
34,21,0.049738930337976994,0.0004016932916100269,0.85125
34,22,-0.06184607113129184,1.3994870645365375e-05,0.095
34,23,0.08754802010343453,0.0002709106993678332,0.969
34,24,0.12921968782263596,-0.00047797169562031726,0.99575
34,25,0.03863094865851238,0.000407478868246741,0.80125
34,26,0.09167931338422979,0.0008948333942016362,0.97625
34,27,-0.06778108880280789,7.823508045735977e-06,0.082
34,28,-0.07570563517845948,0.0006553069441766973,0.0535
34,29,-0.06276261873561323,-0.0005446209116611689,0.099
34,30,0.020134670924450614,0.00048435412626672,0.657
34,31,-0.013985101914995836,0.001492613105443677,0.363
34,32,0.05525227053527394,-0.00012881805609308105,0.883
34,33,0.024658149649731148,-0.0005242782565260945,0.70525
35,0,-0.07286399524290758,0.0011520412793754684,0.05375
35,1,-0.07460143195290661,-0.0004617602767225342,0.0565
35,2,-0.061542241971133026,0.0001620450425581899,0.1055
35,3,-0.05573678886399518,-0.00228538450836766,0.122
35,4,-0.055747139005552955,3.7820328781990715e-05,0.1025
35,5,-0.024843730126618595,0.0009836135490037775,0.2885
35,6,-0.016093056847707655,-7.293854727065373e-05,0.359
35,7,-0.020508742674429235,-0.0002851526054337793,0.32975
35,8,-0.0033557047964477144,-0.0002846364591652847,0.47875
35,9,-0.011922902581880081,5.924103148051208e-05,0.4025
35,10,-0.03312283207670999,0.0002501145913421285,0.23275
35,11,-0.056112652762870335,0.0010882829156683416,0.10225
35,12,-0.06970079240833707,-0.0005494643027488153,0.0575
35,13,0.030292943617960356,-0.000718192270470463,0.7555
35,14,-0.010711935784545112,-0.0005581932983632422,0.417
35,15,0.07312477460719845,-0.0003613684805422917,0.94025
35,16,0.06454366498289943,0.0006525737479825623,0.914
35,17,0.058571465814871,0.0003118288500824392,0.89825
35,18,-0.08309783663089881,0.0009271582060743842,0.028
35,19,-0.008616970701625863,0.0006690173530749856,0.42325
35,20,0.06059031353024279,-0.0008430780149989096,0.916
35,21,0.04079108972891921,0.00013344172372554655,0.8125
35,22,-0.011946036960450882,0.0002854524258850452,0.40325
35,23,-0.02279488642634275,6.878287240688987e-05,0.30425
35,24,0.04094562780133104,5.413250055727901e-05,0.805
35,25,0.03249736543026027,-0.00019246360183496273,0.76525
35,26,-0.054145969339433594,6.364186469278552e-05,0.11925
35,27,0.004804274836890173,0.00027697205351004796,0.52625
35,28,-0.028510666866065303,0.0004483640533748279,0.271
35,29,-0.0586118463773714,-0.00032823078463287375,0.104
35,30,0.00350437743620779,-0.0001327294706490949,0.5295
35,31,-0.02026944624624917,-0.001498793639660993,0.34225
35,32,0.06961714217714704,-0.0011087033445322842,0.94875
35,33,0.05541694831842025,4.251020932515951e-05,0.89875
35,34,0.23026592887043604,-0.0010031780383531698,1.0
36,0,-0.04132262499916628,0.0004232955432238347,0.18325
36,1,-0.010965097026758611,0.0012686606817728244,0.386
36,2,-0.052172821949477435,-0.0006336005031143864,0.13875
36,3,0.018162938534679884,0.0010609426447226325,0.6435
36,4,-0.07013259529875593,-2.8322316850526618e-05,0.06875
36,5,-0.06774194202222004,-8.246511297848317e-05,0.07975
36,6,-0.028149791055404202,0.000246335751116093,0.257
36,7,0.016529551629101205,-0.00011346247225756151,0.634
36,8,-0.024367352718350017,0.0012604810107512163,0.29225
36,9,-0.0950240460981064,0.0010608875268093767,0.02175
36,10,0.0553873563952823,0.0007752857916834157,0.8675
36,11,0.06261959221329108,-0.00038345194488860934,0.9065
36,12,-0.010999501793015568,-0.000560886544619518,0.42125
36,13,-0.09656740452672047,-0.00020917840882297783,0.02375
36,14,-0.0016264218235710782,0.0003668964374052988,0.486
36,15,-0.03291311596736264,0.00015663256376935789,0.23575
36,16,0.052901331180310734,-0.0007267340692481548,0.8735
36,17,0.06974530635563908,-0.00044083697297418956,0.937
36,18,0.12874863008732412,-0.0013386079314573866,0.998
36,19,0.010563057784649551,0.0010430825806958994,0.58675
36,20,-0.03190145308036044,-0.0002819548568947131,0.24975
36,21,0.003182964960496076,-0.0007798646178559888,0.5395
36,22,0.01906531089382757,0.0006892993583236639,0.653
36,23,0.008405298038879202,0.00020150155708198035,0.571
36,24,0.019332830689407235,0.0005611688820330549,0.65925
36,25,0.01594491238165113,-0.0007756883466783352,0.6485
36,26,0.08931031192918251,0.0005207326438819908,0.97675
36,27,0.03190826808576326,7.466090227700687e-05,0.75325
36,28,-0.04016079186471846,-0.00034597535278882966,0.1925
36,29,-0.10423943752246823,0.0008270203151775873,0.011
36,30,-0.05423124685953996,-0.0006474649961156867,0.13525
36,31,0.03424458554158892,0.00018317075027104752,0.7685
36,32,-0.013882517806648172,0.0004352553152489079,0.39475
36,33,-0.08639070635197005,0.0005432911705483619,0.033
36,34,0.0982537156631088,0.0011068042107117702,0.98275
36,35,0.11358651284348828,-0.00040089201025948946,0.99525
37,0,0.006201701050822518,0.00044628003343373106,0.55
37,1,-0.011693654682473818,0.00013360573395161462,0.39825
37,2,-0.022880477438825497,-0.001987227031594862,0.35275
37,3,0.03514816323360383,-0.00030159523587762693,0.7455
37,4,-0.08123605811519079,0.000773945304866581,0.06225
37,5,-0.006105967822916777,-0.00017402050079845063,0.4575
37,6,-0.06681738909228817,-0.0007884843537829361,0.08875
37,7,0.008473068071394575,-2.982675039617292e-05,0.5795
37,8,-0.01664904781469432,-0.000512344890486107,0.37825
37,9,-0.01813485537362488,-0.000221907251729285,0.37125
37,10,-0.09724922072922679,-0.0007071075698206098,0.04475
37,11,-0.006298833269523353,5.445033319542153e-05,0.45275
37,12,-0.09887986727095686,-0.0007188686504571091,0.03175
37,13,0.04958124290661913,-0.001288838895203353,0.82625
37,14,0.034393495000168764,-3.3231221411904626e-05,0.742
37,15,0.0006490352275152898,-0.0003717867855716775,0.50825
37,16,-0.024106081872560574,0.0010849492807097707,0.30375
37,17,-0.0005727456236974638,0.00031169557286301946,0.49225
37,18,-0.02322808414804699,0.0004920879871284808,0.31575
37,19,-0.05074366390431301,2.2204552091815088e-05,0.1735
37,20,-0.04994852449999907,-0.0006102960120794548,0.16275
37,21,0.07495072517146868,-0.00011598270591385431,0.925
37,22,-0.0245246708449388,0.0006211681661575573,0.316
37,23,0.03327809074718202,0.001808199620460711,0.7325
37,24,0.025305995303762305,0.00010859837921261989,0.68375
37,25,-0.061381388731245046,-0.0012420488301297858,0.1085
37,26,0.006377330022837686,-0.00014033775138137176,0.556
37,27,0.02999868359285799,0.0010350951188632918,0.7155
37,28,0.008104549173607149,-0.0004086793070258473,0.55675
37,29,-0.06442207107033383,0.00024227290486149227,0.16625
37,30,0.08408133876933188,-0.000591549509340233,0.90225
37,31,-0.017015225873304972,-0.00039762934048896063,0.389
37,32,0.08555682379886043,-0.00023041452373309576,0.9385
37,33,0.028925183013879068,-9.13175439779295e-05,0.71325
37,34,-0.004318344617536604,-0.0008560034669843371,0.4695
37,35,0.011397944115002927,-9.070735878011351e-05,0.59375
37,36,0.006522626972862045,-4.908920735727765e-05,0.558
38,0,-0.015743381448281867,0.0014724859590996976,0.37875
38,1,0.04836005721387423,0.00015712071062907082,0.81925
38,2,-0.014707018898337258,-0.00017525372163321168,0.408
38,3,0.020365758090623253,-0.0003835791158491241,0.63875
38,4,0.046366113093814006,0.000600257955887168,0.7895
38,5,-0.08436805498064241,0.00027897608232342624,0.06975
38,6,-0.023538795048746272,0.00038822717809951636,0.327
38,7,0.022938502677287243,-0.001203192595907442,0.682
38,8,-0.009812058323414145,-0.0006105961929900927,0.44025
38,9,-0.034908900062053945,-1.4359351995130547e-05,0.27675
38,10,0.013245948485372252,-0.0007344741754819624,0.5995
38,11,-0.0012873902312070934,-0.0003284667799919484,0.49325
38,12,0.007171003089628603,-0.0006518639628156292,0.56025
38,13,-0.03623438379716007,-0.0008093742066706625,0.25325
38,14,-0.01877622044870199,0.000567748289642673,0.36225
38,15,-0.0338563312872653,-0.00047270327734640934,0.266
38,16,0.03514733545309589,-0.0001731279355019554,0.758
38,17,0.02436607499476419,0.0005232757226315527,0.67875
38,18,0.0263933302904661,-0.0008117585605864047,0.704
38,19,0.035815862810480215,-0.0002021950404277161,0.73275
38,20,-0.02690643045552238,-0.00032975490149556193,0.31475
38,21,-0.04846273440501523,0.0002767334813802333,0.18425
38,22,-0.01103248334405494,-0.0005249937296628384,0.42475
38,23,-0.005465095573230551,-0.0013074935691562788,0.46675
38,24,0.11845663299187507,-0.0016611341726683764,0.98
38,25,0.03186111115265006,-0.0005975849982507215,0.72575
38,26,-0.023254809110710567,-0.0008934070289781049,0.3485
38,27,0.002801590782175226,-0.0007206579211504812,0.52375
38,28,-0.07084256817046644,0.0009863435094259784,0.08375
38,29,-0.006536889274792755,2.449189134395196e-05,0.466
38,30,0.019270156150820714,0.0005232225382456321,0.6325
38,31,-0.047991925771895226,4.317413295757809e-06,0.1665
38,32,0.02459725364994374,0.00034834287590576786,0.66675
38,33,0.008610832035253526,-0.00020744025950666378,0.5645
38,34,0.012736570726623455,0.0007146017451655025,0.59275
38,35,-0.022963029916543767,0.00017845283866568573,0.335
38,36,0.008300257039195867,7.896208607167466e-05,0.56075
38,37,0.1817360491819225,-0.000526437657912658,0.98825
