k1,k2,stat,lb,ub,pval
0,0,0.003497,0.003279,0.003782,0.41325
1,0,0.029699,0.009782,0.02978,0.9705
2,0,-0.003148,0.009168,0.028622,0.00025
2,1,0.002644,0.010287,0.02971,0.00025
3,0,0.005125,2e-06,0.01622,0.23275
3,1,0.001439,0.000522,0.015297,0.0485
3,2,0.002801,0.000566,0.016151,0.083
4,0,-0.000591,-0.002016,0.005947,0.1015
4,1,-0.00141,-0.002198,0.005144,0.05
4,2,-0.000429,-0.002174,0.005964,0.11575
4,3,0.001696,-0.002916,0.006229,0.5465
5,0,-0.00849,0.006899,0.027339,0.0
5,1,-0.005363,0.007588,0.028473,0.00025
5,2,0.021567,0.007136,0.027164,0.80675
5,3,-0.004159,-0.000921,0.015403,0.001
5,4,0.000488,-0.002602,0.00618,0.26025
6,0,-0.002655,0.003409,0.019236,0.0005
6,1,0.002199,0.002497,0.016804,0.017
6,2,0.012195,0.003088,0.018908,0.588
6,3,-0.0033,-0.001434,0.014185,0.00975
6,4,-0.000457,-0.002565,0.006134,0.14325
6,5,0.018505,0.001494,0.017801,0.976
7,0,0.000429,-0.001161,0.005591,0.14575
7,1,-0.000695,-0.001534,0.004402,0.06525
7,2,0.001563,-0.001312,0.005148,0.37325
7,3,-0.001121,-0.002606,0.006798,0.08225
7,4,0.002937,-0.002069,0.004257,0.88875
7,5,0.001911,-0.001853,0.005714,0.45675
7,6,0.005507,-0.001025,0.007394,0.872
8,0,-0.00383,0.000591,0.019268,0.003
8,1,-0.015767,0.003601,0.024572,0.0
8,2,0.005025,0.000318,0.018179,0.15575
8,3,-0.002629,-0.00295,0.011245,0.037
8,4,0.00227,-0.002698,0.004784,0.75575
8,5,0.014491,0.000319,0.020318,0.79375
8,6,0.00633,-0.002323,0.011429,0.68725
8,7,0.000585,-0.002328,0.003726,0.435
9,0,-0.008237,-0.00272,0.016742,0.00225
9,1,-0.009762,-0.001274,0.018067,0.0
9,2,0.007238,-0.002256,0.016127,0.504
9,3,-0.000752,-0.004883,0.012464,0.17325
9,4,0.003732,-0.004023,0.005877,0.8455
9,5,0.009768,-0.002417,0.017844,0.702
9,6,0.002037,-0.003898,0.013123,0.25375
9,7,-0.000802,-0.003209,0.006152,0.1805
9,8,0.056903,-0.004126,0.016694,1.0
10,0,-0.000352,0.00133,0.021444,0.01325
10,1,-0.013681,0.002375,0.022432,0.0
10,2,-0.002105,0.001978,0.021013,0.003
10,3,-0.008393,-0.003248,0.013956,0.00125
10,4,-0.001599,-0.003567,0.006108,0.1005
10,5,0.003565,0.000709,0.021041,0.0725
10,6,0.013242,-0.0,0.017027,0.88075
10,7,-0.00163,-0.002231,0.006649,0.0525
10,8,0.050343,-0.0016,0.018448,1.0
10,9,0.023135,-0.004402,0.016007,0.9995
11,0,-0.001552,-0.001683,0.00619,0.023
11,1,-0.000827,-0.001397,0.005236,0.0515
11,2,-0.003406,-0.001041,0.006477,0.00025
11,3,-0.000738,-0.002411,0.007547,0.1045
11,4,0.002453,-0.002191,0.004606,0.79675
11,5,-0.00242,-0.00226,0.006271,0.01875
11,6,-0.004078,-0.001721,0.007885,0.0025
11,7,-0.002315,-0.00205,0.00516,0.01025
11,8,-0.000661,-0.002461,0.004368,0.1765
11,9,-0.002023,-0.00431,0.006334,0.10525
11,10,-0.000554,-0.002787,0.007139,0.16775
12,0,-0.002733,-0.001546,0.005261,0.0045
12,1,-0.000474,-0.001559,0.004283,0.107
12,2,-0.002636,-0.001569,0.004953,0.004
12,3,-0.002297,-0.00256,0.00602,0.02875
12,4,0.003022,-0.002118,0.004067,0.909
12,5,-0.002824,-0.002058,0.00541,0.01
12,6,0.000972,-0.001939,0.006159,0.2875
12,7,-0.000586,-0.001989,0.004421,0.14525
12,8,0.000505,-0.002512,0.003556,0.41425
12,9,-0.001285,-0.00328,0.005752,0.15725
12,10,-1.4e-05,-0.002644,0.006067,0.233
12,11,0.008936,-0.002057,0.004996,0.99975
13,0,-0.002367,-0.001462,0.0035,0.00375
13,1,-0.002073,-0.001376,0.002695,0.00725
13,2,-0.001296,-0.00143,0.00327,0.0275
13,3,-0.00238,-0.002258,0.004428,0.02275
13,4,0.000822,-0.00179,0.003233,0.58425
13,5,3.7e-05,-0.001668,0.003693,0.20525
13,6,9.8e-05,-0.001636,0.004311,0.1915
13,7,-0.00101,-0.001573,0.003634,0.066
13,8,0.000973,-0.001712,0.002644,0.65275
13,9,0.001143,-0.002402,0.004259,0.58075
13,10,0.002463,-0.002207,0.00416,0.79775
13,11,0.005616,-0.001757,0.003723,0.99875
13,12,0.007658,-0.001751,0.003219,1.0
14,0,0.000439,0.001231,0.02331,0.016
14,1,-0.003774,0.002552,0.024965,0.001
14,2,0.013975,0.001844,0.023483,0.60475
14,3,-0.007624,-0.003662,0.015645,0.0015
14,4,0.001106,-0.003926,0.006809,0.4405
14,5,0.052202,-0.00057,0.022524,1.0
14,6,0.004638,-0.001719,0.017394,0.24825
14,7,0.002386,-0.003157,0.006903,0.528
14,8,-0.005161,-0.003679,0.018325,0.01075
14,9,-0.007238,-0.007006,0.01658,0.02275
14,10,-0.001654,-0.004106,0.019423,0.05275
14,11,-0.002878,-0.002768,0.00851,0.0275
14,12,-0.008481,-0.003273,0.006412,0.0
14,13,-0.004053,-0.002584,0.004437,0.003
15,0,-0.000217,-0.001859,0.004102,0.151
15,1,0.000549,-0.001476,0.00357,0.363
15,2,0.001047,-0.001568,0.004107,0.43
15,3,-0.001393,-0.002801,0.005545,0.0985
15,4,-1.6e-05,-0.002044,0.004004,0.33625
15,5,0.001418,-0.002131,0.004564,0.55025
15,6,0.001971,-0.002093,0.005757,0.5595
15,7,0.005171,-0.002263,0.004324,0.98575
15,8,-0.001456,-0.002312,0.003088,0.08675
15,9,-0.001768,-0.003511,0.005181,0.10675
15,10,0.000979,-0.002783,0.005323,0.44875
15,11,-0.002882,-0.002337,0.004642,0.00475
15,12,-0.00227,-0.001925,0.004443,0.0145
15,13,-0.002069,-0.001755,0.003288,0.00775
15,14,0.004437,-0.002561,0.005244,0.9385
16,0,-0.0008,-0.002158,0.004018,0.115
16,1,-0.000772,-0.001992,0.003372,0.1205
16,2,-0.003221,-0.002012,0.003831,0.0045
16,3,-0.000718,-0.002512,0.005312,0.18325
16,4,-5.6e-05,-0.002126,0.003427,0.38675
16,5,-0.001603,-0.00238,0.004197,0.072
16,6,-0.003066,-0.002715,0.004524,0.016
16,7,-0.002832,-0.002474,0.003339,0.00975
16,8,0.000295,-0.002437,0.003154,0.43075
16,9,0.001031,-0.003484,0.004995,0.60375
16,10,0.002145,-0.003219,0.004667,0.77725
16,11,0.009376,-0.002178,0.004082,1.0
16,12,0.003479,-0.001958,0.003775,0.95475
16,13,0.004489,-0.001766,0.003011,0.996
16,14,-0.001711,-0.002815,0.004781,0.07925
16,15,-0.000865,-0.002048,0.003402,0.147
17,0,-0.000915,-0.001743,0.003092,0.09325
17,1,-0.000364,-0.001579,0.002765,0.1855
17,2,-0.000951,-0.001664,0.002856,0.09275
17,3,-0.001209,-0.002515,0.003548,0.1135
17,4,-0.000478,-0.001972,0.002812,0.246
17,5,-0.000701,-0.002205,0.003013,0.1775
17,6,-4.5e-05,-0.002377,0.00336,0.33675
17,7,-0.001091,-0.00222,0.002727,0.131
17,8,0.0008,-0.002264,0.002259,0.67625
17,9,0.000877,-0.002969,0.003646,0.65075
17,10,0.003063,-0.002975,0.00329,0.965
17,11,0.003914,-0.00163,0.003355,0.9895
17,12,0.004653,-0.001644,0.003052,0.99625
17,13,0.005229,-0.001506,0.002504,0.9995
17,14,-0.000629,-0.002587,0.003568,0.20325
17,15,-0.001133,-0.001698,0.002597,0.063
17,16,0.007361,-0.00139,0.002756,1.0
18,0,-0.005499,-0.002108,0.012253,0.00175
18,1,-0.004703,-0.00177,0.011799,0.0025
18,2,-0.004768,-0.00184,0.011987,0.00225
18,3,-0.000362,-0.004619,0.009693,0.1935
18,4,0.003546,-0.00326,0.005237,0.87575
18,5,-0.000857,-0.002666,0.012041,0.07275
18,6,-0.008043,-0.002457,0.011196,0.00025
18,7,-0.004202,-0.002458,0.005943,0.003
18,8,0.001006,-0.003953,0.009905,0.26125
18,9,-0.000781,-0.00488,0.010954,0.203
18,10,0.00172,-0.003919,0.011922,0.29675
18,11,0.00231,-0.002889,0.006413,0.66175
18,12,0.001746,-0.002983,0.005243,0.6455
18,13,-0.000232,-0.002123,0.004045,0.24775
18,14,-0.010091,-0.005025,0.012562,0.00025
18,15,0.001048,-0.002907,0.004993,0.526
18,16,-0.000923,-0.002978,0.00434,0.22875
18,17,-0.001196,-0.002666,0.003252,0.16525
19,0,-0.000586,-0.002729,0.005967,0.15425
19,1,-0.000988,-0.002563,0.005635,0.10325
19,2,-0.003312,-0.002388,0.0061,0.01225
19,3,-0.001039,-0.003197,0.005745,0.174
19,4,-0.000496,-0.002229,0.003631,0.261
19,5,-0.003622,-0.003164,0.005891,0.01525
19,6,-0.002705,-0.002802,0.005584,0.0265
19,7,-0.00201,-0.002202,0.003711,0.02575
19,8,-0.000268,-0.003301,0.005104,0.27375
19,9,-0.000659,-0.00403,0.006282,0.28225
19,10,0.00134,-0.003822,0.005894,0.5205
19,11,0.002263,-0.002287,0.003968,0.84525
19,12,-0.000398,-0.002231,0.003438,0.26375
19,13,-6.7e-05,-0.001841,0.002571,0.3575
19,14,-0.003136,-0.003802,0.006827,0.0445
19,15,-0.000392,-0.002089,0.003566,0.261
19,16,0.000512,-0.002229,0.003034,0.6095
19,17,0.001116,-0.002049,0.002498,0.80175
19,18,0.025662,-0.003111,0.005284,1.0
20,0,0.000622,-0.000222,0.014537,0.03825
20,1,-0.002511,8.9e-05,0.013497,0.00175
20,2,0.001052,0.000878,0.015256,0.03825
20,3,-0.004804,-0.002848,0.012369,0.0065
20,4,0.000394,-0.002917,0.005859,0.327
20,5,-0.001431,-0.001188,0.014422,0.025
20,6,-0.006891,-0.001345,0.013676,0.00025
20,7,-0.000136,-0.002113,0.006707,0.16875
20,8,-0.003561,-0.003356,0.009902,0.02175
20,9,-0.008711,-0.004622,0.012198,0.00225
20,10,0.001582,-0.003775,0.012909,0.214
20,11,-0.001192,-0.00262,0.00735,0.06
20,12,-0.001992,-0.002786,0.005891,0.0385
20,13,-0.000519,-0.001986,0.004619,0.1805
20,14,0.007092,-0.002896,0.015236,0.60475
20,15,0.000433,-0.002851,0.005435,0.336
20,16,0.000352,-0.002621,0.00502,0.381
20,17,-0.001247,-0.002284,0.003771,0.08475
20,18,-0.007447,-0.00392,0.009563,0.0005
20,19,-0.004169,-0.003357,0.00532,0.00425
21,0,-0.000897,-0.001575,0.007716,0.04225
21,1,0.000116,-0.001523,0.006422,0.12125
21,2,0.001127,-0.001405,0.007426,0.20075
21,3,-0.007466,-0.002827,0.007969,0.0
21,4,-0.002319,-0.002446,0.004528,0.0245
21,5,-0.001566,-0.002101,0.007675,0.04075
21,6,-0.000231,-0.001663,0.008897,0.08075
21,7,-1.6e-05,-0.001768,0.005943,0.147
21,8,-0.003231,-0.002972,0.00508,0.0205
21,9,-0.005515,-0.004229,0.007459,0.01
21,10,-0.001858,-0.003014,0.007933,0.066
21,11,-0.003364,-0.00207,0.006041,0.00425
21,12,-0.00243,-0.002241,0.004801,0.015
21,13,-0.000553,-0.001646,0.003847,0.148
21,14,-0.001643,-0.003451,0.00892,0.072
21,15,8e-06,-0.002027,0.004906,0.2755
21,16,0.000379,-0.002661,0.00377,0.4885
21,17,-3.3e-05,-0.002199,0.003072,0.423
21,18,-0.005297,-0.003504,0.00669,0.0015
21,19,-0.003549,-0.00236,0.004302,0.00225
21,20,0.022717,-0.00297,0.00763,1.0
22,0,-0.000801,-0.001819,0.004747,0.083
22,1,-0.000292,-0.001642,0.004177,0.14375
22,2,0.001143,-0.001795,0.004564,0.395
22,3,-0.002933,-0.002688,0.005638,0.0145
22,4,-0.00126,-0.002192,0.003753,0.0885
22,5,-0.003107,-0.002261,0.004824,0.01425
22,6,-0.002476,-0.002158,0.005528,0.0175
22,7,-0.000253,-0.002082,0.004113,0.2335
22,8,-0.000616,-0.002527,0.003564,0.22
22,9,0.00104,-0.003436,0.005088,0.559
22,10,-0.000317,-0.00333,0.005097,0.2745
22,11,-0.002662,-0.00205,0.004667,0.00375
22,12,-0.001044,-0.002067,0.003863,0.086
22,13,0.00042,-0.001727,0.003055,0.464
22,14,-0.002888,-0.003174,0.006201,0.027
22,15,-0.000511,-0.00206,0.003788,0.209
22,16,0.001201,-0.001817,0.003687,0.6735
22,17,0.001228,-0.001587,0.002998,0.74975
22,18,-0.003321,-0.002943,0.004767,0.0175
22,19,-0.000932,-0.002045,0.003322,0.1465
22,20,0.009716,-0.002118,0.005923,0.9995
22,21,0.014279,-0.002275,0.004603,1.0
23,0,-0.002367,-0.000133,0.013254,0.0045
23,1,-0.00178,-0.00115,0.011185,0.009
23,2,-0.002687,-0.00013,0.01289,0.004
23,3,-0.001985,-0.003418,0.010683,0.04975
23,4,-0.003436,-0.003102,0.005487,0.01275
23,5,0.000677,-0.000931,0.013136,0.0725
23,6,-0.006495,-0.000841,0.01296,0.0
23,7,-0.003195,-0.00206,0.006548,0.005
23,8,-0.000341,-0.002926,0.009048,0.13175
23,9,-0.001564,-0.00455,0.010453,0.1085
23,10,0.004381,-0.002574,0.012442,0.421
23,11,-0.001324,-0.002854,0.006713,0.0925
23,12,-0.000547,-0.002748,0.005415,0.1675
23,13,0.000471,-0.002055,0.004333,0.337
23,14,-0.001067,-0.003954,0.01304,0.09775
23,15,-0.002455,-0.002821,0.005164,0.02975
23,16,-0.000312,-0.00323,0.004182,0.3105
23,17,-0.001001,-0.002688,0.003182,0.17825
23,18,0.000989,-0.003284,0.009507,0.302
23,19,-0.002531,-0.00313,0.005041,0.04475
23,20,0.022938,-0.003064,0.010895,1.0
23,21,0.008126,-0.002351,0.007527,0.98625
23,22,0.002032,-0.003138,0.004823,0.69275
24,0,0.002305,-0.001454,0.005017,0.6885
24,1,-0.000969,-0.001841,0.003905,0.063
24,2,-0.00146,-0.001588,0.004605,0.029
24,3,0.000512,-0.002476,0.005559,0.3335
24,4,-0.001511,-0.002032,0.003758,0.05725
24,5,-0.000889,-0.002214,0.004756,0.0905
24,6,0.001362,-0.001946,0.005499,0.40575
24,7,-0.001372,-0.001634,0.0043,0.038
24,8,1e-05,-0.002201,0.003579,0.32825
24,9,0.00216,-0.00355,0.004964,0.71
24,10,0.001341,-0.002501,0.005518,0.50375
24,11,-0.001635,-0.002104,0.004261,0.03675
24,12,-0.001285,-0.002061,0.003605,0.06075
24,13,8.1e-05,-0.001453,0.003199,0.33275
24,14,-0.002834,-0.002732,0.006232,0.02375
24,15,0.00093,-0.00219,0.003588,0.54975
24,16,-0.000988,-0.00219,0.003358,0.153
24,17,-0.001234,-0.001958,0.002615,0.08625
24,18,-0.001771,-0.002586,0.004849,0.059
24,19,-0.000377,-0.002035,0.00324,0.24625
24,20,0.003499,-0.002308,0.005647,0.84175
24,21,0.002618,-0.001742,0.004761,0.79
24,22,-0.0,-0.001901,0.00363,0.32875
24,23,0.013304,-0.00218,0.005364,1.0
25,0,0.005261,-0.005808,0.010969,0.74725
25,1,0.002779,-0.00613,0.012833,0.46725
25,2,-0.00325,-0.005377,0.010776,0.07925
25,3,-0.004228,-0.005876,0.007817,0.07225
25,4,0.000361,-0.003398,0.003695,0.51075
25,5,0.003618,-0.006521,0.011391,0.5745
25,6,-0.002739,-0.00553,0.007443,0.111
25,7,0.000134,-0.002883,0.003401,0.44775
25,8,-0.002026,-0.007368,0.014429,0.15175
25,9,-0.00053,-0.007884,0.011129,0.33625
25,10,-0.005965,-0.007141,0.01087,0.03925
25,11,-0.000303,-0.003107,0.003546,0.39175
25,12,-0.001273,-0.002894,0.003155,0.16075
25,13,-0.000843,-0.002089,0.002297,0.16775
25,14,-0.001498,-0.008908,0.011177,0.28875
25,15,-0.00057,-0.002363,0.002875,0.25425
25,16,-0.000893,-0.002785,0.002659,0.22425
25,17,-0.001981,-0.002229,0.002153,0.04475
25,18,-0.001597,-0.005958,0.007038,0.22875
25,19,-0.00062,-0.003715,0.004071,0.33975
25,20,0.002477,-0.006039,0.006408,0.6965
25,21,0.002157,-0.004095,0.003912,0.83125
25,22,0.002185,-0.002773,0.002881,0.933
25,23,-0.006992,-0.00472,0.006884,0.0035
25,24,-0.002129,-0.002743,0.002916,0.067
26,0,-0.001589,-0.00768,0.008669,0.29275
26,1,0.011063,-0.007877,0.009598,0.988
26,2,-0.002561,-0.007382,0.008236,0.199
26,3,-0.003355,-0.006149,0.006712,0.1385
26,4,0.000852,-0.003415,0.003724,0.65625
26,5,0.003962,-0.00807,0.009042,0.7735
26,6,-0.00186,-0.006043,0.006443,0.24875
26,7,0.000665,-0.003124,0.002889,0.6525
26,8,0.005027,-0.009764,0.011535,0.73875
26,9,-0.001409,-0.008634,0.009333,0.33625
26,10,0.001866,-0.007561,0.009991,0.61775
26,11,0.000464,-0.003305,0.003364,0.59875
26,12,0.001359,-0.00287,0.003043,0.82225
26,13,-0.000133,-0.002125,0.002129,0.39575
26,14,-0.000825,-0.009412,0.00997,0.41175
26,15,0.000233,-0.00262,0.00255,0.5275
26,16,-0.001175,-0.002679,0.002587,0.181
26,17,0.000267,-0.002139,0.002087,0.58775
26,18,0.002581,-0.006013,0.006499,0.774
26,19,-0.00152,-0.003853,0.003702,0.20825
26,20,-0.002596,-0.005909,0.006053,0.167
26,21,-0.001795,-0.003695,0.003849,0.18025
26,22,0.000141,-0.002671,0.002761,0.5295
26,23,-0.001322,-0.005242,0.005829,0.27775
26,24,-0.001289,-0.002576,0.002832,0.16375
26,25,0.01669,0.03213,0.055365,0.00025
27,0,0.006025,-0.007806,0.012425,0.7535
27,1,0.003479,-0.007345,0.014377,0.51175
27,2,-0.000306,-0.007785,0.01183,0.29575
27,3,0.007991,-0.006597,0.009867,0.946
27,4,0.001344,-0.004498,0.004598,0.69
27,5,-0.002504,-0.008451,0.012677,0.19325
27,6,0.001197,-0.007112,0.008578,0.51475
27,7,0.00017,-0.003757,0.004322,0.477
27,8,-0.005736,-0.009779,0.014768,0.0785
27,9,-0.00883,-0.010096,0.012417,0.03525
27,10,-0.003423,-0.009169,0.012449,0.1815
27,11,-4.2e-05,-0.004228,0.004831,0.41175
27,12,-0.001752,-0.003785,0.004175,0.157
27,13,0.000317,-0.002922,0.003005,0.569
27,14,-0.001531,-0.009889,0.01404,0.27925
27,15,0.000983,-0.003321,0.003898,0.667
27,16,0.000902,-0.003426,0.003734,0.65725
27,17,-0.001224,-0.003016,0.002767,0.1795
27,18,-0.001189,-0.006949,0.008353,0.31625
27,19,-0.000549,-0.004154,0.005601,0.3695
27,20,0.002394,-0.006785,0.008811,0.6425
27,21,0.00129,-0.004865,0.005419,0.6275
27,22,0.004146,-0.003879,0.003851,0.9785
27,23,-0.00691,-0.006634,0.008069,0.02425
27,24,-0.000719,-0.003633,0.00379,0.3055
27,25,0.008103,0.016429,0.040087,0.00075
27,26,0.019417,0.01664,0.03926,0.065
28,0,-0.008471,-0.009858,0.010191,0.04075
28,1,0.005684,-0.010351,0.010753,0.83525
28,2,0.001373,-0.009023,0.009893,0.577
28,3,0.005387,-0.008901,0.008341,0.88975
28,4,0.002283,-0.004071,0.005042,0.8265
28,5,0.000453,-0.010401,0.010925,0.489
28,6,-0.004144,-0.00803,0.008563,0.1415
28,7,0.003031,-0.00438,0.004079,0.917
28,8,-0.00192,-0.011669,0.013137,0.319
28,9,-0.001062,-0.01074,0.011732,0.3835
28,10,-0.009736,-0.010233,0.010886,0.03125
28,11,-0.001651,-0.004984,0.004655,0.251
28,12,-9.3e-05,-0.003915,0.004202,0.468
28,13,0.000344,-0.002902,0.003133,0.547
28,14,-0.010635,-0.011513,0.012435,0.039
28,15,0.0008,-0.003776,0.00387,0.62875
28,16,-0.001889,-0.003769,0.003866,0.1575
28,17,-0.003236,-0.003252,0.002942,0.0315
28,18,-0.002371,-0.008074,0.007805,0.26625
28,19,-0.005715,-0.004877,0.005167,0.01725
28,20,-0.002894,-0.007823,0.007898,0.251
28,21,-0.001612,-0.005032,0.005342,0.257
28,22,0.001692,-0.003885,0.003979,0.8165
28,23,-0.002717,-0.007141,0.00748,0.2095
28,24,-0.000463,-0.003978,0.003635,0.382
28,25,0.004921,0.017198,0.04077,0.00025
28,26,0.018566,0.018779,0.041285,0.02875
28,27,0.038423,0.009282,0.034867,0.993
29,0,-0.003264,-0.00923,0.007887,0.25775
29,1,-0.002028,-0.009399,0.008802,0.37225
29,2,0.004653,-0.008504,0.00817,0.86875
29,3,0.003451,-0.007856,0.007377,0.8305
29,4,0.001383,-0.004899,0.00393,0.7445
29,5,0.000883,-0.009125,0.00917,0.58875
29,6,-0.005418,-0.007265,0.007404,0.07775
29,7,0.002206,-0.004039,0.004315,0.8365
29,8,-0.00435,-0.009288,0.009711,0.18275
29,9,-0.000213,-0.00913,0.010364,0.4785
29,10,-0.003749,-0.009035,0.009343,0.2055
29,11,0.000826,-0.005145,0.004233,0.66975
29,12,0.001499,-0.004296,0.003804,0.789
29,13,0.000145,-0.003068,0.002999,0.5175
29,14,-0.002738,-0.010913,0.010257,0.338
29,15,-0.001065,-0.003579,0.004004,0.28175
29,16,7e-05,-0.003669,0.003781,0.525
29,17,-0.00068,-0.003349,0.002701,0.33325
29,18,-0.002663,-0.007081,0.007332,0.236
29,19,-0.004405,-0.0047,0.004214,0.0295
29,20,-0.003776,-0.00721,0.007182,0.1625
29,21,0.000786,-0.004914,0.005026,0.62
29,22,-0.000324,-0.004147,0.00366,0.47825
29,23,0.001101,-0.006733,0.006908,0.59175
29,24,-0.000487,-0.003515,0.003926,0.39125
29,25,-0.005015,0.010884,0.026945,0.0
29,26,-0.006898,0.01031,0.024108,0.0
29,27,-0.017334,0.009609,0.030364,0.0
29,28,-0.004564,0.010341,0.032038,0.00025
30,0,0.001922,-0.00433,0.006645,0.62175
30,1,0.004186,-0.003941,0.006968,0.87575
30,2,-0.001452,-0.004149,0.006543,0.18225
30,3,0.001481,-0.004674,0.006489,0.647
30,4,0.000944,-0.003094,0.00386,0.66875
30,5,-0.004139,-0.005236,0.006581,0.043
30,6,-0.001182,-0.004685,0.005985,0.2275
30,7,0.000292,-0.002674,0.003858,0.5065
30,8,-0.002799,-0.004699,0.00626,0.10625
30,9,-0.000441,-0.005626,0.006516,0.37125
30,10,0.001456,-0.005038,0.007278,0.57225
30,11,-0.000614,-0.003445,0.004009,0.339
30,12,-0.001094,-0.002816,0.003582,0.2155
30,13,-0.00075,-0.002394,0.002676,0.231
30,14,-0.005585,-0.00669,0.007617,0.0375
30,15,-0.000119,-0.002928,0.003648,0.4185
30,16,0.001132,-0.002904,0.003209,0.74825
30,17,8.7e-05,-0.002489,0.002537,0.51325
30,18,0.000582,-0.00464,0.005575,0.53125
30,19,-0.000941,-0.002952,0.003497,0.25675
30,20,-0.001516,-0.004667,0.006151,0.228
30,21,0.000998,-0.003425,0.004367,0.65425
30,22,0.000368,-0.002941,0.003246,0.572
30,23,0.00103,-0.004596,0.00544,0.5625
30,24,0.000382,-0.002719,0.003184,0.5485
30,25,-0.000411,-3.8e-05,0.006901,0.0175
30,26,-0.003329,-0.000342,0.005801,0.0005
30,27,-0.004644,-0.000379,0.010684,0.00075
30,28,-0.002363,-0.000478,0.011193,0.006
30,29,0.001997,0.002168,0.015177,0.019
31,0,-0.002145,-0.005953,0.00781,0.20275
31,1,0.000533,-0.0062,0.007184,0.4605
31,2,-0.006653,-0.006221,0.007519,0.01525
31,3,-0.002529,-0.005678,0.007423,0.17375
31,4,-0.002438,-0.003613,0.004089,0.08825
31,5,-0.002,-0.006113,0.008314,0.244
31,6,-0.00286,-0.005975,0.006694,0.13825
31,7,-0.001138,-0.003148,0.004273,0.22025
31,8,-0.000115,-0.00653,0.007635,0.40725
31,9,0.000775,-0.007044,0.008074,0.527
31,10,-0.000196,-0.00683,0.00819,0.4025
31,11,0.001062,-0.004011,0.004064,0.68675
31,12,-0.002184,-0.003336,0.003783,0.0965
31,13,0.000213,-0.00244,0.003063,0.528
31,14,0.001559,-0.007559,0.009035,0.5825
31,15,-0.001369,-0.003316,0.00363,0.19275
31,16,0.003323,-0.003407,0.003493,0.96375
31,17,0.001753,-0.002586,0.002829,0.89925
31,18,0.001968,-0.005371,0.006439,0.71225
31,19,0.005724,-0.003705,0.00401,0.99475
31,20,-0.007405,-0.005328,0.006476,0.005
31,21,-0.000577,-0.004114,0.004289,0.353
31,22,-0.00011,-0.003185,0.003645,0.46125
31,23,-0.001312,-0.004934,0.00635,0.27825
31,24,-0.0027,-0.003143,0.003456,0.03975
31,25,-0.008314,0.00279,0.012939,0.0
31,26,-0.005883,0.002286,0.010884,0.0
31,27,-0.003934,0.001323,0.016337,0.0
31,28,-0.00963,0.002468,0.017397,0.0
31,29,0.002529,0.006245,0.022562,0.00175
31,30,0.007357,0.000818,0.012932,0.58
32,0,-0.001099,-0.008938,0.010832,0.3325
32,1,-0.004915,-0.008971,0.011731,0.11725
32,2,0.008187,-0.008069,0.011056,0.93725
32,3,-0.003316,-0.007947,0.009172,0.1945
32,4,0.000619,-0.004612,0.005068,0.5935
32,5,0.010971,-0.0091,0.01096,0.97275
32,6,-0.00488,-0.008187,0.008644,0.10725
32,7,-0.001922,-0.004247,0.004487,0.15975
32,8,0.001678,-0.009842,0.012787,0.5315
32,9,0.006518,-0.009833,0.011372,0.86025
32,10,-0.001626,-0.009185,0.011111,0.30675
32,11,-6.9e-05,-0.00476,0.005061,0.4715
32,12,-0.000132,-0.004037,0.004351,0.453
32,13,0.000909,-0.002997,0.003038,0.70725
32,14,0.006332,-0.010788,0.012308,0.81425
32,15,-0.002226,-0.003854,0.004236,0.12075
32,16,0.000691,-0.004255,0.003779,0.66075
32,17,0.002126,-0.003199,0.003137,0.91575
32,18,0.00112,-0.007899,0.008131,0.57725
32,19,0.002344,-0.004688,0.005393,0.8015
32,20,-0.000849,-0.008238,0.007674,0.39875
32,21,-0.002381,-0.00548,0.005286,0.1605
32,22,-0.00363,-0.003994,0.004212,0.038
32,23,0.003666,-0.006803,0.007859,0.81875
32,24,-0.000249,-0.003735,0.004096,0.41825
32,25,-0.006906,0.012891,0.033388,0.0
32,26,-0.012443,0.01249,0.031233,0.0
32,27,-0.027566,0.010507,0.03484,0.0
32,28,-0.020959,0.008956,0.034336,0.0
32,29,0.023622,0.014387,0.035963,0.39
32,30,0.001896,0.001092,0.013625,0.041
32,31,0.000129,0.004233,0.020756,0.0025
33,0,-0.000994,-0.007398,0.006445,0.45225
33,1,-0.003717,-0.007638,0.006116,0.19525
33,2,-0.003333,-0.007113,0.006274,0.21125
33,3,4.7e-05,-0.006758,0.006137,0.56525
33,4,0.001779,-0.003732,0.003724,0.831
33,5,0.002952,-0.007754,0.006609,0.82275
33,6,0.001763,-0.00661,0.00585,0.73125
33,7,0.000162,-0.003818,0.003463,0.54225
33,8,0.000523,-0.007921,0.0074,0.5665
33,9,0.004164,-0.007923,0.007458,0.85825
33,10,0.000909,-0.007661,0.007484,0.60225
33,11,-0.000643,-0.00451,0.003447,0.4545
33,12,0.000615,-0.003647,0.003144,0.676
33,13,0.000866,-0.002734,0.00272,0.75075
33,14,0.005385,-0.009291,0.007799,0.914
33,15,-0.000396,-0.003407,0.00339,0.42775
33,16,0.0013,-0.003673,0.002935,0.82675
33,17,0.001928,-0.003036,0.002512,0.9405
33,18,-0.001982,-0.005756,0.006156,0.2645
33,19,-0.000863,-0.003973,0.003602,0.35175
33,20,-1e-05,-0.006449,0.005733,0.56625
33,21,-0.001883,-0.004284,0.004284,0.20275
33,22,-0.000145,-0.003413,0.003275,0.54025
33,23,0.000749,-0.00505,0.00605,0.59575
33,24,-0.000107,-0.003354,0.003217,0.4835
33,25,-0.004687,0.003455,0.013818,0.0
33,26,-0.010891,0.002785,0.011915,0.0
33,27,-0.013801,0.002906,0.018649,0.0
33,28,-0.00972,0.003932,0.019496,0.0
33,29,0.004248,0.008641,0.025508,0.002
33,30,0.002108,0.001623,0.013764,0.03775
33,31,0.001018,0.003828,0.018543,0.00225
33,32,0.026986,0.005906,0.023342,0.996
34,0,-0.001941,-0.004315,0.004022,0.18025
34,1,8.5e-05,-0.004091,0.003998,0.52025
34,2,0.000708,-0.004213,0.003853,0.65725
34,3,0.001289,-0.004315,0.004121,0.74325
34,4,0.00158,-0.002523,0.002615,0.884
34,5,0.000182,-0.004343,0.004502,0.5425
34,6,0.000535,-0.003791,0.004291,0.598
34,7,-0.000312,-0.002339,0.002802,0.407
34,8,-0.002852,-0.004375,0.004107,0.09925
34,9,-0.001997,-0.004861,0.004586,0.20625
34,10,0.000423,-0.004437,0.004502,0.5695
34,11,0.001833,-0.002556,0.002939,0.9005
34,12,0.002244,-0.002508,0.002469,0.95525
34,13,0.0014,-0.001996,0.002055,0.9135
34,14,0.000805,-0.005015,0.00548,0.623
34,15,0.001623,-0.002519,0.002395,0.91225
34,16,0.001934,-0.002106,0.002418,0.93225
34,17,0.001173,-0.001649,0.002193,0.85525
34,18,-0.001789,-0.003894,0.003725,0.18375
34,19,-0.000155,-0.002518,0.00254,0.458
34,20,0.0013,-0.004003,0.00392,0.7385
34,21,6.3e-05,-0.003043,0.002795,0.53975
34,22,0.000516,-0.002261,0.002501,0.67375
34,23,-0.001028,-0.003641,0.003891,0.29625
34,24,-1.2e-05,-0.002267,0.002337,0.50325
34,25,-0.000832,-0.000908,0.003865,0.02075
34,26,-0.002234,-0.000832,0.00331,0.00075
34,27,-0.006552,-0.001162,0.006826,0.00025
34,28,-0.005832,-0.001102,0.007113,0.00025
34,29,-0.0033,0.000273,0.009904,0.0
34,30,0.001307,-0.000405,0.008232,0.122
34,31,-0.003001,-0.000131,0.009568,0.0005
34,32,0.003243,-0.000404,0.008906,0.34525
34,33,0.012617,0.000136,0.010285,0.99525
35,0,0.001941,-0.006044,0.006916,0.68125
35,1,0.003425,-0.006228,0.007013,0.8215
35,2,-0.004064,-0.005718,0.007153,0.08375
35,3,-0.000628,-0.006059,0.006547,0.4225
35,4,-0.000651,-0.003483,0.004089,0.35975
35,5,-0.002882,-0.006261,0.007533,0.15775
35,6,-0.001459,-0.005524,0.006605,0.261
35,7,-0.003897,-0.003445,0.003698,0.0115
35,8,-0.003735,-0.006197,0.007638,0.1015
35,9,-0.008212,-0.0075,0.007514,0.01075
35,10,-0.003718,-0.006463,0.007866,0.113
35,11,0.000858,-0.003758,0.004218,0.688
35,12,-0.00174,-0.003469,0.003549,0.15125
35,13,-0.001344,-0.002509,0.003143,0.13475
35,14,-0.002897,-0.008681,0.007681,0.2535
35,15,-0.003262,-0.003393,0.003585,0.0265
35,16,0.00054,-0.003382,0.003474,0.62875
35,17,-0.000314,-0.002661,0.002941,0.4415
35,18,0.007061,-0.005222,0.006353,0.988
35,19,0.009619,-0.003584,0.004073,1.0
35,20,-0.002104,-0.005857,0.005876,0.26075
35,21,-0.000576,-0.00457,0.004427,0.3795
35,22,-0.002429,-0.003821,0.00312,0.08625
35,23,0.000568,-0.004672,0.006314,0.50525
35,24,-0.001253,-0.003172,0.00358,0.20275
35,25,-0.005989,0.000451,0.010591,0.0
35,26,-0.004712,0.000337,0.00923,0.0
35,27,0.005152,5.8e-05,0.013935,0.31
35,28,-0.010911,-2.9e-05,0.014096,0.0
35,29,-0.00725,0.003286,0.018219,0.0
35,30,-0.00356,-0.000558,0.011388,0.00025
35,31,0.0188,0.000312,0.014077,0.99975
35,32,-0.010745,0.0011,0.016719,0.0
35,33,-0.01107,0.001064,0.015439,0.0
35,34,-0.004125,-0.001239,0.008394,0.00025
36,0,0.002268,-0.005485,0.008655,0.5995
36,1,0.002412,-0.005286,0.00852,0.6185
36,2,-0.004423,-0.005662,0.008134,0.0525
36,3,-0.00036,-0.006157,0.007213,0.3915
36,4,-0.002126,-0.003706,0.00432,0.117
36,5,-0.005437,-0.006197,0.008764,0.04525
36,6,-0.004085,-0.005573,0.007235,0.06275
36,7,-0.00479,-0.003309,0.004305,0.00375
36,8,-0.003965,-0.006688,0.007639,0.10275
36,9,-0.008934,-0.007594,0.007933,0.00825
36,10,-0.00358,-0.007386,0.008448,0.13275
36,11,0.002142,-0.003734,0.004555,0.81425
36,12,-0.001369,-0.00337,0.003852,0.1965
36,13,-0.000888,-0.00262,0.003145,0.2385
36,14,0.003104,-0.007185,0.009542,0.6855
36,15,-0.003749,-0.003214,0.004035,0.01025
36,16,0.000227,-0.003213,0.003579,0.52075
36,17,-0.000324,-0.002606,0.003155,0.399
36,18,0.011981,-0.005591,0.006462,0.9995
36,19,0.011679,-0.003703,0.004128,1.0
36,20,-0.001036,-0.005379,0.007248,0.31775
36,21,-0.001937,-0.004293,0.004642,0.1735
36,22,-0.003018,-0.003253,0.003982,0.02975
36,23,-0.001013,-0.005448,0.005975,0.31925
36,24,-0.001652,-0.00316,0.003871,0.12775
36,25,-0.010331,-0.000576,0.010672,0.0
36,26,-0.005688,-0.00027,0.00943,0.0
36,27,0.001725,-0.001305,0.013454,0.1415
36,28,-0.009277,-0.001893,0.013983,0.0
36,29,-0.007183,0.00014,0.01639,0.0
36,30,-0.00838,-0.001311,0.010693,0.0
36,31,0.017842,-0.000886,0.013535,0.9985
36,32,-0.009448,-0.000419,0.015914,0.0
36,33,-0.011769,-0.000462,0.014134,0.0
36,34,-0.005283,-0.001756,0.007932,0.00025
36,35,0.053296,-0.002007,0.010743,1.0
37,0,-0.003053,0.00167,0.020313,0.00225
37,1,0.001163,0.001983,0.02099,0.0175
37,2,-0.005029,0.002117,0.02087,0.0
37,3,0.008734,-0.002842,0.01474,0.788
37,4,-0.000977,-0.003026,0.006544,0.14025
37,5,-0.018106,0.000425,0.019693,0.0
37,6,-0.004337,-0.000551,0.016556,0.0025
37,7,-0.002537,-0.002378,0.006737,0.02125
37,8,-0.00473,-0.002188,0.016414,0.004
37,9,-0.00911,-0.004704,0.01567,0.00275
37,10,-0.014451,-0.001888,0.018232,0.0
37,11,-0.000286,-0.003021,0.006936,0.177
37,12,-0.001347,-0.002908,0.005877,0.09425
37,13,-0.00144,-0.002077,0.0043,0.0575
37,14,-0.013688,-0.003344,0.019378,0.0
37,15,-0.002173,-0.002867,0.005221,0.0435
37,16,-0.001693,-0.002952,0.004805,0.09175
37,17,-0.00122,-0.002933,0.003195,0.13625
37,18,0.004654,-0.004152,0.011339,0.6065
37,19,0.00082,-0.003944,0.005879,0.44775
37,20,-0.009398,-0.002963,0.013318,0.0
37,21,-0.008737,-0.002858,0.008289,0.0
37,22,-0.006658,-0.003022,0.005229,0.0
37,23,0.001936,-0.002418,0.012594,0.22575
37,24,-0.00104,-0.002526,0.005489,0.117
37,25,-0.003338,-0.00626,0.01082,0.111
37,26,-0.000765,-0.00746,0.009309,0.36075
37,27,-0.005944,-0.008793,0.011809,0.0805
37,28,-0.002469,-0.010406,0.010058,0.281
37,29,0.007862,-0.008555,0.009283,0.95175
37,30,-0.002694,-0.005684,0.006327,0.1345
37,31,0.007352,-0.006353,0.007907,0.968
37,32,-0.001423,-0.009144,0.01059,0.351
37,33,-0.004916,-0.007731,0.006483,0.101
37,34,-0.001333,-0.004435,0.004466,0.29025
37,35,0.014219,-0.00611,0.007876,1.0
37,36,0.012959,-0.006524,0.008121,0.9995
38,0,-0.007764,0.001475,0.021892,0.00025
38,1,-0.004876,0.002827,0.0234,0.0
38,2,-0.003041,0.002279,0.02272,0.0015
38,3,0.004558,-0.003299,0.014289,0.41725
38,4,0.00042,-0.00329,0.006603,0.32375
38,5,-0.016577,0.000886,0.022505,0.0
38,6,-0.015045,-0.001034,0.016528,0.0
38,7,-0.000408,-0.002476,0.006394,0.15125
38,8,-0.003465,-0.001535,0.020135,0.01075
38,9,-0.007951,-0.005818,0.016518,0.0085
38,10,-0.012312,-0.00216,0.019281,0.0
38,11,-0.004938,-0.003161,0.006562,0.002
38,12,-0.001729,-0.002961,0.005753,0.075
38,13,-0.000932,-0.002396,0.003978,0.122
38,14,-0.003428,-0.004776,0.019933,0.03325
38,15,-0.003199,-0.002937,0.005023,0.019
38,16,0.001204,-0.003292,0.00443,0.6085
38,17,0.00197,-0.002718,0.003553,0.84925
38,18,-0.001038,-0.004152,0.012349,0.12825
38,19,-7.1e-05,-0.004153,0.006211,0.30675
38,20,0.000199,-0.003441,0.013375,0.133
38,21,0.000212,-0.003106,0.007969,0.2335
38,22,0.000839,-0.003262,0.005213,0.4515
38,23,-0.006141,-0.003261,0.012335,0.004
38,24,-0.001038,-0.002763,0.005203,0.13375
38,25,-0.004161,-0.007399,0.012453,0.09725
38,26,0.002201,-0.009318,0.009506,0.62775
38,27,-0.001014,-0.010501,0.012812,0.306
38,28,-0.002507,-0.010864,0.012162,0.311
38,29,-0.00405,-0.009714,0.010283,0.217
38,30,-0.003734,-0.005994,0.006949,0.0865
38,31,0.011839,-0.007239,0.008073,0.9965
38,32,-0.011301,-0.009999,0.012136,0.0165
38,33,-0.00822,-0.007966,0.007701,0.027
38,34,-0.000602,-0.004527,0.004831,0.39725
38,35,0.00851,-0.00655,0.008833,0.9765
38,36,0.006114,-0.00696,0.009126,0.89875
38,37,0.033319,-0.002568,0.018306,1.0
39,0,0.001709,0.004833,0.025322,0.00525
39,1,0.018277,0.008517,0.030425,0.426
39,2,-0.004354,0.005718,0.026255,0.0
39,3,0.004301,-0.002053,0.014068,0.3285
39,4,-0.000997,-0.002691,0.005751,0.12425
39,5,-0.000308,0.004134,0.025756,0.002
39,6,0.004982,0.000422,0.01591,0.22775
39,7,-0.001163,-0.002124,0.005003,0.07425
39,8,-0.013979,0.002796,0.027115,0.0
39,9,-0.014697,-0.002676,0.018635,0.0
39,10,-0.009782,0.001042,0.021592,0.0
39,11,-0.000626,-0.002485,0.005434,0.12775
39,12,0.000853,-0.002176,0.004642,0.39875
39,13,-0.000616,-0.001669,0.003185,0.12125
39,14,-0.002288,-0.00076,0.022949,0.016
39,15,-7e-06,-0.001993,0.00417,0.263
39,16,-0.002047,-0.002803,0.003694,0.0565
39,17,-0.000968,-0.002353,0.002821,0.14725
39,18,0.006373,-0.002795,0.012452,0.693
39,19,0.002384,-0.00333,0.006031,0.65925
39,20,-0.009085,-0.00252,0.01269,0.0
39,21,-0.006735,-0.00278,0.006343,0.00075
39,22,-0.004419,-0.002665,0.00438,0.00275
39,23,-0.010368,-0.001939,0.011398,0.0
39,24,-0.004636,-0.002346,0.004414,0.00225
39,25,-0.001121,-0.006908,0.013642,0.19625
39,26,0.003502,-0.009161,0.01077,0.70225
39,27,0.001037,-0.008556,0.01503,0.36625
39,28,0.004986,-0.01164,0.011875,0.7645
39,29,-0.000671,-0.009752,0.00975,0.45825
39,30,0.001609,-0.004728,0.007349,0.5885
39,31,-0.005069,-0.006537,0.008352,0.06525
39,32,0.000586,-0.010468,0.01288,0.4625
39,33,0.008584,-0.008077,0.007175,0.98925
39,34,0.000997,-0.004326,0.004815,0.65975
39,35,0.001902,-0.005934,0.007975,0.61625
39,36,0.004268,-0.006072,0.008675,0.784
39,37,0.009826,0.000391,0.020697,0.47925
39,38,0.007501,0.001161,0.023915,0.22725
40,0,-0.005736,0.00422,0.023577,0.00025
40,1,0.002485,0.004301,0.023236,0.009
40,2,-0.004153,0.004365,0.023432,0.0
40,3,0.004175,-0.002047,0.014768,0.29325
40,4,-0.00107,-0.002688,0.006569,0.10925
40,5,-0.017343,0.002557,0.022241,0.0
40,6,-0.003991,0.000978,0.01765,0.00075
40,7,0.000396,-0.001922,0.006582,0.19275
40,8,-0.011811,-0.000909,0.017709,0.0
40,9,-0.008231,-0.004139,0.015525,0.003
40,10,-0.000495,-0.000964,0.019054,0.02975
40,11,0.001383,-0.00241,0.007316,0.327
40,12,0.000544,-0.00222,0.005925,0.28025
40,13,-0.001173,-0.001983,0.003995,0.069
40,14,-0.017488,-0.001711,0.020702,0.0
40,15,0.000637,-0.002427,0.005109,0.349
40,16,0.000776,-0.002772,0.004475,0.461
40,17,-0.00061,-0.002303,0.003383,0.213
40,18,-0.005236,-0.003166,0.012055,0.00575
40,19,-0.001542,-0.002942,0.006137,0.11175
40,20,-0.007853,-0.002021,0.01415,0.0
40,21,-0.003337,-0.002476,0.008202,0.00975
40,22,0.000605,-0.002658,0.005329,0.3415
40,23,-0.009483,-0.001991,0.013084,0.0
40,24,-0.00071,-0.002346,0.005535,0.1205
40,25,0.000968,-0.006423,0.010249,0.41225
40,26,-0.001373,-0.008137,0.008251,0.329
40,27,-0.00073,-0.008778,0.01211,0.3185
40,28,0.00667,-0.010147,0.009865,0.89675
40,29,0.000554,-0.009129,0.008953,0.55775
40,30,-0.001094,-0.00507,0.006546,0.255
40,31,0.000248,-0.006267,0.008209,0.46225
40,32,-0.007062,-0.008531,0.011071,0.05675
40,33,-0.005559,-0.00722,0.007617,0.08025
40,34,0.00022,-0.003982,0.004662,0.53675
40,35,0.003198,-0.006593,0.007215,0.7875
40,36,0.003394,-0.006541,0.008102,0.74175
40,37,0.022523,-0.002154,0.017796,0.997
40,38,0.026486,-0.001088,0.019558,0.99975
40,39,0.026204,0.001951,0.021655,0.99775
41,0,0.001647,-0.003342,0.003311,0.853
41,1,-0.000545,-0.003411,0.003541,0.39225
41,2,0.001724,-0.003349,0.003047,0.877
41,3,-0.000253,-0.003207,0.003059,0.4575
41,4,0.000445,-0.001781,0.001991,0.7035
41,5,-0.00242,-0.003765,0.003193,0.1065
41,6,0.000533,-0.003184,0.002736,0.6935
41,7,-0.000191,-0.002,0.001747,0.47175
41,8,0.002527,-0.003894,0.003713,0.91825
41,9,-0.002419,-0.003753,0.003735,0.1075
41,10,0.000334,-0.003893,0.003342,0.60575
41,11,0.000346,-0.001793,0.002133,0.661
41,12,0.000574,-0.00162,0.001845,0.76125
41,13,0.000933,-0.001283,0.00155,0.89575
41,14,0.000663,-0.004176,0.003901,0.65075
41,15,-0.000867,-0.001678,0.001777,0.144
41,16,-0.00066,-0.001285,0.001863,0.18825
41,17,-0.000464,-0.000987,0.001673,0.18975
41,18,-0.001524,-0.003169,0.002674,0.1625
41,19,-0.001041,-0.00173,0.001851,0.12825
41,20,0.001279,-0.002862,0.002926,0.81825
41,21,0.000402,-0.001975,0.002172,0.68075
41,22,0.00014,-0.001571,0.00193,0.5895
41,23,-0.001014,-0.002803,0.002726,0.27025
41,24,0.000302,-0.001634,0.001759,0.67525
41,25,0.001677,-0.003162,0.00349,0.82925
41,26,-7.9e-05,-0.002995,0.003492,0.44575
41,27,3.9e-05,-0.003825,0.003956,0.484
41,28,0.000188,-0.004108,0.003863,0.53325
41,29,0.003204,-0.003261,0.003538,0.9635
41,30,0.000361,-0.002318,0.002187,0.66275
41,31,-0.000314,-0.002892,0.002634,0.4315
41,32,0.002309,-0.003645,0.003872,0.892
41,33,0.001168,-0.002874,0.002738,0.805
41,34,0.000978,-0.001725,0.001782,0.869
41,35,-0.001048,-0.002785,0.00257,0.244
41,36,-0.000498,-0.002868,0.002785,0.37725
41,37,-0.002627,-0.003648,0.003553,0.08275
41,38,-0.002628,-0.00396,0.003735,0.10625
41,39,-0.002275,-0.003962,0.00365,0.13425
41,40,0.000113,-0.003285,0.003755,0.5545
42,0,0.001461,-0.00477,0.004696,0.73225
42,1,-0.001722,-0.004697,0.004609,0.21625
42,2,0.003448,-0.004639,0.004298,0.9365
42,3,0.004261,-0.003956,0.004954,0.95825
42,4,0.001091,-0.002728,0.002798,0.791
42,5,-0.000544,-0.004738,0.005017,0.43625
42,6,0.002302,-0.004392,0.004196,0.86825
42,7,-0.000495,-0.00263,0.002647,0.38875
42,8,-0.002837,-0.004784,0.005153,0.13575
42,9,-0.003154,-0.005431,0.005027,0.134
42,10,0.002405,-0.005652,0.004591,0.855
42,11,0.000617,-0.0025,0.00321,0.6345
42,12,0.003138,-0.002327,0.002637,0.98425
42,13,0.001155,-0.001986,0.002183,0.863
42,14,-0.002522,-0.0055,0.005696,0.175
42,15,-0.000329,-0.002211,0.002647,0.4095
42,16,-1e-06,-0.002137,0.002611,0.46875
42,17,0.000277,-0.001484,0.002378,0.5805
42,18,-0.001453,-0.004205,0.003949,0.2635
42,19,-0.000716,-0.002522,0.002773,0.33125
42,20,-0.000855,-0.003672,0.004447,0.31275
42,21,-0.000231,-0.003263,0.003018,0.45525
42,22,0.000681,-0.002337,0.002642,0.665
42,23,-0.003602,-0.004333,0.003598,0.04775
42,24,-0.000992,-0.002284,0.002507,0.2355
42,25,-0.00073,-0.004026,0.004665,0.356
42,26,-0.002798,-0.004106,0.004194,0.08225
42,27,0.000873,-0.005213,0.005468,0.598
42,28,-0.00268,-0.005058,0.005589,0.16825
42,29,0.003868,-0.004514,0.005036,0.94825
42,30,-0.001061,-0.003267,0.003248,0.2895
42,31,-0.000743,-0.003606,0.004005,0.374
42,32,0.00469,-0.005357,0.005241,0.9565
42,33,0.00095,-0.004189,0.003692,0.72825
42,34,0.001947,-0.002535,0.002452,0.935
42,35,-0.002393,-0.003833,0.003533,0.125
42,36,-3.3e-05,-0.004131,0.003769,0.5065
42,37,-0.00095,-0.004978,0.004821,0.37325
42,38,-0.00144,-0.005295,0.005419,0.303
42,39,0.001928,-0.00509,0.005195,0.79775
42,40,0.002516,-0.004854,0.005141,0.8415
42,41,0.008573,-0.001162,0.005953,0.99825
43,0,-0.001975,-0.003504,0.004333,0.11
43,1,-0.001123,-0.003125,0.004046,0.18975
43,2,-0.000542,-0.003228,0.004418,0.28875
43,3,7e-05,-0.003737,0.004316,0.45575
43,4,-0.00113,-0.002531,0.002794,0.1685
43,5,0.004735,-0.003418,0.004739,0.979
43,6,0.000249,-0.003579,0.00439,0.44875
43,7,9.5e-05,-0.002425,0.002877,0.4535
43,8,0.00068,-0.00337,0.004004,0.5795
43,9,0.000147,-0.004114,0.004704,0.47925
43,10,0.002948,-0.003739,0.004997,0.8755
43,11,0.000962,-0.002616,0.002928,0.71025
43,12,-0.00078,-0.002374,0.002659,0.23875
43,13,-0.000478,-0.001971,0.002225,0.2655
43,14,0.000545,-0.004471,0.005209,0.546
43,15,-0.000775,-0.002235,0.002696,0.21625
43,16,0.001487,-0.00214,0.002731,0.85025
43,17,0.00181,-0.001744,0.002386,0.92625
43,18,0.000879,-0.003562,0.003917,0.634
43,19,0.001461,-0.002468,0.002949,0.862
43,20,0.000226,-0.003662,0.004182,0.4715
43,21,0.000465,-0.002717,0.003145,0.58275
43,22,0.00087,-0.002311,0.002544,0.737
43,23,-0.001032,-0.003038,0.004361,0.228
43,24,-0.000754,-0.002244,0.002546,0.25075
43,25,-0.000341,-0.003233,0.003617,0.355
43,26,-0.000309,-0.00312,0.003358,0.43075
43,27,-0.002028,-0.004106,0.00454,0.1825
43,28,-0.001153,-0.004546,0.003997,0.31725
43,29,-0.000718,-0.003946,0.003751,0.4175
43,30,0.001648,-0.002993,0.002996,0.87925
43,31,0.001775,-0.003519,0.003219,0.8715
43,32,0.000156,-0.004503,0.004071,0.58325
43,33,-0.000376,-0.003622,0.003231,0.47425
43,34,0.001127,-0.002467,0.002146,0.8525
43,35,0.000607,-0.003352,0.003347,0.65425
43,36,-0.000255,-0.003512,0.003498,0.463
43,37,0.000391,-0.0039,0.004903,0.496
43,38,-0.00068,-0.003909,0.005055,0.325
43,39,-3.5e-05,-0.003595,0.004724,0.4045
43,40,-0.000564,-0.003676,0.00466,0.31725
43,41,-0.000714,-0.001073,0.005092,0.04775
43,42,0.005376,-0.000352,0.008186,0.772
44,0,0.002183,-0.003111,0.003836,0.8625
44,1,0.000289,-0.002869,0.003554,0.4605
44,2,0.001776,-0.002688,0.003992,0.8025
44,3,-0.000531,-0.003231,0.003885,0.356
44,4,0.001171,-0.001973,0.002566,0.82675
44,5,0.002181,-0.003315,0.003911,0.82425
44,6,0.002013,-0.002849,0.003795,0.81975
44,7,0.00103,-0.002,0.002492,0.74425
44,8,0.000253,-0.003162,0.003472,0.4835
44,9,0.000245,-0.003847,0.004051,0.52575
44,10,0.00356,-0.003401,0.004301,0.93825
44,11,-0.000102,-0.00237,0.002513,0.461
44,12,-0.000293,-0.0022,0.002336,0.38875
44,13,-0.000385,-0.001715,0.001915,0.29675
44,14,0.002163,-0.004089,0.004423,0.8225
44,15,0.000649,-0.002028,0.002381,0.70375
44,16,-0.000464,-0.002218,0.00204,0.35325
44,17,-0.000316,-0.001887,0.00186,0.40225
44,18,-0.000787,-0.002933,0.003708,0.26975
44,19,-0.00024,-0.002001,0.002557,0.39175
44,20,-0.000701,-0.003383,0.003614,0.3355
44,21,0.000416,-0.002307,0.00293,0.55975
44,22,-0.000365,-0.002142,0.0022,0.3825
44,23,-0.002099,-0.002821,0.003578,0.0565
44,24,-0.000586,-0.001949,0.002185,0.24125
44,25,9.4e-05,-0.002787,0.00331,0.43
44,26,0.001629,-0.002718,0.003234,0.83825
44,27,-0.002511,-0.00373,0.003632,0.09025
44,28,-0.000329,-0.003829,0.003747,0.40675
44,29,-0.001989,-0.003523,0.003411,0.14825
44,30,0.001117,-0.002633,0.002443,0.81375
44,31,-0.000645,-0.003004,0.002757,0.36375
44,32,-0.000734,-0.003853,0.003786,0.35775
44,33,-0.001469,-0.003186,0.002762,0.176
44,34,0.000232,-0.002207,0.001917,0.65125
44,35,-0.000873,-0.002816,0.003023,0.287
44,36,-0.001735,-0.003081,0.003172,0.1375
44,37,-0.002399,-0.003239,0.004148,0.0745
44,38,-0.002038,-0.003348,0.004484,0.114
44,39,0.000682,-0.003171,0.004015,0.55575
44,40,0.000322,-0.003438,0.003962,0.49025
44,41,0.002158,-0.001018,0.00522,0.62975
44,42,0.002416,-0.000736,0.00731,0.3715
44,43,0.004896,0.000401,0.008191,0.67525
45,0,-0.002031,-0.001193,0.009124,0.01125
45,1,0.000889,-0.001333,0.007637,0.14025
45,2,-0.003546,-0.000853,0.008859,0.00175
45,3,-0.000474,-0.002849,0.009041,0.119
45,4,-0.002115,-0.002555,0.005013,0.039
45,5,-0.004999,-0.00148,0.009207,0.00075
45,6,-0.003326,-0.00129,0.010683,0.00375
45,7,-0.001743,-0.001494,0.006434,0.01975
45,8,-0.00337,-0.002725,0.006213,0.01675
45,9,-0.002957,-0.004124,0.008294,0.0475
45,10,-0.000791,-0.002141,0.009899,0.071
45,11,-0.001525,-0.002449,0.006274,0.063
45,12,0.001251,-0.002209,0.005224,0.478
45,13,0.000145,-0.001875,0.003783,0.277
45,14,-0.009712,-0.003222,0.010047,0.0
45,15,-0.000852,-0.002358,0.004984,0.12175
45,16,0.001032,-0.002467,0.004281,0.611
45,17,0.000883,-0.00235,0.003133,0.70425
45,18,0.00407,-0.003105,0.007508,0.7665
45,19,-0.000284,-0.002491,0.00455,0.25875
45,20,-0.010051,-0.002822,0.008613,0.0
45,21,-0.006684,-0.002025,0.006829,0.0
45,22,-0.002983,-0.002568,0.004482,0.01025
45,23,-0.005183,-0.001808,0.009041,0.0005
45,24,-0.001366,-0.00192,0.004803,0.0545
45,25,-0.001412,-0.003863,0.00503,0.178
45,26,0.001554,-0.00435,0.004227,0.75275
45,27,-0.006204,-0.005344,0.006177,0.015
45,28,0.000598,-0.005313,0.005975,0.54625
45,29,0.001091,-0.005167,0.005537,0.63175
45,30,0.001931,-0.003997,0.004407,0.76025
45,31,0.000222,-0.004347,0.004955,0.4755
45,32,0.001108,-0.005402,0.006026,0.6335
45,33,0.003792,-0.004531,0.004577,0.953
45,34,0.002527,-0.003122,0.003019,0.943
45,35,0.003382,-0.004404,0.004942,0.89825
45,36,0.001752,-0.004432,0.005288,0.71675
45,37,0.006912,-0.002634,0.009388,0.85725
45,38,0.002376,-0.002719,0.009307,0.41775
45,39,-0.000332,-0.00242,0.007844,0.101
45,40,0.003625,-0.002122,0.009792,0.47225
45,41,-0.001104,-0.002431,0.002115,0.18225
45,42,-0.000106,-0.003168,0.003264,0.5295
45,43,0.002998,-0.002821,0.003604,0.94275
45,44,-0.000144,-0.002291,0.003224,0.371
46,0,-0.001185,-0.001731,0.006426,0.0395
46,1,-0.002448,-0.001822,0.005071,0.01025
46,2,0.001617,-0.001583,0.005953,0.37975
46,3,0.000472,-0.002547,0.00717,0.246
46,4,0.000245,-0.00237,0.004353,0.3775
46,5,-0.001375,-0.002743,0.005782,0.07075
46,6,-0.000615,-0.002416,0.007116,0.11675
46,7,-3.1e-05,-0.00228,0.005061,0.24525
46,8,-0.00215,-0.002915,0.00427,0.068
46,9,-0.002321,-0.00398,0.006279,0.0925
46,10,0.001644,-0.003345,0.00671,0.53925
46,11,-0.001737,-0.002169,0.005724,0.0325
46,12,-0.002587,-0.002131,0.004503,0.008
46,13,-0.000651,-0.001907,0.003387,0.16625
46,14,-0.002097,-0.003199,0.007964,0.05225
46,15,0.0005,-0.002333,0.004261,0.428
46,16,-0.001881,-0.002057,0.004022,0.027
46,17,-0.000497,-0.001692,0.003288,0.20675
46,18,0.003541,-0.003445,0.005703,0.841
46,19,0.000893,-0.002385,0.003723,0.59425
46,20,-0.005727,-0.002677,0.006941,0.0005
46,21,-0.00283,-0.002347,0.005501,0.01125
46,22,-0.000829,-0.001989,0.004352,0.114
46,23,-0.007297,-0.003097,0.006195,0.00025
46,24,-0.001888,-0.002167,0.00415,0.026
46,25,0.000965,-0.003587,0.003509,0.708
46,26,0.001194,-0.003477,0.003409,0.75375
46,27,-0.001294,-0.004106,0.005447,0.23675
46,28,-0.001324,-0.004813,0.004645,0.313
46,29,-0.002824,-0.004982,0.004253,0.13975
46,30,0.00132,-0.003716,0.003732,0.74425
46,31,-0.001103,-0.003937,0.004211,0.27875
46,32,0.002006,-0.004748,0.004971,0.77825
46,33,0.002707,-0.004222,0.003567,0.93
46,34,0.003014,-0.002714,0.002893,0.97525
46,35,-0.000326,-0.004246,0.003611,0.48725
46,36,-0.00063,-0.00363,0.004672,0.3475
46,37,-0.000207,-0.003332,0.006853,0.24475
46,38,-0.002896,-0.003287,0.006564,0.041
46,39,0.000846,-0.002784,0.005484,0.39275
46,40,-0.001632,-0.002699,0.006811,0.059
46,41,0.000112,-0.001833,0.00213,0.56775
46,42,0.000221,-0.002713,0.003063,0.5205
46,43,-0.000225,-0.0028,0.002974,0.42325
46,44,-0.000402,-0.002472,0.002389,0.39925
46,45,0.012364,-0.002827,0.005589,1.0
47,0,-0.011649,0.000667,0.02197,0.0
47,1,-0.006917,0.002559,0.024538,0.00025
47,2,-0.011816,0.00098,0.021399,0.0
47,3,0.005904,-0.004174,0.013936,0.5745
47,4,0.002156,-0.003782,0.005972,0.63125
47,5,-0.020121,-0.000122,0.022467,0.0
47,6,-0.012414,-0.001586,0.015688,0.00025
47,7,-0.00165,-0.002543,0.006536,0.0765
47,8,-0.0071,-0.001067,0.022213,0.00225
47,9,0.004953,-0.0056,0.016953,0.4615
47,10,-0.009846,-0.002625,0.01976,0.0005
47,11,-0.00074,-0.00345,0.006567,0.17325
47,12,0.001444,-0.003012,0.005519,0.5385
47,13,-0.001454,-0.00267,0.003942,0.0815
47,14,-0.008899,-0.003396,0.021071,0.002
47,15,-0.005771,-0.002943,0.005111,0.0015
47,16,-0.000327,-0.003344,0.004509,0.31075
47,17,-0.000585,-0.002807,0.003435,0.27525
47,18,0.002495,-0.004714,0.011846,0.4
47,19,-0.002387,-0.003637,0.006584,0.0815
47,20,0.000921,-0.004125,0.012699,0.19425
47,21,-0.008166,-0.003654,0.007475,0.0
47,22,-0.005496,-0.00332,0.00523,0.00275
47,23,-0.001094,-0.003532,0.012189,0.08625
47,24,-0.001488,-0.002965,0.005283,0.09225
47,25,-0.001776,-0.007977,0.013159,0.22675
47,26,-0.003982,-0.009275,0.010561,0.18325
47,27,-0.014678,-0.010118,0.0137,0.00425
47,28,-0.005739,-0.012527,0.011528,0.16
47,29,0.003685,-0.010402,0.010008,0.77725
47,30,0.001312,-0.0059,0.006816,0.56225
47,31,0.000383,-0.007226,0.008791,0.48525
47,32,-0.003868,-0.010431,0.012721,0.194
47,33,0.003548,-0.008326,0.008075,0.81325
47,34,0.000361,-0.005124,0.004656,0.5595
47,35,0.004773,-0.007474,0.008141,0.85675
47,36,0.005125,-0.007461,0.008721,0.8435
47,37,0.0229,-0.003236,0.017613,0.99825
47,38,0.018083,-0.002372,0.020589,0.935
47,39,-0.007657,-0.000404,0.023677,0.00125
47,40,0.00337,-0.002249,0.018915,0.17775
47,41,0.000141,-0.003828,0.003929,0.553
47,42,-0.001462,-0.005511,0.005505,0.3225
47,43,0.000645,-0.004082,0.005131,0.5395
47,44,-0.002703,-0.003699,0.004308,0.068
47,45,0.007799,-0.003202,0.009157,0.94175
47,46,0.007036,-0.003834,0.006141,0.98725
48,0,-0.016698,0.000858,0.022099,0.0
48,1,-0.011705,0.003117,0.026118,0.0
48,2,-0.003254,0.001208,0.02175,0.00225
48,3,0.006566,-0.003448,0.014999,0.6025
48,4,-0.001822,-0.003176,0.00649,0.0905
48,5,-0.017218,0.000822,0.023265,0.0
48,6,-0.018394,-0.001743,0.015407,0.0
48,7,0.002473,-0.002811,0.005743,0.65425
48,8,-0.003942,-0.001052,0.023047,0.00675
48,9,0.000664,-0.005326,0.017499,0.18925
48,10,0.003187,-0.002512,0.019568,0.16825
48,11,-0.001102,-0.003274,0.006485,0.12075
48,12,0.00017,-0.002792,0.005532,0.29825
48,13,-0.001854,-0.002211,0.003914,0.04375
48,14,-0.016713,-0.003465,0.021316,0.0
48,15,-0.001315,-0.00332,0.004704,0.1195
48,16,0.000638,-0.002835,0.004904,0.49025
48,17,-0.001301,-0.002687,0.003231,0.122
48,18,0.000592,-0.004289,0.011957,0.22575
48,19,-0.003995,-0.003768,0.006418,0.018
48,20,0.001346,-0.003784,0.012965,0.20525
48,21,-0.001719,-0.002979,0.007481,0.07225
48,22,-0.000454,-0.003016,0.005117,0.21825
48,23,0.001922,-0.003618,0.01185,0.28725
48,24,-0.003747,-0.00287,0.00501,0.008
48,25,-0.003068,-0.008521,0.012108,0.15875
48,26,-0.001927,-0.009264,0.010942,0.3075
48,27,-0.006806,-0.00941,0.014962,0.0725
48,28,0.003933,-0.011246,0.013105,0.72075
48,29,0.003192,-0.010805,0.009389,0.761
48,30,0.001459,-0.005676,0.007128,0.5925
48,31,0.002448,-0.007284,0.008462,0.6845
48,32,0.004779,-0.009968,0.013546,0.7215
48,33,-0.000494,-0.008245,0.007739,0.476
48,34,-0.003719,-0.004647,0.00483,0.05725
48,35,-0.002284,-0.007609,0.007817,0.2575
48,36,-0.002596,-0.006846,0.009368,0.19275
48,37,0.012805,-0.003206,0.01825,0.82025
48,38,0.017974,-0.003029,0.020634,0.92025
48,39,-0.017774,0.001048,0.025346,0.0
48,40,0.001832,-0.001621,0.019887,0.084
48,41,0.000857,-0.004051,0.004038,0.67625
48,42,-0.000726,-0.005156,0.005452,0.38925
48,43,0.001273,-0.004087,0.005097,0.6665
48,44,3.1e-05,-0.003545,0.004121,0.44375
48,45,0.007772,-0.003037,0.008832,0.95025
48,46,0.005216,-0.003359,0.006199,0.92675
48,47,0.050757,-0.002647,0.022157,1.0
49,0,-0.009438,-0.001057,0.019677,0.00025
49,1,-0.011413,0.001053,0.022372,0.00025
49,2,-0.003282,-0.00121,0.019589,0.00975
49,3,-0.004246,-0.004247,0.013722,0.02725
49,4,0.000438,-0.003789,0.006242,0.38225
49,5,-0.011638,-0.002491,0.019409,0.0
49,6,-0.017215,-0.002739,0.014351,0.0
49,7,-0.000177,-0.003069,0.006072,0.217
49,8,-0.01989,-0.003093,0.019795,0.0
49,9,-0.007451,-0.006413,0.016053,0.01575
49,10,-0.018792,-0.003939,0.018502,0.0
49,11,0.001091,-0.003514,0.006873,0.426
49,12,0.000938,-0.003318,0.005656,0.4465
49,13,0.001021,-0.002833,0.00387,0.57525
49,14,0.004482,-0.004601,0.020348,0.3235
49,15,-0.002249,-0.002783,0.00537,0.06475
49,16,0.00036,-0.003439,0.004693,0.45675
49,17,-0.001355,-0.002871,0.003664,0.14425
49,18,0.006701,-0.005128,0.011677,0.80825
49,19,0.00281,-0.003821,0.006478,0.73
49,20,-0.010355,-0.004778,0.01198,0.00025
49,21,-0.006974,-0.003972,0.007391,0.0005
49,22,-0.00499,-0.002788,0.005671,0.00425
49,23,-0.002221,-0.003584,0.012509,0.0685
49,24,-0.001545,-0.002877,0.005413,0.11
49,25,0.000732,-0.008649,0.011916,0.42575
49,26,0.003335,-0.008922,0.010321,0.73075
49,27,0.004778,-0.010593,0.013419,0.67925
49,28,0.010423,-0.010696,0.013324,0.9535
49,29,-0.000694,-0.010445,0.010096,0.476
49,30,-0.003389,-0.006119,0.006814,0.1175
49,31,0.002077,-0.007385,0.008394,0.64775
49,32,-0.004799,-0.009842,0.012589,0.15075
49,33,-0.003492,-0.00842,0.008106,0.2105
49,34,-0.002722,-0.004597,0.005255,0.13025
49,35,0.002038,-0.00751,0.008117,0.6855
49,36,0.008543,-0.007729,0.009135,0.95875
49,37,0.009961,-0.004163,0.017126,0.74225
49,38,0.013115,-0.003837,0.020099,0.829
49,39,0.009114,-0.00243,0.021762,0.43525
49,40,0.006818,-0.003042,0.017979,0.45375
49,41,-0.004376,-0.00403,0.003882,0.01425
49,42,-0.008334,-0.005434,0.005378,0.00125
49,43,-0.004051,-0.00446,0.004764,0.03075
49,44,-0.001964,-0.00345,0.004668,0.136
49,45,-0.000981,-0.003517,0.009056,0.13275
49,46,-0.000678,-0.003749,0.006875,0.2095
49,47,0.024791,-0.004392,0.019417,0.996
49,48,0.020462,-0.003722,0.020224,0.976
50,0,0.006066,-0.005075,0.00698,0.94625
50,1,0.00473,-0.004983,0.007059,0.878
50,2,-0.00049,-0.005185,0.006633,0.32875
50,3,0.004826,-0.005535,0.006107,0.92925
50,4,-9.8e-05,-0.002877,0.003935,0.4395
50,5,0.000521,-0.005693,0.007601,0.45025
50,6,-0.001212,-0.005005,0.006348,0.2585
50,7,-0.00074,-0.002798,0.003737,0.26
50,8,-0.000806,-0.005741,0.007194,0.3085
50,9,-0.005137,-0.00645,0.007403,0.0545
50,10,5.1e-05,-0.005529,0.007942,0.39975
50,11,0.001444,-0.003122,0.00405,0.74175
50,12,0.000928,-0.002982,0.003334,0.68175
50,13,0.000302,-0.002349,0.00263,0.55675
50,14,-0.005503,-0.006968,0.008081,0.05375
50,15,0.001036,-0.002782,0.00321,0.712
50,16,0.001165,-0.002882,0.003084,0.78475
50,17,0.000901,-0.002309,0.0025,0.78325
50,18,-0.000969,-0.00495,0.005564,0.31925
50,19,0.00029,-0.003365,0.003786,0.55975
50,20,0.000338,-0.00486,0.006252,0.47925
50,21,-0.002073,-0.003383,0.004315,0.1055
50,22,-0.001857,-0.002925,0.003192,0.0975
50,23,-0.000869,-0.004411,0.005633,0.29475
50,24,-0.000616,-0.002972,0.00291,0.31325
50,25,0.000413,-0.004512,0.006578,0.42825
50,26,-0.000166,-0.004662,0.006083,0.38675
50,27,0.00182,-0.006002,0.007778,0.653
50,28,-0.000315,-0.00673,0.007219,0.438
50,29,0.00169,-0.006048,0.006011,0.72675
50,30,0.003638,-0.004177,0.004202,0.969
50,31,-0.000754,-0.005088,0.004773,0.42075
50,32,-0.002635,-0.006574,0.006643,0.22175
50,33,-0.002307,-0.005454,0.004614,0.216
50,34,0.001046,-0.003444,0.002974,0.7925
50,35,0.001414,-0.004929,0.00456,0.743
50,36,0.001782,-0.005279,0.005068,0.77525
50,37,0.001072,-0.006003,0.006978,0.52575
50,38,-0.002651,-0.006201,0.007354,0.1635
50,39,0.007165,-0.005867,0.0078,0.95925
50,40,0.000313,-0.005492,0.007402,0.44375
50,41,-0.00224,-0.000324,0.007569,0.0005
50,42,-0.004656,0.002334,0.012963,0.0
50,43,-0.002715,0.002802,0.012816,0.0
50,44,0.000665,0.001731,0.010144,0.00525
50,45,0.00114,-0.003649,0.004626,0.61275
50,46,-0.000829,-0.003395,0.003743,0.298
50,47,-0.003796,-0.005955,0.008198,0.097
50,48,-0.006207,-0.006256,0.00789,0.02375
50,49,-0.000173,-0.00601,0.008206,0.39275
51,0,0.002927,-0.004409,0.009205,0.53725
51,1,-0.00185,-0.003713,0.009047,0.069
51,2,-0.001723,-0.003958,0.00881,0.0995
51,3,-0.004189,-0.006023,0.00731,0.05725
51,4,0.000373,-0.003445,0.004567,0.47125
51,5,-0.00628,-0.004214,0.009964,0.005
51,6,-0.002649,-0.004079,0.008741,0.06875
51,7,-0.000539,-0.002698,0.005035,0.22975
51,8,-0.000534,-0.0048,0.008428,0.24825
51,9,-0.001386,-0.006147,0.008884,0.22575
51,10,-0.002607,-0.004818,0.009903,0.0895
51,11,-0.000392,-0.003937,0.00441,0.348
51,12,0.001355,-0.00342,0.003933,0.69675
51,13,0.001084,-0.002268,0.003236,0.665
51,14,0.000777,-0.006473,0.009807,0.4315
51,15,0.000574,-0.003339,0.004,0.507
51,16,6e-05,-0.003538,0.003298,0.5045
51,17,0.000678,-0.002904,0.002638,0.735
51,18,-0.000839,-0.004962,0.006939,0.25475
51,19,0.000644,-0.003658,0.004383,0.5465
51,20,-0.003734,-0.005122,0.007477,0.07725
51,21,-0.002388,-0.003671,0.005408,0.0755
51,22,-0.001126,-0.003392,0.00353,0.242
51,23,-0.002,-0.004249,0.007262,0.103
51,24,0.001016,-0.002719,0.003987,0.61225
51,25,0.000902,-0.004622,0.007398,0.43975
51,26,0.001175,-0.004937,0.006403,0.55975
51,27,-0.000173,-0.006646,0.007941,0.4325
51,28,0.005418,-0.006745,0.007968,0.90375
51,29,-0.001668,-0.006424,0.006908,0.31175
51,30,-0.001347,-0.005025,0.004117,0.34175
51,31,-0.002051,-0.006133,0.004979,0.25275
51,32,-0.001914,-0.007611,0.007274,0.298
51,33,0.000522,-0.005972,0.004819,0.6415
51,34,3.6e-05,-0.00376,0.003245,0.60475
51,35,3.5e-05,-0.005205,0.005364,0.50975
51,36,-0.001677,-0.005687,0.005455,0.2965
51,37,0.006135,-0.004961,0.009458,0.8575
51,38,-0.001487,-0.005492,0.010035,0.18375
51,39,-0.001077,-0.004529,0.009562,0.15
51,40,0.005364,-0.004873,0.00954,0.80975
51,41,-0.000964,-0.00022,0.007309,0.00925
51,42,-0.000163,0.001325,0.011913,0.005
51,43,-0.004165,0.003107,0.012345,0.0
51,44,-0.003674,0.001794,0.00998,0.0
51,45,0.004259,-0.003593,0.005892,0.88775
51,46,0.002675,-0.004233,0.004092,0.8875
51,47,-0.003739,-0.00553,0.009594,0.063
51,48,0.001436,-0.005455,0.009722,0.459
51,49,-0.001349,-0.005703,0.009646,0.226
51,50,0.008241,0.014171,0.029429,0.00025
